ztf_id,label,redshift,total_span,n_detections,g_peak,g_duration,g_nobs,g_wmean,g_rise,g_time_to_peak,g_fall,g_stability,g_skew,g_kurt,g_asymmetry,r_peak,r_duration,r_nobs,r_wmean,r_rise,r_time_to_peak,r_fall,r_stability,r_skew,r_kurt,r_asymmetry,peak_color,duration_ratio,abs_mag_g
ZTF21acipofv,SN Ia,0.05814,28.994259300176054,13,18.606228,19.991342599969357,6,19.046172833333333,4.34977986913777,8.932974599767476,-19.834756436434628,0.22785759999999938,0.38612686513401073,-1.031141586995912,0.807802254329427,18.698524,28.994259300176054,7,18.879727142857146,0.49894429771309456,12.999849600251764,-9.97844534522694,0.13965666666666662,1.6620316864361222,1.3220716002531487,0.8127745783774252,-0.09229599999999749,0.689493130105516,-18.376263210699072
ZTF19acdgwhq,SN Ia,0.02859,55.896145899780095,24,18.238953,19.825555599760264,10,18.687926,24.293936304284454,3.9074189998209476,-18.979400500121645,0.18158222222222284,0.4771919462905279,-0.9056236492118921,0.2454696236138496,17.756826,55.896145899780095,14,18.522506,31.838882474852927,21.935983799863607,-16.379691918495265,0.293742615384615,0.9983638181869137,0.6489754756719304,0.6459328355184014,0.4821269999999984,0.35468555623328335,-17.202233850316976
ZTF18aaqkoyr,SN II,0.02389,37.998217599932104,12,19.069496,13.033992999698967,5,19.345778199999998,0.356334635750789,2.9798147999681532,-11.120410747056896,0.1758847499999998,0.39887950395266636,-1.0993563834070648,0.2963757694336404,17.9677,37.998217599932104,7,18.118048,0.0,0.0,-3.8046264034750568,0.07074600000000035,-0.5165671432770989,0.27008842346822615,0.0,1.1017960000000002,0.3430159050334576,-15.981700822276423
ZTF18aarmnnd,SN Ia,0.051,33.89817120041698,15,18.326862,31.88177080033347,11,19.077379727272728,31.85595919872277,8.004652700386941,-15.685362257948487,0.26164290000000034,0.36935327157138015,-1.3833715350536286,0.3352436699806275,18.10861,27.895104099996388,4,18.428429750000003,16.076469695551843,7.979479099623859,-15.53923051005025,0.3747893333333347,0.8375933530668451,-0.8848973364753134,0.4006642573092534,0.21825199999999967,1.142916358585577,-18.371104954016715
ZTF18aasdted,SN Ia,0.01815,160.80192130012438,66,15.8406,160.80192130012438,33,18.524605515151517,0.0,0.0,-28.076707065638,0.16612231249999948,-1.149621127097587,0.27123864886608784,0.0,15.7486,111.74721069959924,33,17.97104875757576,0.0,0.0,-43.750756773849595,0.12872174999999986,-0.3951747346332445,-1.2867734489984566,0.0,0.09200000000000053,1.4389792845245584,-18.61389922038768
ZTF18aaumeys,SN Ia-91T,0.03754,80.87539349962026,26,16.7206,36.94249999988824,10,17.9572544,0.0,0.0,-50.336345980018706,0.2866427777777775,0.14074036260733705,-1.617836714146044,0.0,16.6323,80.80987269990146,16,17.976319375000003,0.0,0.0,-25.92066141332434,0.20885919999999986,0.4700769453026023,-0.5477184743206345,0.0,0.08830000000000027,0.45715330027903,-19.311987414953666
ZTF18aaunfqq,SN Ia,0.07109,26.9751388002187,15,18.3554,14.995567100122571,5,18.9299292,0.0,0.0,-20.039433886209977,0.2933900000000005,0.03791743384801188,-1.298788064231654,0.0,18.359,26.88437500037253,10,18.9706834,0.0,0.0,-11.967454573734106,0.18121122222222238,0.023556271695257473,-0.9380620679612681,0.0,-0.003600000000002268,0.5577800153403151,-19.063758644668216
ZTF18aasxvsg,SN II,0.0248,39.03093749983236,19,18.925821,10.051134299952537,6,19.593128499999995,91.94742337930506,0.004756900016218424,-18.384699173914996,0.2596034000000003,-0.14452089478362726,-1.7710264248516734,0.000473494059286343,18.228,39.03093749983236,13,19.319814384615388,0.0,0.0,-10.753555727807845,0.1785493333333331,-0.5640538979129616,-1.171502114909599,0.0,0.6978209999999976,0.2575171119063104,-16.20655347765811
ZTF18aaqcqvr,SN Ia,0.07,25.04474540008232,10,19.15338,10.038032400421798,3,19.816942,0.0,0.0,-9.340927037464255,1.075436999999999,0.1409501628131418,-1.500000000000001,0.0,18.6107,25.04474540008232,7,19.261325142857146,0.0,0.0,-8.90438760626009,0.17523233333333307,-0.7194327654468693,-0.30517278159379213,0.0,0.5426799999999972,0.4008039307274732,-18.232226273598314
ZTF18aavrzxp,SN Ia,0.07,25.041550899855793,12,18.40066,15.967071800027043,5,19.026196,0.0,0.0,-21.039877525341108,0.3990075000000006,0.7721408250030326,-0.649897626267701,0.0,18.536259,25.041550899855793,7,18.936060142857144,10.894723316678151,3.0870948997326195,-9.686614612164194,0.1619741666666664,0.23335544075083486,-1.5693786014452416,0.14061359114137467,-0.1355990000000027,0.6376231194258417,-18.984946273598315
ZTF18aavqdyq,SN II,0.026,115.73804400023073,32,19.748337,109.74920139973983,12,20.356304166666664,0.9399737561734615,54.80515050003305,-1.5963097220157203,0.20342636363636368,0.46496247555374537,-0.7441059602381772,0.9974719665296017,18.751883,115.73804400023073,20,19.165757399999997,2.5339811283660545,70.88255790015683,-4.079261915180547,0.14010473684210467,0.17809863890406824,-1.2141459358595668,1.5802427765918257,0.996454,0.9482551942861678,-15.486645813381124
ZTF18aavrwhu,SN Ia,0.062,53.04510410036892,20,17.74695,33.98565969988704,8,18.581421749999997,14.989687716030828,4.010462999809533,-23.437459847128046,0.3435988571428581,0.6506833371881047,-1.208875761982127,0.13379271668963438,17.942173,53.04510410036892,12,18.49896825,6.606368879104093,7.070347200147808,-10.932775861206382,0.14612963636363638,0.500818729396653,-0.6111917306165977,0.15378759295003044,-0.19522300000000214,0.6406936186906395,-19.3751245210183
ZTF18aawjywv,SN Ia,0.04,26.995370300021023,14,17.701609,15.08517359988764,5,18.1070078,20.982142095359194,3.0914352000690997,-42.53143359038782,0.2805947499999988,0.5685878123795854,-1.1758205497176801,0.2577540960969994,17.7051,26.917708300054073,9,18.232090444444445,0.0,0.0,-20.84146997365807,0.15364824999999982,0.23497067235939614,-0.5402851026110191,0.0,-0.003491000000000355,0.5604181987460402,-18.46880703016684
ZTF18aaxcntm,SN Ia,0.02679,101.94767360016704,32,16.961105,101.94767360016704,14,18.91652807142857,64.06750217145819,14.982951400335878,-17.935878228386137,0.32434400000000024,-0.36488463876966604,-1.4434953647335231,0.17228769346157893,16.848843,95.78184020007029,18,18.408205111111112,129.6439619975717,8.920983700081706,-20.035584499134917,0.26290864705882366,0.0025387726457831053,-1.182525705072697,0.10270430271526138,0.1122620000000012,1.0643737203964496,-18.338874641568072
ZTF18aawyjjq,SN II,0.04,108.82571760006249,51,18.67445,34.90674770018086,14,19.11762628571429,20.66114941654841,3.0631597000174224,-8.073317192096027,0.1536652307692306,1.364382717765356,1.2805334692850137,0.0961939245037871,18.74385,105.83298610011116,37,19.277245999999995,4.111728011893229,11.999930600170046,-2.393482575621264,0.0951177222222219,0.3112522701357877,-1.271585410521355,0.12788596232142924,-0.06939999999999813,0.3298286194737181,-17.49596603016684
ZTF18aaxdrjn,SN Ia,0.0339,43.02238419977948,34,16.928713,31.00430559972301,13,17.83070930769231,88.25509190478932,6.996724599972367,-62.88226416983698,0.2586800000000003,0.6650206995387489,-1.019112452485241,0.2914381336480772,17.034039,43.02238419977948,21,17.742447238095238,111.45605445363148,10.000960600096732,-38.247491253113125,0.18416760000000015,0.43784068462898373,-0.3089311331056148,0.30286279360144897,-0.10532600000000159,0.7206552164973211,-18.882401564542445
ZTF18aaxiuyp,SN Ic,0.0303,44.85111110005528,15,18.902029,17.960706000216305,5,19.249636599999995,6.6750653289165,6.085046300198883,-12.03805121079503,0.24263525000000108,0.44262075674897317,-1.0120149169580268,0.5123964860823652,18.53066,44.85111110005528,10,19.1189029,20.252151843287166,11.855659699998796,-9.309705054240158,0.3072632222222222,0.831941587831198,-0.615120522947227,0.3593119414022777,0.37136899999999784,0.4004517515775472,-16.66530021603856
ZTF18aaxsioa,SN Ia,0.03,95.94071759982035,41,16.848797,95.94071759982035,18,18.862622499999997,139.18674416673585,11.999548600055277,-20.78385287034996,0.3726002941176469,-0.4079774377046063,-1.426538642259761,0.14295188812641937,16.853004,92.85092590004206,23,18.450779956521735,110.08242644980257,14.97741900011897,-22.17338194522642,0.27137640909090927,-0.07290353109570608,-1.4415321920648987,0.19233009525777198,-0.004206999999997407,1.0332769077941621,-18.69692534712534
ZTF18aayjvve,SN Ia,0.04727,76.90377310011536,24,17.695168,69.89902770007029,9,18.983108333333334,63.88917277987721,11.957129599992186,-13.303001892432455,0.6808065000000001,0.4212668619990604,-1.5191572752105702,0.20636413359016395,17.590485,73.90653929999098,15,18.77516486666667,49.55838208171238,15.012708299793303,-13.767328091636235,0.3288164285714283,-0.04941493646665979,-1.5671193929407174,0.25491138961129756,0.10468299999999786,0.9457759538211638,-18.837876085041596
ZTF18aayjyub,SN Ia,0.03,71.92434029979631,32,17.20425,27.000740699935704,9,17.837720999999995,110.60420373358106,8.995972199831158,-30.171446266771724,0.29778587499999976,0.7927870885161054,-0.7284443840082173,0.4996438693326672,17.262241,71.90369219984859,23,18.011315521739128,65.93727016686472,14.994965299963951,-18.58774635951841,0.17980172727272728,0.5129062210254601,-0.9437202354598795,0.26349149096839747,-0.057991000000001236,0.3755125762511617,-18.341472347125343
ZTF18aaxvpsw,SN Ia,0.0916,29.95613420009613,17,18.65021,29.95613420009613,8,19.143236624999997,13.718365288284291,11.961886500008404,-12.550702688885528,0.2629374285714278,0.3045766150434226,-1.4034020306936474,0.6647616893675464,18.672396,29.91173609998077,9,18.966547555555554,13.09361101850081,14.977083299774677,-10.283953419488574,0.2164122500000003,0.9354129509078734,-0.43524534694915307,1.002841077066619,-0.02218599999999782,1.0014843036849135,-19.31938344186628
ZTF18aamzgzi,SN Ia,0.0179,28.974884199909866,11,15.260246,28.974884199909866,7,15.823576,293.61267970941714,3.9561458001844585,-252.47279879407256,0.3226425,0.8570762107760838,-1.0803382965349453,0.15812730989776363,15.397803,13.000046300236136,4,15.601477500000001,7.945361599921452,5.9607524001039565,-412.5971172620979,0.1989783333333334,0.7558755550591661,-1.0662575264564922,0.8467827149527071,-0.13755699999999926,2.228829308045123,-19.164135228426495
ZTF18aatlfus,SN IIP,0.0451,26.914201399777085,13,19.132593,12.108240799978375,3,19.604377666666668,0.0,0.0,-8.500373711190369,0.4028374999999986,-0.6869500208916822,-1.5000000000000193,0.0,18.783539,26.914201399777085,10,19.1621606,12.193593741898114,2.975949099753052,-6.083944475366441,0.152695111111111,0.0017336060477339164,-1.1115121746114889,0.12431772639266837,0.34905399999999887,0.44988296773608377,-17.29840578291683
ZTF18aaykjei,SN Ia-pec,0.097,95.84944439958781,35,19.158302,86.93203700007871,8,19.851489125,3.698494085657868,17.916527800261974,-2.3837077524234336,0.27638071428571465,0.31713723593516124,-1.5941750396625576,0.25960147230659786,18.520172,95.84944439958781,27,19.310748444444442,12.705969204663875,21.06358789978549,-4.032601304714856,0.14352157692307715,0.05758469196858138,-1.048450446930238,0.28165202466914535,0.6381300000000003,0.9069644330713779,-18.93567274485826
ZTF18aaxwjmp,SN Ia,0.08,45.89146990003064,28,18.689339,23.83363420004025,9,18.993438666666666,12.492655523799268,11.83672450017184,-14.270264120463342,0.22717374999999906,0.4879596314088962,-1.464099473470432,0.9866477948318367,18.714363,45.89146990003064,19,19.205653315789473,17.93333623384904,11.880277799908072,-6.34711795692216,0.1718734444444444,0.33496533569606757,-1.227011561726664,0.3493049512917619,-0.02502399999999838,0.5193478058549686,-18.986227008486747
ZTF18aaydmkh,SN Ia,0.0845,35.89162029977888,15,19.121855,21.846689800266176,5,19.4201224,8.082009543952658,11.873923600185663,-10.271455167501864,0.3167212499999996,0.2013207997195086,-1.7439389218729977,1.1906349113137535,18.737803,35.89162029977888,10,19.201375199999998,28.080583111272432,6.015104099642485,-6.411684862393948,0.20675055555555488,0.2784814459780156,-1.0640218839076414,0.20133217873692466,0.3840520000000005,0.6086849692991088,-18.67254461827549
ZTF19aanbojt,SN Ia,0.048,45.84439820004627,31,17.453047,40.98388889990747,20,18.579229249999997,38.90920125347461,4.999710599891841,-26.28058279178183,0.20250736842105235,0.1531789008898162,-1.4191734900657256,0.13894191381020557,17.481459,35.004594900179654,11,17.940126363636363,60.0415487119965,9.880787100177258,-19.175216481529038,0.2224160999999995,0.04963993425462354,-1.1811433218367104,0.39328381982671895,-0.028411999999999438,1.1708145463982251,-19.113275260404965
ZTF18aaytovs,SN Ia-91T,0.076,83.85399310011417,25,18.255867,42.03268520021811,10,18.999592900000003,19.686891568877478,18.883125000167638,-16.188894505945665,0.3333233333333337,0.05511127049544446,-1.5086254519367164,0.8157012417076704,18.169638,83.83123840019107,15,18.858668400000003,22.76523131069033,15.910995300393552,-6.194660490710107,0.23936092857142835,0.4000918626405898,-1.2852882931490976,0.23425998751233834,0.08622899999999944,0.5013964484165644,-19.30831703493099
ZTF18aazblzy,SN Ia,0.064,52.937916699796915,11,18.259296,20.970694500021636,5,18.743336199999998,32.19418080087979,5.963993099983782,-20.227397322173463,0.3887557500000005,0.2294425149843778,-0.6788300119009292,0.39742198775066834,18.432648,52.90777779975906,6,18.891348333333333,24.466731711367352,6.041099599562585,-7.71966307492058,0.5112000000000002,1.6251210192542482,0.8691360134046939,0.12889967523956625,-0.17335200000000128,0.39636316950202993,-18.931719943446467
ZTF18aazixbw,SN Ia,0.0594,55.929733800236136,17,18.291777,26.933877300005406,7,18.946599,27.443837553100646,11.93655090034008,-22.891511027229434,0.430938,0.09343348863214515,-1.6816900990018255,0.7959119233816536,18.334307,55.85041669989005,10,19.2790003,25.732313635388266,11.905266199726611,-8.740198378443077,0.35692066666666694,0.06492546491598584,-1.4326488905821904,0.27091194510034355,-0.04252999999999929,0.48225024792086163,-18.73727129843299
ZTF18aazjztm,SN Ia,0.072,32.91762730013579,15,18.63146,25.02777780033648,6,19.1874315,24.49909470286598,8.963206000160426,-14.377750155100026,0.4425875999999995,0.18718273215785858,-1.4377024720240206,0.5579486407513331,18.658287,29.876516200136393,9,19.026517777777777,9.085029817464244,13.009282400365919,-11.592061571704772,0.17192799999999986,0.35173682745282897,-1.1859873521676632,0.7712753943413618,-0.026827000000000822,0.837707369650489,-18.815318555683373
ZTF18aazsabq,SN Ia,0.05,63.96230320027098,24,18.366161,29.955671299714595,8,19.017555,41.756194737341815,9.019479099661112,-14.94646630157838,0.4648155714285705,0.7776254214004495,-0.5652650208795986,0.4308080004939041,18.233671,63.96230320027098,16,19.329343625,34.85692724115414,11.964444400276989,-8.51289327041875,0.2716862666666666,0.13559301199032717,-1.2769367104907943,0.23009494383792534,0.13249000000000066,0.4683332181757283,-18.28880509520712
ZTF18aaxkjmm,SN Ia,0.0661,71.89046300016344,21,18.309984,27.991041600238532,5,19.358924400000003,0.0,0.0,-13.919441425724392,0.4678034999999996,-0.3199806278623858,-1.5545709416786526,0.0,18.234081,71.89046300016344,16,19.0959995,13.726202977917104,5.972430599853396,-6.819777486569247,0.1771350000000003,0.7280684915583597,-0.714032683312726,0.0906038967240974,0.07590300000000028,0.38935681357588275,-18.951139370955225
ZTF18abauprj,SN Ia-91T,0.028,105.96104170009494,49,15.568087,105.86162040010095,20,17.8687199,386.68133881206955,14.927025499753654,-61.92897986182628,0.3833781578947365,-0.8533608812514213,-0.23630119209635003,0.16415122887072592,15.686948,105.91917830007151,29,17.44119124137931,244.37999483251144,21.0482986997813,-58.88247120441658,0.2436277857142858,-0.057635376491983546,-0.853268973061962,0.24800377701881773,-0.118860999999999,0.9994565866078804,-19.827819230238127
ZTF18abaxlpi,SN Ia,0.0646,56.00490739988163,16,18.309412,20.934259300120175,7,18.657914714285713,26.470715646385614,6.040243100374937,-16.2441701930327,0.20340316666666722,0.25424385612018485,-0.89146486635661,0.4055483100977328,18.375103,56.00490739988163,9,19.05939322222222,31.73066687564991,8.966111099813133,-7.850508089678062,0.3754668750000003,0.8544312347636146,0.041027519913931165,0.19061098082988312,-0.06569100000000105,0.373793302623413,-18.90186666350245
ZTF18abbpeqo,SN Ia,0.06678,84.87747689988464,35,18.161358,28.97155090002343,7,18.544044857142854,31.297746520014083,8.97732640011236,-17.933733955226774,0.3264341666666664,1.0050634260138955,-0.5160558269372122,0.44899597882139863,18.103098,84.87747689988464,28,19.089056785714284,37.568147799403654,12.085034700110555,-6.837603011478032,0.16670307407407414,0.18711725655913086,-1.2835152845213482,0.16602045947220687,0.058260000000000645,0.3413337902845084,-19.121990147118787
ZTF18abbvsiv,SN Ia,0.051,64.99954860005528,13,17.662952,16.082025500014424,6,17.899461499999997,35.445601166308805,6.999664400238544,-38.4159319568471,0.1867365999999997,0.38432284379445225,-1.2199735012712676,0.7706877455479357,17.817986,64.99954860005528,7,18.808269,26.09411218812201,16.06009260006249,-12.895182189676103,0.4875801666666663,-0.14851084776506365,-1.1819735095320738,0.3281624667030393,-0.15503400000000056,0.2474174951424316,-19.035014954016713
ZTF18abcdzyc,SN Ia,0.056,152.24903939990327,13,18.084047,152.24903939990327,6,18.595841833333335,39.454764103337936,12.086770799942315,-1.8969445726954148,0.500267199999999,1.4045037695033897,0.43389164022440596,0.086234126492625,18.13099,33.966481499839574,7,18.616543142857143,27.324998231302196,8.937974500004202,-15.988840416361285,0.3313681666666663,0.7633578795491989,-0.6475420237220737,0.3571117725904702,-0.04694299999999885,4.482331777597346,-18.81700920855803
ZTF18abckujg,SN Ia,0.074,55.90097220009193,18,18.417437,36.97386569995433,4,18.99405475,5.335229184092432,3.0176272997632623,-10.993905575481689,0.7495793333333344,1.1529636537555261,-0.6679844319642658,0.08886812679894138,18.442146,55.90097220009193,14,19.31717807142857,13.81442052603533,11.939502300228924,-7.651746815009246,0.1914755384615387,0.22547435671569255,-1.0548568352463,0.2715901521815614,-0.024709000000001424,0.6614172212892843,-19.08883767218191
ZTF18abckutn,SN IIP,0.0401,90.87925919983536,32,19.033085,84.9544329000637,11,19.780827636363636,3.111190605366083,5.97811339981854,-2.245130319045513,0.19532570000000044,0.16578004832409082,-1.8557103605220382,0.0756950113356445,19.016418,90.87925919983536,21,19.364135857142852,7.802246686077727,17.979999999981374,-1.716783053583187,0.10666224999999976,0.6751127775244959,0.7884196128041379,0.2466417381648425,0.01666699999999821,0.9348055172110998,-17.142752936627943
ZTF18abclfee,SN Iax,0.03,55.81106479978189,32,18.535975,25.167638899758458,9,19.125994000000002,28.55929495312728,5.975833300035447,-17.397461913049227,0.3732810000000004,1.5843506159643683,1.715660000234772,0.3113742096325577,18.564842,55.81106479978189,23,19.49238947826087,25.930998297442517,11.95813659997657,-6.756827762679536,0.20152031818181806,0.016319512770813217,-1.6926986419210703,0.27268730027541593,-0.0288669999999982,0.4509435358390943,-17.00974734712534
ZTF18abcecfi,SN Ia,0.08,46.93468749988824,10,18.906166,19.132372700143605,4,19.19184875,14.430150083607135,7.110034700017422,-7.910425671653729,0.3242723333333342,-0.21655344173090074,-1.6738345633177913,0.5914019968447732,18.801308,46.93468749988824,6,19.310979166666666,13.215464475959983,13.087442100048065,-6.327943877264278,0.4538546000000011,0.5707675363801413,-1.0482389845349234,0.3866619556612386,0.10485800000000012,0.4076382249309567,-18.76940000848675
ZTF18abcezmh,SN II,0.057,45.851446699816734,18,19.328283,17.816701299976557,6,19.618817166666666,6.5448716848281405,8.811851799953729,-10.550425119698863,0.23646220000000043,0.5449783410504198,-1.0351546686276367,0.9785673597244895,18.930986,45.851446699816734,12,19.436307499999998,16.828048082065006,9.013182899914682,-5.396615286127408,0.22465045454545451,0.7961454157657949,-0.6575073370622473,0.2446690470775837,0.39729699999999823,0.38857446345412194,-17.61120735188949
ZTF18abcsgvj,SN Ia,0.06,35.87450239993632,15,18.398808,29.792176000308245,8,19.127601375,32.80994556923359,11.88047460000962,-17.945798635946645,0.551515285714286,1.0144990104976275,-0.27028482852418767,0.6632800723113633,18.412458,32.976793999783695,7,18.850044999999998,23.405530234131003,12.036435199901462,-11.079153630796231,0.33102333333333317,0.5991200025366731,-0.9798558347889585,0.5747960345344777,-0.013650000000001938,0.9034285140181808,-18.65206432544525
ZTF18abceakp,SN II,0.03,18.01552079990506,16,17.994673,12.022905100136995,9,18.14756088888889,31.386556802161437,9.004594900179654,-19.46857645922959,0.09328762500000032,2.0452409435472987,2.9308002034724714,2.983323218503824,18.048172,17.978657399769872,7,18.437573142857143,36.9362201873592,9.080821800045669,-33.02986852157601,0.2778918333333327,0.28028091470419425,-1.4794142462251982,1.02056524851135,-0.053499000000002184,0.6687320878749761,-17.551049347125343
ZTF18abcpmwh,SN IIP,0.01543,211.3130902000703,23,16.691006,53.97725689969957,7,17.14783557142857,26.98725088712566,6.017615699674934,-28.666622239294895,0.2058434999999997,0.34484933667287154,-1.7736220595760452,0.12547249206009162,16.728107,211.3130902000703,16,18.557703937499998,54.30989989511489,15.936620300170034,-9.969883201938805,0.3654874666666662,-0.23136943297531296,-1.8740544889608275,0.08156878004979334,-0.03710099999999983,0.2554373552939581,-17.410939703842764
ZTF18abcptmt,SN II,0.05,94.84653940005228,33,18.709684,70.8685301002115,9,19.305982888888888,8.329038171024928,5.849294000305235,-4.206823614901038,0.2650608750000001,1.1131616592130533,0.08498788010413749,0.08996251495968695,18.630093,91.90819450002164,24,19.420454375000002,15.56817853506657,6.041794000193477,-3.069199563846266,0.1296995217391304,-0.18461712577001477,-1.372380968030288,0.07036272587443057,0.07959100000000063,0.7710795591811437,-17.945282095207123
ZTF18abcrxoj,SN Ia,0.0309,75.8643403002061,27,16.985289,66.03525459999219,9,18.903313999999998,0.0,0.0,-22.311610766300696,0.33797137499999996,-1.2136349182619457,0.23436505701632138,0.0,16.933338,75.8643403002061,18,18.28446977777778,67.34632106152324,20.912916699890047,-27.100782128800486,0.2638188823529414,-0.5214782731547533,-1.069671885332005,0.38057097213710345,0.05195100000000252,0.8704386585144113,-18.624619470651197
ZTF18abcvush,SN Ia,0.05,39.866284700110555,14,18.21429,9.042476800270379,4,18.475394250000004,0.0,0.0,-25.475824161690472,0.21293666666666766,0.5425482858953796,-1.2093933595767923,0.0,18.114187,39.866284700110555,10,18.6397692,29.916467358905543,12.041111099999398,-13.277684876311712,0.24814733333333314,0.27972644501874444,-1.1386490500903574,0.43274163435772045,0.10010299999999717,0.226820153126667,-18.440676095207124
ZTF18abcflnz,SN Ia,0.024,97.81430559977889,27,16.24954,88.77347220014781,9,17.88000522222222,165.0253733830275,14.974398099817336,-41.033685305401235,0.63389075,0.055891390627160906,-1.6017396621937992,0.20290766899676158,16.453867,97.81430559977889,18,17.893105833333333,159.8577681625352,15.008888899814337,-29.706729730449407,0.33593382352941203,0.002885297609967344,-1.072541434425556,0.1812549166221485,-0.20432699999999926,0.9075714605936791,-18.81163228208506
ZTF18abdfazk,SN Ia,0.087,49.994455999694765,13,18.539438,21.98585639987141,5,18.963732200000003,23.2573962663859,12.033830999862403,-10.37543455096331,0.43945349999999994,1.2827238857848118,-0.031002995836435066,1.2091841123970115,18.706697,46.9061921001412,8,19.295624749999998,19.93342496434324,8.918761500157416,-6.477293255344776,0.3341005714285719,0.6179844430439655,-0.743080946577586,0.23478190968149407,-0.16725899999999783,0.46871970235684995,-19.318274336620117
ZTF18abdfwur,SN Ia,0.07,48.92987270001322,35,18.413471,35.92965279985219,15,19.120828333333336,31.92743699176125,7.888622699771076,-13.181445495865535,0.2255792857142855,1.0432116232081066,-0.17442735177517443,0.2813242834380844,18.545078,48.87990740034729,20,19.17032265,13.89902468322708,14.889178300276399,-7.511439704370724,0.1421874210526315,0.20885565671570844,-0.9707919308895789,0.4380364497755167,-0.13160699999999892,0.7350597558537296,-18.97213527359831
ZTF18abdefet,SN Ia,0.075,42.99112269980833,14,18.870338,15.912384300027043,5,19.1115644,14.656125961523546,5.872731499839574,-7.597937459560262,0.18363750000000056,-0.7507762391832359,-0.6766181532664715,0.5849536449836108,18.680918,42.99112269980833,9,19.356902555555553,12.619714247896818,10.053391200024635,-7.8899169767098565,0.3200303750000004,0.575025482508303,-0.10386765597019698,0.30522415303830674,0.18942000000000192,0.3701318621320393,-18.66508439048553
ZTF18abdffeo,SN Ib/c,0.01479,39.93380790017545,10,18.220215,14.005115699954331,4,18.494521250000002,13.20495168178891,2.971006900072098,-25.882662369864068,0.32122433333333333,1.0899775008842578,-0.713046048956048,0.2692566254289433,17.524967,39.93380790017545,6,18.00581383333333,62.17488328671619,8.904641200322658,-23.24770639607831,0.4724803999999999,0.8679545325222625,-0.794724148475987,0.2869764852681301,0.6952479999999994,0.350708245378543,-15.78974194351149
ZTF18abdbuty,SN Ia,0.075,39.96189819974825,15,18.24266,36.0234375,8,19.24596775,7.950044693656437,14.105960699729621,-20.038328775572126,0.3559051428571424,0.30162484280914653,-1.4163544186592067,0.643594188704952,18.19234,36.86984959989786,7,18.71823842857143,5.1319934103013924,10.889606500044465,-14.724025952552966,0.253032666666666,0.5136669013047429,-1.1266165465339544,0.4191495228967243,0.050319999999999254,0.9770432451153745,-19.292762390485528
ZTF18abdbysy,SN II,0.01127,81.96202549990267,29,19.230963,73.0279862000607,7,20.001340428571428,6.0405525537605484,6.02170140016824,-2.222705597196942,0.28772633333333353,-0.24233999223075758,-1.7970657251836242,0.0898677104416615,18.325754,81.79652779968455,22,18.666726772727273,12.711241366102358,5.840844899881631,-2.9976301705728474,0.05299676190476143,0.09726139364137887,-1.215208024407314,0.076898063145408,0.9052089999999993,0.892800564577783,-14.188772653757564
ZTF18abdiwpt,SN Ia,0.073,67.81946759996936,35,17.962704,47.05111109977588,14,19.133000857142857,15.177128364570304,16.966817199718207,-18.430268697375286,0.22140515384615392,-0.2958197869498208,-1.3410620112215554,0.5639759156749123,17.86917,67.81946759996936,21,18.78402814285714,28.138111640378952,19.94751159986481,-12.02862561119337,0.20345765,0.05192850170311989,-1.365868009471552,0.41668469948922177,0.09353399999999823,0.6937699861830992,-19.514026374129305
ZTF18abdkimx,SN Ia,0.08,47.04048610012978,22,18.489197,40.9765625,10,19.221144300000002,26.59946834213832,10.133402800187469,-10.86243176034066,0.34995533333333345,0.5377821057052399,-1.0336714697129148,0.3285461962656524,18.627623,43.85280090011656,12,19.18709475,12.839657265161767,9.861608800012618,-7.757483927619127,0.1785640000000002,0.6591896507906332,-0.5487539531107828,0.2901224755804449,-0.13842599999999905,0.9344115235269062,-19.186369008486746
ZTF18abdrmin,SN Ia,0.05154,61.92197920009494,15,17.839153,40.94672460015863,7,19.133346000000003,54.47973829666946,11.95802089991048,-22.113928763793997,0.7778721666666671,-0.17175419848300483,-1.2392459156436049,0.4125062308256342,17.890312,52.922106500249356,8,18.66861675,20.961197599027212,3.024930600076914,-11.717155107459114,0.2966788571428565,0.4387515347457504,-1.4333987909594639,0.06062328269096408,-0.05115900000000195,0.773716832302692,-18.88168514460145
ZTF18abecbks,SN Ic,0.03048,75.85306710004807,27,18.43128,75.7446297002025,12,19.593978666666665,39.40357865617294,2.9115277999080718,-4.845588814000438,0.2738616363636362,-0.33275120596634966,-1.6042911314248351,0.03997533709183272,17.907724,75.85306710004807,15,18.937616066666667,32.5742364917498,11.882291700225323,-8.922769716410754,0.24466328571428594,-0.2067462958922237,-1.3176772196077928,0.18574562565421474,0.5235559999999992,0.9985704282767822,-17.148910886864847
ZTF18abcfdzu,SN IIP,0.125,342.07900469982997,77,19.346085,290.2073726998642,25,19.6973522,4.770086684267558,14.015196799766272,-0.5053250837882924,0.1347230416666667,2.0955121240864654,2.889757382456409,0.05074436578114993,18.7549,341.0155440000817,52,19.204683346153846,3.3351272201178186,67.97456020023674,-0.9385581402211922,0.10340225490196085,1.535867090547629,1.111494928610572,0.24895368912846458,0.5911849999999994,0.8510092217373958,-19.29858113856731
ZTF18aansqun,SN Ia,0.05964,40.96268510026857,15,19.062687,16.983680500183254,4,19.2983295,7.421825359576694,13.981180500239134,-15.739021148876398,0.2887769999999996,0.7469629534736308,-1.024663359138599,4.65651307260594,18.747774,40.83903930010274,11,19.26359209090909,48.959091031410765,2.9024306000210345,-5.337098062031703,0.18493129999999985,0.18677214614604634,-0.5233131340066017,0.07650738164201755,0.31491300000000066,0.4158687567398415,-17.975117247431807
ZTF18abeajml,SN II,0.03651,76.9065161999315,51,17.877586,65.95004629995674,18,19.308843333333336,4.727863640221761,2.9933448997326195,-10.19624205325512,0.2085521764705877,-0.27030713231432507,-1.5581648919371596,0.04754608855225003,17.882742,76.9065161999315,33,18.622688333333333,21.8337153735804,8.001701300032437,-7.770325740145059,0.08516903125000097,-0.20676418654689524,-1.16631836174088,0.11612688186822424,-0.005155999999999494,0.8575352201432247,-18.094589238275667
ZTF18abetehf,SN Ia,0.06487,47.01503479992971,17,18.154612,37.944965300150216,10,18.9875541,31.206275635713446,13.949594900012016,-20.539646161909157,0.4700704444444443,0.8863421467245963,-0.3189364424342265,0.5813452623315902,18.271257,39.06216439977288,7,18.835518428571426,5.019331855270218,6.100115699693561,-11.175741285995963,0.26216383333333404,0.5664408871345851,-0.9976514629940723,0.18506482273593877,-0.11664499999999833,0.9713994573319352,-19.065723563178167
ZTF18abetewu,SN Ia,0.077,37.95916670002043,15,18.60043,30.95120370015502,6,19.372113666666664,28.68375928958554,8.951701400335878,-11.616836561519959,0.548946800000001,-0.3033281549322152,-1.2828186784980813,0.40690472349501605,18.546083,31.98436350002885,9,18.944988777777777,8.385605519377096,10.048888900317252,-9.142042579442974,0.15863362500000067,-0.04762637173665093,-1.3224223139350446,0.4581113052575289,0.05434699999999992,0.9676979721709048,-18.992139699389444
ZTF18ablrljh,SN Ia,0.094,43.96206020005047,49,18.903112,41.03491900023073,20,19.507675250000002,13.030767856101274,13.01631940016523,-8.220787298658863,0.23509421052631577,0.8038785524552513,-0.8722456751899772,0.4645599560991193,18.856071,43.83462959993631,29,19.323037,9.94836116176895,15.88734949985519,-6.983582035975354,0.11336628571428596,0.4757876791305525,-0.5330264743760611,0.5684756957729521,0.04704100000000011,0.9361301640904103,-19.122643341525524
ZTF18abeecwe,SN Ia,0.04,68.95212970022112,24,17.341581,65.99447919987142,11,18.893973,53.15607857745672,19.058993100188673,-22.90511526626697,0.5210045999999995,-0.004328442244970077,-1.4145202971134017,0.4060678749488332,17.245377,68.82944450015202,13,18.216662999999997,70.80432713350565,15.916736099869013,-21.027545175264116,0.3927178333333332,0.7145597794917864,-0.5255906570684825,0.3008112149440432,0.09620400000000018,0.9588117364469745,-18.82883503016684
ZTF18abfgygp,SN Ia,0.07,61.809675900265574,44,18.02126,55.87513880012557,18,18.941074722222222,27.61363674958138,12.044444399885833,-13.14178518135012,0.23078076470588205,1.039918602340499,-0.43050163960432686,0.2747947429238072,18.175657,61.76756950002164,26,19.163393923076924,24.084157415976293,11.869548599701375,-9.126521215429259,0.13433167999999968,-0.032033911602912794,-1.0560301223177389,0.23787613988564407,-0.15439699999999945,0.9046031639646432,-19.36434627359831
ZTF18abdkkwa,SN Ic,0.02531,82.8710532002151,32,18.308111,82.81200229981914,17,19.515343176470587,29.70396812140563,9.016469900030643,-5.7307033997840024,0.2256838124999998,-0.05488079446193562,-1.578105148547379,0.12218178535773372,18.097975,82.83516200026497,15,18.955403400000005,16.246030764697537,20.940358799882233,-7.278100927131729,0.1977755000000003,-0.19943809062174414,-0.9988214349548294,0.3383217607476413,0.21013599999999855,0.9997204122031444,-16.868465799318297
ZTF18abfhryc,SN Ia,0.0323,78.88924770010635,25,16.7741,66.82906250003725,7,18.279644,90.87467838719587,15.119259200058877,-34.997919493413264,0.6948814999999998,-0.10776030638419087,-1.0932887220903054,0.29238670880933715,16.764683,75.80870370008051,18,18.021080277777777,66.69439336705523,11.891053200233728,-27.65695052525148,0.1821105294117645,0.030585627011438538,-1.028650502322618,0.18603708220254797,0.00941699999999912,0.8815486776351021,-18.93202868518254
ZTF18abffyqp,SN II,0.03130,78.92087959963828,20,18.138617,28.961932899896055,6,18.825297166666665,0.0,0.0,-12.099570831066679,0.33469920000000003,-0.9979715952799374,-0.017733651563235586,0.0,18.27068,78.89172449987382,14,18.94148464285714,2.7407536518814504,25.9182175998576,-7.145267725516849,0.20518153846153864,0.4511536633277187,-1.1709100000396155,0.4892675436568022,-0.1320629999999987,0.36710989756526846,-17.49922076125927
ZTF18abixkjh,SN Ia,0.07,36.01966430013999,17,18.09363,21.896400399971753,5,18.575353200000002,0.0,0.0,-17.234714925488795,0.28649099999999983,0.3422838005758255,-1.6517798441827,0.0,18.104725,36.01966430013999,12,18.620820083333335,27.046435214029263,6.064675900153816,-10.487087240230991,0.13639736363636376,0.031020410960990907,-1.4081394660275048,0.2024596310695488,-0.011094999999997412,0.6079012901818369,-19.291976273598312
ZTF18aailmnv,SN Ia,0.08,48.95767360040918,22,18.1829,31.06849530013278,9,19.072723777777775,29.936103139754355,4.105775400064886,-16.45364226277917,0.2788007499999998,0.10517970369894625,-1.3990625494716369,0.1522760098121461,18.544197,48.86325230030343,13,19.129198076923075,6.162954577009679,10.913368000183254,-7.649174037936108,0.23481125000000022,0.557946464386411,-0.7214205508717693,0.28757315605699213,-0.3612970000000004,0.6358253664572354,-19.492666008486747
ZTF18abfzhct,SN Ic,0.04,59.918171300087124,29,18.114376,56.892581100109965,14,19.274388142857145,30.917835967236304,7.879409800283611,-10.507930322794452,0.2903471538461538,0.4207331651040876,-1.3485424139517428,0.1607610687356508,17.883156,59.918171300087124,15,18.818164133333333,30.035062104674594,11.023877399973571,-11.965001083794878,0.19600707142857157,0.032471827509721274,-1.4682454954243336,0.22546347478694173,0.23122000000000043,0.9495046304930744,-18.05604003016684
ZTF18abfhaji,SN Ia,0.09,47.966944499872625,13,18.751083,28.96084489999339,5,19.762619599999997,0.0,0.0,-8.610480563618728,0.46453524999999907,-0.43925623799977515,-1.6984277959266239,0.0,19.189812,47.966944499872625,8,19.825143,131.23507164664204,0.0023147999309003353,-3.331658976058554,0.229849,0.4173379261265043,-0.6343781162232145,4.8260560862896594e-05,-0.4387289999999986,0.6037667231455673,-19.180245620723653
ZTF18abfzixe,SN IIP,0.034,61.937523199710995,20,19.556831,32.990798600018024,5,19.930894600000002,0.0,0.0,-1.9403457876690675,0.3033342499999998,0.4318347947764545,-1.3092304483814297,0.0,18.777966,61.937523199710995,15,18.984567133333336,2.0068206459824083,16.08575229998678,-1.5307994692065627,0.10413092857142889,0.0575219317387705,-1.2051265184981175,0.35082074223841003,0.7788649999999997,0.5326463974615627,-16.260679658738308
ZTF18abgmcmv,SN Ia-91T,0.01850,76.00077550020069,54,17.028,72.8702429998666,25,18.354978720000002,108.44960577249424,12.122824000194669,-23.732128975608948,0.2155352916666667,0.11628965712280656,-1.7143704888025406,0.1995611369144776,16.372156,76.00077550020069,29,17.51033503448276,134.86260210538717,18.11263890005648,-43.30850696323727,0.16315982142857127,0.15127732991948936,-1.0492483276856486,0.3128903427168074,0.6558439999999983,0.9588092031991724,-17.4679747155421
ZTF18abfzfcv,SN IIb,0.038,56.98144680028781,33,18.993534,53.95811339979991,9,19.54139911111111,7.490357890767364,13.941284699831158,-4.912410051451987,0.2938855,0.7805883397384616,-0.7474929532940551,0.34838554560027,18.663336,56.98144680028781,24,19.351995000000006,9.207095034016392,16.120509300380945,-6.3297134566738285,0.13180013043478264,0.1420073655694059,-1.2116120015483676,0.39452127843169743,0.3301979999999993,0.9469417929824725,-17.065500056611082
ZTF18aawurud,SN Ia,0.05,46.817557900212705,18,17.963602,30.97715280018747,6,18.492702833333336,51.613744371453095,6.047881900332868,-19.918429839213466,0.4521737999999992,0.8837143421230942,-0.44797031549654864,0.24260163582915464,17.769,46.7704167002812,12,18.16174983333333,25.16405475772376,14.89846060005948,-14.445433575097404,0.18931009090909126,0.6511530871086842,-0.8093171885742549,0.4674473243252188,0.19460200000000327,0.6623236435693596,-18.69136409520712
ZTF18abeyqpr,SN Ic,0.0472,56.76398149970919,19,19.433033,24.118981500156224,5,19.817795599999997,7.599405344675837,8.976979199796915,-6.881721857897776,0.4021025000000007,0.76356375197338,-0.9005604780521734,0.5928528487665001,18.812462,56.76398149970919,14,19.56193607142857,13.888356201565584,11.889212999958545,-4.953158741580323,0.21450599999999953,0.07540083548896305,-1.2624320291796058,0.26494204644252617,0.6205709999999982,0.4248993968169726,-17.09679306669747
ZTF18abjgyyr,SN Ia,0.05,57.87677079997957,23,18.158607,57.87677079997957,10,19.511832499999997,23.814148522541437,18.994560199789703,-12.842078390931945,0.512142888888889,-0.1045578225518199,-1.6388086998564984,0.4885154394924488,17.989454,44.96150460001081,13,18.68151476923077,31.15820203438422,6.000868000090122,-12.530322214469798,0.17276766666666651,0.1414398687244721,-0.560291494357188,0.15402386931486478,0.16915300000000144,1.287251645932811,-18.496359095207122
ZTF18abimsyv,SN Ia,0.085,55.965115800034255,27,18.56944,49.84790510032326,8,19.549266499999998,17.563246071450724,8.83216440025717,-8.044610708056497,0.4258399999999999,0.4899791675534518,-1.542815901932136,0.21533597222694892,18.661427,55.965115800034255,19,19.262667526315788,19.520661732809252,9.048680600244552,-5.495470327023207,0.15184022222222182,0.2611416228061874,0.028253126108173543,0.19286803359444307,-0.0919869999999996,0.8906960056766782,-19.237770702098494
ZTF18abjvhec,SN Ia,0.0569,38.9514351002872,16,17.546862,18.997719900216907,6,17.722748166666666,57.44990623002262,5.94096070015803,-17.03841370846356,0.15307719999999989,0.7102154572592226,-0.7301249654471249,0.4550103597017581,17.667421,38.9514351002872,10,18.0608333,38.93864578551477,9.000590200070292,-16.41780896845092,0.16628788888888874,0.18325731025072786,-1.5197313533785928,0.3005120633510111,-0.12055900000000008,0.48772836870590247,-19.38881540550239
ZTF18abjrfqx,SN Ia,0.04,57.8621642999351,33,17.690443,48.90362269990146,14,19.058906142857143,42.73778038214313,5.94944450026378,-18.540793523728013,0.2788538461538464,0.2705684655058871,-1.7175250971577745,0.1385067704615977,17.584896,57.8621642999351,19,18.560112684210527,32.968903598961305,8.979675900191069,-16.537222414138427,0.163833222222222,0.3190366818472498,-1.0757500033552205,0.18369923860582535,0.10554699999999784,0.8451744467490704,-18.479973030166843
ZTF22aamjqvc,SN II,0.03,49.9581250003539,34,18.171558,49.92319450015202,16,19.167503125,28.40452969786018,14.99872690020129,-13.326241017023989,0.26520613333333287,0.017838087149142832,-1.1162819828954398,0.429461862440029,17.864988,47.999282400123775,18,18.444639666666667,33.66921415946267,14.98059029970318,-16.03654710567361,0.16446694117647057,0.5909779158528654,-0.8161282412525517,0.4537002935834747,0.3065700000000007,1.0400821013112331,-17.37416434712534
ZTF18abkifng,SN Ia,0.088,33.018749999813735,10,18.412626,33.018749999813735,7,18.96566442857143,30.579282813028712,10.166967500001192,-13.599635545820016,0.4612400000000001,0.7653803961407479,-1.1631536690225184,0.4449091662798993,18.75817,17.120208299718797,3,18.891322000000002,7.334935296915846,4.006145799998194,-5.655891904108188,0.19972800000000035,0.31723980299426635,-1.4999999999999871,0.3054847268025103,-0.3455440000000003,1.928641837865727,-19.46990343427787
ZTF18abkhcwl,SN Ia,0.03164,49.90291659999639,30,16.413445,42.94350690022111,14,17.40541285714286,0.0,0.0,-58.08171289087902,0.2179773076923073,0.45643631074772373,-1.0873766759422694,0.0,16.661526,41.91925919987261,16,17.132121625,104.9855876397475,6.93983789999038,-41.387731589286986,0.11415973333333322,0.3808674168928815,-0.6781687995666688,0.19839773335569003,-0.2480809999999991,1.0244338215869904,-19.247853447655228
ZTF18abkhcrj,SN Ia,0.03823,58.94310180004686,32,17.62713,58.94310180004686,14,18.771154428571432,63.38361546127557,10.136979100294411,-16.681255487134415,0.3131733846153843,0.14464691808101815,-1.381223202389379,0.20769892258509254,17.410471,58.80959490034729,18,18.190180666666667,60.776951613247334,12.849791700020432,-19.524215504309936,0.19461964705882362,0.5154828612505332,-0.3676416798343771,0.279587613637324,0.21665899999999993,1.002270155064421,-18.44500756362217
ZTF18abkjnqy,SN Ic,0.02418,34.84928240021691,11,18.929508,15.963495400268584,3,19.273514,0.0,0.0,-9.882069064034024,0.4820960000000003,0.6944920818722354,-1.499999999999978,0.0,17.938797,34.84928240021691,8,18.226389625,20.837105269323303,15.874976800289005,-14.093134860765565,0.18551242857142825,0.5140504522153823,-1.2361659328959793,0.8366565362133371,0.9907109999999975,0.45807242791803443,-16.1478895561508
ZTF18abjtgdo,SN Ia,0.07393,34.812245400156826,24,18.363695,17.083171300124377,10,18.6997955,8.553629762383478,3.06115740025416,-16.28041082383597,0.11026655555555583,0.24952950791913944,-1.5186705854297042,0.21831082340336955,18.413212,34.812245400156826,14,18.97736528571429,19.99252916945234,5.860544000286609,-9.76400770036017,0.13516969230769285,0.18346171339294176,-0.9990585517895063,0.20242485646501177,-0.04951700000000159,0.49072305172384595,-19.140524604514617
ZTF18abjtger,SN Ia,0.106,32.05975699983537,14,18.861547,16.07571760006249,5,19.185402,0.0,0.0,-8.677118729696403,0.18215074999999992,0.130214651270351,-1.4081280219254282,0.0,18.871857,32.05975699983537,9,19.354913888888888,8.667326596791407,6.029155099764466,-6.183154989315135,0.1421028750000004,-0.16510224318692068,-1.683982946348736,0.231617967302863,-0.010309999999996933,0.5014298018586054,-19.425098399850874
ZTF18abktphg,SN Ia,0.07,47.846319399774075,14,18.21428,44.83276619995013,11,19.24482990909091,24.654452810562667,11.91630779998377,-14.124401566725998,0.33838440000000036,0.34097439673481494,-1.4546029254297856,0.3620167046888601,19.50299,6.012870399747044,3,19.739693000000003,0.0,0.0,-8.43166776755585,0.20997749999999904,-0.42846244567109626,-1.5000000000000115,0.0,-1.2887100000000018,7.456133796237518,-19.171326273598314
ZTF18ablhvfr,SN Ia,0.085,44.93753470014781,21,18.404037,41.916539300233126,9,19.181623333333334,30.333886203898103,7.925706000067294,-11.145739223236784,0.38901675000000013,0.6547519783620344,-0.509182084635114,0.23317186519309682,18.64276,44.93753470014781,12,19.118045833333333,13.462322556615488,13.95553239993751,-6.883279167686697,0.18157618181818239,0.14787250514526906,-1.5044230286166986,0.45043997688434695,-0.23872300000000024,0.9327734505225374,-19.403173702098496
ZTF18aasprui,SN Ia,0.038,25.03623849991709,24,17.363016,17.96214129962027,10,18.060973299999997,88.12224173194556,11.969097299966961,-21.76436503684978,0.3471207777777789,1.2100923935203975,-0.03589436452689032,1.9971649299853895,17.480255,23.017627300228924,14,17.899936214285713,81.25961932590879,9.973738400265574,-30.36794428970249,0.19998107692307643,1.5273110361806237,1.1368992527628432,0.764629205044333,-0.11723900000000143,0.7803645903781589,-18.696018056611084
ZTF18ablongw,SN Ia,0.08181,39.87554399995133,19,18.997238,27.890752299688756,8,19.37288175,24.53622364890676,6.038518499583006,-7.6787281955212,0.30790471428571464,0.9411902988999715,-0.7214343512402559,0.27633415214300805,18.90396,36.850960600189865,11,19.306041909090908,9.483617335928171,11.914224499836564,-5.771768957622912,0.15906599999999962,0.27302075316160523,-1.2797520483882525,0.47777802403209313,0.09327799999999797,0.7568527887857842,-18.726910036833484
ZTF18abkudjo,SN Ia,0.09216,35.9795601000078,15,18.830086,25.0114699001424,4,19.198906750000003,12.296286812933223,5.992071699816734,-9.569752064142032,0.4543453333333325,0.9084916310138824,-0.8724405371305166,0.315050541384329,18.873058,35.9795601000078,11,19.180441636363632,10.512753647344669,12.015451299957931,-5.865140062288639,0.14739059999999995,0.3918170147687983,-1.547702536891816,0.5013936216118717,-0.0429719999999989,0.6951577459708013,-19.15274240392271
ZTF18ablqlzp,SN Ia,0.0414,33.02832179982215,17,17.43066,26.06173609988764,6,17.97299866666667,30.221581797902225,7.057048600167036,-39.080544411866775,0.3075860000000006,0.28295765511001253,-1.4544548043276686,0.37133199902764963,17.408033,32.916157400235534,11,17.826520818181816,62.43037178481107,13.93942129984498,-28.615946510616038,0.2495328999999998,1.6569494306239323,2.073634222305712,0.7345531510847167,0.022626999999999953,0.7917611944491781,-18.814457779131526
ZTF18ablqkud,SN Ia,0.06808,34.989919000305235,15,19.257277,28.019525500014424,4,19.89927375,0.0010591372713878598,7.0662384000606835,-6.898185703246856,0.47292133333333436,0.06396114229493124,-1.9151779836959881,0.33723770243554213,18.926697,31.91775460029021,11,19.353844454545452,11.615654472505293,13.934814800042659,-7.417429806962826,0.2109099999999998,0.4715647017712198,-1.1377055353394967,0.7748908106699459,0.33057999999999765,0.8778664367498978,-18.06793680890969
ZTF18ablwtkf,SN Ia,0.053,38.83144670026377,10,17.653273,32.99704860011116,5,18.971029599999998,45.423431469713336,3.1581828999333084,-26.293841688517137,0.6837852500000006,-0.251900717531066,-1.704627768944208,0.10584125186482825,17.760431,38.83144670026377,5,18.2574676,78.17698566317382,2.996504600159824,-17.467212486416873,0.5269152500000001,1.3600183296777975,0.0659581112364882,0.08361963001891197,-0.10715800000000186,0.8497506893011797,-19.12822242153097
ZTF18abmmkaz,SN Ia,0.065,30.89827540004626,11,18.180658,30.89827540004626,6,18.7551345,50.581247909435426,2.8994213002733886,-13.338563636877435,0.33044319999999916,0.4653935334566207,-0.7020172308599255,0.10355499871321194,18.373888,12.014780099969357,5,18.6398174,0.0,0.0,-13.62370942393509,0.12372499999999942,-0.199994986664633,-1.4988817626235498,0.0,-0.1932299999999998,2.57168879854281,-19.04402485674131
ZTF18ablmflp,SN Ia,0.042,40.95837969984859,12,18.083193,13.97848379984498,4,18.5216695,34.459436617000414,10.999386599753052,-14.43199657585956,0.40611833333333297,0.5725841575943785,-1.2548059934899347,3.692187888133907,17.903452,40.95837969984859,8,18.366537625,30.864021921238635,14.033958400133997,-12.4842709871383,0.25706214285714274,0.17225724362303282,-0.963374908403607,0.5212352846477989,0.17974099999999993,0.34128507773701444,-18.19316952551653
ZTF18abmmdif,SN Ia,0.075,44.869247700087726,23,18.274078,32.91131949983537,9,18.87847577777778,28.245984206115274,9.036898199934512,-15.775892131043362,0.29830562500000024,0.7236457353843087,-0.26891696031061674,0.3785179999304125,18.492077,44.84791670041159,14,18.984874357142857,14.840533153526598,14.902754700277,-8.327625402274933,0.14818530769230792,-0.14179030373789045,-1.4319962891889584,0.4976681942882801,-0.21799899999999894,0.7338427717765835,-19.26134439048553
ZTF18actuhrs,SN Ia-CSM,0.029,443.96421289956197,57,16.550028,425.00657399976626,28,17.70130553571429,13.420186768864221,5.036284700036049,-5.388907877377959,0.13067011111111118,0.9437776816709663,-0.5662785353705848,0.011992002359104225,16.218643,443.9016666999087,29,17.242254620689653,7.866024766032118,8.00027779955417,-7.2326894369261945,0.1599606071428569,1.269263450632089,0.11173683748676577,0.018353412040591145,0.33138500000000093,0.957434057770916,-18.922078063021804
ZTF18abltaxf,SN Ia,0.06,30.944502300117165,16,18.247536,22.07406250014901,7,18.916426285714287,0.0,0.0,-18.481246236175018,0.3025636666666666,0.42549048153943686,-1.6296067570639554,0.0,18.395449,30.944502300117165,9,18.867419666666667,38.90173767054726,6.987361100036651,-10.431589962823193,0.2537421249999996,0.12904442669550945,-1.4909313782391838,0.29166088898842274,-0.14791299999999907,0.7133435944796382,-18.803336325445247
ZTF18abmrhom,SN Ia,0.09,35.87349530030042,14,18.766481,29.852580999955535,8,19.58642425,26.33800775855671,9.005069400183856,-11.324024354900239,0.4604191428571432,-0.0116203655317072,-1.2551641381852938,0.43194936513586013,19.24686,15.004861100111157,6,19.545509166666665,0.0,0.0,-6.103139174227471,0.13285839999999993,0.2936527228363231,-0.9717688306324255,0.0,-0.4803790000000028,1.9895273139005856,-19.164847620723656
ZTF18abmjvuf,SN Ia,0.075,26.983009200077504,11,19.174042,22.043854200281203,3,19.668214000000003,29.85491977917176,2.9847222003154457,-6.316344349896527,0.7412580000000002,-0.3507717200731168,-1.499999999999991,0.15660325980851636,18.857765,26.983009200077504,8,19.191486875,14.120647182389847,10.009050900116563,-7.335025762653889,0.19402999999999995,0.12943055812066417,-1.4726133927660312,0.5896709961953657,0.3162769999999995,0.8169531439887693,-18.36138039048553
ZTF18abmoung,SN Ia,0.06589,41.89621530007571,22,19.245874,14.022013899870217,7,19.45075085714286,8.766592403693224,14.022013899870217,0.0,0.18925166666666607,1.9867028001185707,2.050321000062972,140.22013899870217,18.834965,33.951620400417596,15,19.323721199999998,7.207380757987379,9.097974500153214,-6.647323617139754,0.09835514285714224,-0.12508513674381233,-1.6174395322362465,0.3660619667900086,0.4109090000000002,0.4129998431443864,-18.00833961126471
ZTF18abltfho,SN IIn,0.055,45.98165509989485,24,18.339235,42.98521990003064,10,18.594213399999997,17.05673349087851,16.045706099830568,-6.264668498741085,0.16329833333333355,1.5338211286592889,1.4652801736392282,0.5956197360811835,18.315676,45.96271999971941,14,18.59829435714286,16.10576428716874,18.996296299621463,-5.630484682173958,0.12047315384615367,1.4478340004249683,1.1586927240597067,0.7044425508879201,0.023558999999998775,0.9352192363788099,-18.522694520998247
ZTF18abmkaps,SN Ia-91T,0.074,31.00509259989485,15,18.114906,31.00509259989485,7,18.84613342857143,23.51543912794106,19.02181709976867,-30.5198624053327,0.46783016666666616,0.3501963113484265,-0.7949943661605752,1.5873637470463204,17.995644,27.96190970018506,8,18.407532999999997,39.66474088440611,10.042673600371927,-19.51453026070424,0.2782527142857144,0.5423335886043263,-1.3799271410252743,0.5604409442697534,0.11926200000000264,1.108833156688495,-19.39136867218191
ZTF18abmxahs,SN Ia,0.0148,226.32055559987202,23,15.189333,226.32055559987202,9,17.18666055555556,431.20879886052154,19.04840279975906,-40.159474657975856,1.15607425,0.5313018757684747,-1.4373650974193735,0.0919004436554908,15.246805,38.941782400012016,13,15.780514307692307,411.4337547041767,14.981527800206095,-192.1163276034069,0.2124616666666667,0.717296876064413,-0.07183549722063143,0.6252658016550228,-0.057472000000000634,5.811766736178008,-18.822091650501818
ZTF18abmxdhb,SN Ia,0.07,44.0394561002031,39,18.30366,25.082117999903858,13,18.705764076923078,29.70715719513843,6.962534700054675,-13.418021166949842,0.13989674999999982,0.12499547452659164,-1.3715356857355558,0.38425468096237225,18.429642,40.97233800031245,24,18.841250208333335,29.540305310803436,10.017858800012618,-7.1981540773483506,0.11719086956521722,0.7099797180304577,-0.49275902491848145,0.32363196082832446,-0.12598200000000048,0.6121719975978082,-19.081946273598312
ZTF18abobkii,SN Ia,0.0597,42.00277779996395,24,18.82018,37.879965299740434,9,19.47539888888889,6.796735831058444,11.966655099764466,-9.41979437721344,0.3147059999999997,0.8185754231341109,-0.18490505605093066,0.4617956952398758,18.16555,42.00277779996395,15,18.701686266666666,32.23562137689809,13.039699099957943,-9.819683336971154,0.1958349999999999,1.2057366052202108,1.5366584634993146,0.4502179908089411,0.6546300000000009,0.9018442894453743,-18.219807729173873
ZTF18abmxmsv,SN Ia,0.1,26.843044000212103,11,18.845636,14.866157399956137,4,19.02850625,11.129498437888172,2.8893866003490984,-9.088282347309768,0.21322733333333468,0.9548239699054116,-0.7938252541899176,0.24124921889996426,18.778475,23.882407399825752,7,19.20552,12.448417268037032,2.9880554997362196,-7.708903962068756,0.1571963333333327,-0.20582829416252207,-1.6529416315533072,0.143007809671446,0.0671609999999987,0.6224731515158979,-19.31448007352703
ZTF18ablqqqp,SN Ia,0.1,37.908807900268584,13,18.814917,28.02226849971339,4,19.25763975,9.891065128384117,5.985080999787897,-9.987311366262762,0.5661486666666656,1.081820371484619,-0.7271349162994012,0.2715900565717895,18.915468,37.908807900268584,9,19.291271333333334,11.999629645881102,16.97281250031665,-6.708461555395636,0.2870262499999998,1.4329702082451836,0.9380634807387871,0.8107000491772948,-0.10055099999999939,0.7392020496512329,-19.345199073527027
ZTF18abokpvh,SN Ia,0.08,33.04215280013159,26,18.635424,16.99519670009613,10,18.9911103,0.0,0.0,-12.19314649698216,0.11315155555555576,0.7307441692687247,-0.6100730959273166,0.0,18.642075,33.04215280013159,16,18.999315625,9.346121701872244,12.00069440016523,-9.482061359907046,0.10048100000000014,0.634977053800117,-1.0474677783672652,0.5703356759807303,-0.006650999999997964,0.5143489530751292,-19.040142008486747
ZTF18abntsgz,SN Ia,0.05,42.89380789967254,42,18.993082,30.966307900380343,14,19.747108071428574,14.229820161607117,13.013935199938715,-10.593402803764066,0.22669969230769219,0.20129653245637874,-1.042677373169246,0.7249144955428968,18.647617,41.85065979976207,27,19.188337259259264,20.810795698866386,13.912963000126183,-7.3686831076207335,0.13919238461538413,1.2066005768791852,2.0338958581782443,0.49799964184261286,0.3454650000000008,0.7399240071373114,-17.66188409520712
ZTF18abnxhmc,SN Ia,0.076,50.892175999935716,19,18.65082,25.940138900186867,5,19.0353888,7.954609974698082,16.919108800124377,-18.713125054941763,0.3147720000000005,-0.22110581170816415,-1.0918248075241732,1.8755184953885895,18.48803,50.892175999935716,14,18.935810571428576,20.532953652701558,13.956134300213307,-7.380286928346419,0.19940346153846195,0.8061273864102201,-0.485579481451623,0.37784596448292923,0.1627900000000011,0.5097077967391221,-18.91336403493099
ZTF18abmwnov,SN Ia,0.04777,85.89881950011477,26,17.978445,36.04715280001983,8,18.733502375,27.540249398773035,20.943634300027043,-24.921248377607387,0.4876824285714285,1.3079172186192478,0.8609161540555346,1.3866725359416776,17.822495,82.91124999988824,18,18.547803222222225,42.29408575834105,14.975000000093132,-9.12875772344125,0.2408960588235292,0.8179386221878524,-0.7806750776671505,0.2204272387736782,0.1559500000000007,0.4347679331823898,-18.577447279943797
ZTF18abokyfk,SN II,0.01718,137.72852999996394,39,17.768456,76.82050919998437,15,18.546720399999998,32.727695472531344,9.002175900153816,-9.057758643422492,0.16270271428571448,0.41991056786728126,-1.0704194597331316,0.13273956262467318,17.541605,137.66498839994892,24,18.094338833333335,34.38632525766921,14.890613399911672,-6.978393592900318,0.1419221739130437,1.4508080820504587,1.4365796532966382,0.121284375505126,0.2268509999999999,0.5580250294054641,-16.566775871003145
ZTF18abpaywm,SN Ia,0.045,68.73241900000721,43,17.849625,35.91254619974643,20,18.403561500000002,24.483023067423115,6.022604099940509,-20.4076127440341,0.1321963157894737,1.0247000090284881,0.20660653657418804,0.20149266531967,17.63363,68.73241900000721,23,18.202605999999996,46.668197478790646,15.898703699931502,-14.091008858213169,0.19201590909090915,1.3534919228947713,1.1015948472751615,0.30091966104660295,0.2159949999999995,0.5224979234288649,-18.57655364240375
ZTF18abpttky,SN Ia,0.084,27.86371529987082,13,18.889532,15.917106400243938,6,19.377133666666666,0.0,0.0,-12.757362568208892,0.28447360000000044,0.784637120755869,-0.7818332091500326,0.0,18.995039,27.86371529987082,7,19.317877142857146,16.02228407427194,8.908946800045669,-5.566878035564386,0.24890966666666733,0.6274372457233331,-0.8307379653348548,0.4700108471452896,-0.10550699999999935,0.5712485298153234,-18.89198050383644
ZTF18abqlpgq,SN Ia,0.09526,44.805821700021625,18,18.83011,17.936365799978375,7,19.106480714285716,21.393574766413337,2.873576399870217,-8.65667060939718,0.14868433333333306,0.4299837967297374,-1.0502283372322128,0.19077319104319304,18.914068,44.805821700021625,11,19.372667999999997,12.568278907519684,11.895486100111157,-5.596227722228293,0.20951219999999998,0.6226512608135242,-0.2793771261389737,0.3614513763920268,-0.08395799999999909,0.4003132878594149,-19.22455895940489
ZTF18abquher,SN Ia,0.05,41.93430549977347,45,18.004923,15.932939799968153,22,18.432481,50.15742091839216,5.936851799953729,-35.892641830522884,0.13074928571428554,0.23632958845969057,-1.1250857647186607,0.593917520528547,17.774326,41.93430549977347,23,18.377713000000004,49.64351234577204,9.998437500093132,-20.270090358998615,0.1692492272727275,1.4518316817574721,1.2283069027226192,0.31307862057149066,0.23059700000000305,0.3799500101427511,-18.65004309520712
ZTF18abpamut,SN Ia,0.074,24.931944500189275,19,18.462725,22.036794000305235,9,18.78533611111111,24.1647486115207,6.098194400314242,-15.070774994965396,0.17878462500000047,0.5809760164642863,-1.1716711071570367,0.3826054078375673,18.51946,21.89340279996395,10,18.7867824,15.864117469596456,15.895787099841982,-6.722772763234986,0.15518077777777803,1.7154281744716766,1.9521731972585679,2.6503510552566283,-0.05673499999999976,1.0065495163840643,-19.04354967218191
ZTF18abpmmpo,SN Ia,0.075,32.91783560020849,19,18.124117,26.939513800200075,9,18.524848777777777,27.623111463066305,3.020960600115359,-15.701697215414088,0.17114425000000022,0.7467066201748125,-1.1237098150340177,0.12630197883811212,18.24912,32.89890050003305,10,18.613390499999998,26.64670530524175,11.938113400246948,-11.71287394691214,0.20242499999999966,0.8492313995922296,-0.39369597651608323,0.5695450911940598,-0.12500300000000308,0.8188575724642534,-19.41130539048553
ZTF18abojpnr,SN IIb,0.0375,29.884293999988586,16,19.173237,26.941423600073904,10,19.525927699999997,4.791557126069061,6.022835700307041,-6.170974458993026,0.13137922222222187,0.7698495871409722,-1.0946320751940846,0.28791789049843874,18.715961,26.941435200162232,6,18.943016333333336,6.158495762976967,15.032037100289017,-9.418946156398846,0.16393019999999936,-0.006804676593263672,-1.8195025647056107,1.2621995649342719,0.45727600000000024,0.9999995694331708,-16.857035412165622
ZTF18abrlljc,SN IIP,0.05,72.82097220001742,15,18.281977,18.99381939973682,7,18.44483185714286,12.928831421276495,3.0353239998221397,-10.50872670928314,0.104003333333333,0.654195262007752,-1.1002152804494847,0.1902011388766868,18.320974,72.82097220001742,8,18.512201,8.045818827300856,18.93673609988764,-4.497634521060521,0.1734827142857139,1.3727859099513764,0.4808163083250596,0.35143369323634205,-0.038996999999998394,0.2608289731090994,-18.37298909520712
ZTF20acfkzcg,SN IIP,0.0187,183.6877314997837,172,18.08067,112.89179399982095,73,18.717780356164386,32.43576450094053,4.052268600091338,-4.24814936669397,0.059311111111110995,0.43122393881274584,-0.2993469509264086,0.03723159013427125,17.7716,183.65326389996335,98,18.249242163265308,5.662332997047903,71.93229170003906,-6.0777886050533425,0.09361635051546399,2.2474154385750884,3.5371105495040664,0.6438566572023422,0.30907000000000195,0.6147007224511597,-16.438654106209523
ZTF18abrzeym,SN Ia,0.056,26.96065969998017,21,18.617407,24.923738399986178,7,18.98791857142857,16.577352349693605,9.001469899900258,-12.480767579966905,0.24482749999999953,0.18713844896107798,-1.2750708810813227,0.5653384063867334,18.424583,24.02515049977228,14,18.772306,25.06043235491146,10.979791699908674,-13.723142194165597,0.14521292307692318,0.9780224250801606,0.4860081881946856,0.841662683898236,0.19282400000000166,1.0374019675848614,-18.28364920855803
ZTF18abqyvzy,SN II,0.0148,131.72881950018927,41,16.409985,76.97659720014781,17,17.267071705882355,94.71129728578715,5.911874999757856,-32.59827870349647,0.14658900000000008,0.40602881782169914,-1.4525373898718776,0.08319001069317367,16.339384,131.72881950018927,24,17.144639500000004,125.30058412180996,17.960324100218713,-24.160864751411797,0.2062305217391306,1.1785283395147343,0.7510865365755235,0.1578672903871713,0.07060099999999991,0.5843565401422064,-17.601439650501817
ZTF18acgvgiq,SN II,0.01026,243.65368050010875,37,17.534445,156.73219910031185,12,19.042312333333335,0.0,0.0,-4.783302679167389,0.3339604545454539,-0.9999732290426443,0.27831347129456185,0.0,16.654152,243.65368050010875,25,18.13697468,0.0,0.0,-8.28878289339064,0.20093608333333313,-0.4211165187112441,-0.45923266220243253,0.0,0.8802930000000018,0.643258081628863,-15.681407877406013
ZTF18absnqyo,SN Ia,0.04,20.98131940001622,13,18.305323,17.98167819995433,7,18.799751714285716,30.799871064988046,12.035011500120163,-33.99091004472079,0.3725114999999999,1.2018515514484898,0.3072759096760107,2.0238247925439943,18.016447,17.91454860009253,6,18.244705500000002,22.89827306429215,11.95296290004626,-27.805662381804737,0.19343339999999998,0.6995752062500603,-0.5843624003691414,2.0049972442656467,0.2888760000000019,1.0037472113509718,-17.86509303016684
ZTF18absdgon,SN Ia,0.085,23.962118099909276,15,18.365124,20.896631899755448,8,18.627952000000004,18.471797950994972,8.995833300054073,-16.9368682964336,0.163256714285714,0.39308660147953284,-1.2851615295420582,0.7559016501867198,18.288847,21.020845000166446,7,18.61535642857143,21.265173876613837,15.060104200150818,-19.74321713806207,0.2468936666666662,1.355593476750377,0.5691794492000941,2.52654908264277,0.07627700000000104,0.9940909558864064,-19.442086702098493
ZTF18absspcp,SN Ia,0.0658,31.90065970038995,17,18.384647,31.829745300114155,10,18.751549699999998,22.20757969182931,8.9915276998654,-12.870688075162176,0.20389244444444424,0.9598280082414617,0.14324753101504317,0.3937053169931906,18.38052,21.023368100170046,7,18.654094714285716,25.68233044968863,8.962199100293219,-8.272436799777848,0.17804049999999982,1.006658302685176,-0.020282335369428584,0.7430622272505049,0.004127000000000436,1.5140174090305112,-18.866598541596808
ZTF18abukavn,SN Ic-BL,0.032,18.00473379995674,12,15.930142,17.945752300322056,7,16.860267285714286,413.2067641453224,3.0081945001147687,-249.18448784827956,0.4414679999999998,0.5296517902219025,-1.0772280886029153,0.201384626613664,16.322792,17.9857986997813,5,16.7995908,369.12269541095816,3.0059722997248173,-124.34618008324153,0.39744950000000046,0.18616244646398472,-1.3760606840439304,0.20066803308972148,-0.3926499999999997,0.9977734433634171,-19.75572396512656
ZTF18abtnlik,SN Ia,0.09,20.95196759980172,13,18.874304,20.900277799926698,8,19.322439624999998,24.166806555574905,9.023009299766272,-8.502944210548115,0.2988902857142861,1.5374301135523027,1.3387277007130516,0.7596872378227704,18.850555,17.910544000100344,5,19.081506199999996,16.683748061252704,8.980636599939317,-6.7680424052172805,0.2629710000000003,1.209882155141209,-0.2089523226926251,1.0056808203607324,0.023748999999998688,1.1669259068741633,-19.057024620723656
ZTF18abvptts,SN Ia-pec,0.05,24.9642244996503,21,17.946459,24.9642244996503,12,18.436956499999997,52.399651206448134,10.056435199920088,-19.245768229180804,0.2123866363636363,1.132607527959713,0.34826093823145676,0.6745758876604246,17.768219,21.91339119989425,9,18.096090333333333,43.510137770014744,9.97134259995073,-25.953740532462227,0.19457262500000017,0.9738578593291509,0.3571419642766047,0.8349775598801273,0.1782400000000024,1.1392223262901806,-18.70850709520712
ZTF18abzrgim,SN II,0.02081,105.86435189982876,19,18.296648,105.82358800014481,9,18.81414711111111,6.924350140469395,11.974386600311846,-3.135163204627399,0.16816437499999948,0.23985499659326562,-0.5514098134687164,0.12759177938335828,17.96048,105.82515050005168,10,18.105099600000003,3.3802585839364556,80.82468750001863,-5.896656898002342,0.10964555555555539,1.8610698345533605,2.4167816230131764,3.232927626176834,0.3361680000000007,0.9999852350797567,-16.45482847458516
ZTF18accnmri,SN IIP,0.01969,57.82311339955777,21,19.546,19.024097200017422,4,19.62363625,1.0435044629217487,14.063182800076902,-4.814099673402047,0.09866666666666764,0.33666450225052663,-1.5343651724296883,2.8347965045003627,18.22488,57.82311339955777,17,18.315284647058824,3.2790406152092078,15.02718749968335,-2.1420336890710123,0.05245837500000072,0.24327380620788194,-0.7481257789007159,0.35113593604309534,1.3211200000000005,0.32900506530253554,-15.085344654217614
ZTF18acbwaxk,SN II,0.0024,538.8014929997735,618,14.584111,538.7506249998696,286,17.868001388111892,175.396852088856,67.99790509976447,-31.052719594363104,0.07938228421052636,-0.19365159998568487,-0.8042232371043969,0.14444506048567024,13.958308,538.7553702997975,332,17.250096123493975,268.2487722453886,79.0004976997152,-56.59822309855244,0.0586076646525681,-0.06531384334383208,-1.4609852349489862,0.17183177908031388,0.6258029999999994,0.999991192106493,-15.47706128208506
ZTF18acbuemc,SN II,0.043,64.83909719996154,13,18.540543,14.966458299662918,5,18.664794399999998,17.884101543441798,2.9290971998125315,-6.685674274408895,0.10379324999999984,-0.020252751781846403,-1.3471469713543263,0.24333383168582834,18.499332,58.85339120030403,8,18.958871749999997,3.2474603545963747,5.943912100046873,-5.307363219095755,0.1970157142857149,0.6330506994143501,-0.8348274682413086,0.11234115703131131,0.04121100000000055,0.2543006952432947,-17.786915351424966
ZTF18acbvgqw,SN Ia,0.00867,65.8508565002121,11,13.911295,65.8508565002121,7,16.195304714285715,1637.19149738509,12.940879700239748,-488.285620244335,0.8061733333333331,-1.2019541050221165,0.18806751903362873,0.24458297816238145,14.008196,33.00280090002343,4,15.0404,0.0,0.0,-647.9854624827748,0.705959333333333,0.052140184635518935,-1.6906335265359704,0.0,-0.09690099999999902,1.9953111464598556,-18.938916560908076
ZTF18abxbmqh,SLSN-II,0.206,132.91690979991108,20,19.3142,82.8945717997849,9,19.55146733333333,0.02607041059740392,8.964201400056481,-1.399333047784561,0.12905675000000105,1.0848599846957687,0.026540586675786404,0.12125194763111063,18.978,129.7234722999856,11,19.19946636363636,1.3423438053057086,59.01881950022653,-1.655520645463159,0.1205056999999993,0.6724426014137157,-0.8403561877041419,0.8347232772272045,0.33619999999999806,0.6390098131823913,-20.4152521753728
ZTF18acbwfza,LRN,0.0039,129.73526620026678,15,18.95949,5.969780100043863,3,19.107318333333332,5.416784585916674,5.969780100043863,0.0,0.22783599999999993,0.04974958408556842,-1.5000000000000064,59.69780100043863,18.483402,129.69237270019948,12,19.404637666666666,9.860233475426949,6.0173957999795675,-2.419647956515097,0.2077875454545451,-0.9621859336665312,-0.3018292648334855,0.048654917516858395,0.4760879999999972,0.046030309845928825,-12.15594910865953
ZTF18acbxsge,SN Ia,0.034,67.87307869968936,18,16.560738,63.88348379964009,7,18.32341428571429,149.56644494582062,14.985867999959737,-45.10029041862726,0.9977291666666664,-0.32620329840240714,-1.5503409044216534,0.30647441096826855,16.812254,64.86243059998378,11,17.614370454545455,121.59658984734777,12.002361200284213,-28.934965440882962,0.34312060000000033,0.26031389037142816,-1.2794917286419334,0.22705912679623588,-0.25151599999999874,0.9849073370934709,-19.256772658738306
ZTF18aaklpdo,SN Ia,0.046,27.022175999823958,21,17.227959,27.022175999823958,13,17.665962999999998,84.4820273214517,11.029432899784297,-50.28142068076388,0.2317769166666667,0.9508868448111253,-0.6082121595755021,0.6896523523695535,17.160463,19.99663189984858,8,17.578693875,72.36565518331943,6.992986099794507,-57.27144988999002,0.1937514285714284,0.16191476710326672,-0.10663256210644523,0.5377711918118708,0.06749599999999845,1.3513363718031224,-19.2459462319349
ZTF18acbzvpg,SN IIb,0.026,70.91030089976266,21,18.849108,64.98015049984679,7,19.645469,25.309407574701073,5.997939900029451,-3.856060628157117,0.4157306666666667,0.14281043236345864,-1.3996910001858158,0.10169065959097888,18.536182,70.91030089976266,14,19.403242285714285,14.723316043098228,16.985092599876225,-5.2720564053857135,0.22070692307692305,-0.20952400502857466,-1.2726679706361874,0.31497500214407137,0.3129260000000009,0.9163711008884504,-16.385874813381122
ZTF18acclexy,SN Ia,0.08,38.890370399691164,17,18.556023,11.856134299654514,6,18.79451483333333,18.588566566123063,8.877534699626267,-0.07129551227994049,0.1246608000000002,0.4854590978023122,-1.3540062308001652,2.9804390961249303,18.648844,36.022882000077516,11,19.098045363636363,18.672796813802623,6.05283570010215,-6.591352618293776,0.17209609999999992,0.05278698448538125,-1.7317152173932553,0.20196284114873475,-0.09282100000000071,0.3291278665496281,-19.119543008486747
ZTF18accmkud,SN II,0.04,64.7847799998708,15,19.346323,57.896435199771076,4,19.6462045,0.0,0.0,-1.5489472388274752,0.24451133333333294,0.5610449912394833,-1.1737477921194743,0.0,18.846716,64.7847799998708,11,18.926026545454544,1.1502555751541947,24.95292819989845,-0.8966064227242195,0.06358520000000034,-0.288700772441369,-0.7955709421677226,0.6264566439242418,0.499607000000001,0.8936734090921746,-16.82409303016684
ZTF18accndxn,SN Ia,0.032,66.97980319987983,29,17.3084,66.97980319987983,13,18.44354523076923,80.92857964083562,9.980659699998796,-19.389383668868483,0.3992221666666674,0.42459110808987033,-1.388632496575255,0.17510192411960765,17.1889,61.89916669996455,16,18.0671226875,65.70606745654091,5.009004699997604,-19.842204613144638,0.1717967333333334,0.2038571322573653,-1.4342064951194198,0.08804694034797289,0.11949999999999861,1.0820792390395488,-18.37746596512656
ZTF18accwjiu,SN Ia,0.03282,87.89952549990267,43,18.959152,21.046643499750644,4,19.299395999999998,0.0,0.0,-7.30962503044526,0.3225443333333331,0.860725384312264,-0.9335125879649251,0.0,16.999847,87.89952549990267,39,18.3943052051282,93.6346695298466,15.875382000114769,-20.782530124238928,0.1737392631578948,0.08597924942427401,-1.2715783087794725,0.22041750486295641,1.9593050000000005,0.23943978514166098,-16.7816569571124
ZTF18acbxmvy,SN Ia,0.05,65.92090279981494,13,17.94451,61.957997700199485,5,18.8318604,32.46621186024945,12.043796299956739,-12.430598855060735,0.98056725,1.1566531870426635,-0.2508943851655445,0.24128997283522935,18.073566,65.8915392998606,8,18.87966475,37.89808656027824,8.956979100126773,-8.707495538963139,0.4459367142857147,0.4158657779578206,-0.8004593456777709,0.1573205987488887,-0.1290559999999985,0.9403027817917522,-18.71045609520712
ZTF18accrorf,SN Ia,0.04,68.92739580012858,12,17.495975,19.034085600171238,3,18.191908333333334,63.32033265792861,13.038842599838972,-29.490163866117125,1.043899999999999,0.6739756457486523,-1.4999999999999998,2.1748647384461877,17.601227,49.783310200087726,9,18.598608555555558,0.0,0.0,-15.756420726270969,0.29020499999999894,0.3985095714630628,-0.8665255061915809,0.0,-0.10525200000000012,0.3823386898876342,-18.67444103016684
ZTF18accnlji,SN Ia,0.09,44.95012729987502,15,19.540789,5.955786999780685,4,19.81675425,0.0,0.0,-9.882924228687191,0.1762923333333338,-0.06729397382077987,-1.8037220916503895,0.0,18.702751,44.95012729987502,11,19.21657463636364,10.494411429821584,11.902384200133383,-7.350687892403461,0.19596780000000003,0.6316097960115865,-1.0382062400820447,0.3601572477796959,0.838038000000001,0.132497667026568,-18.390539620723654
ZTF18acebssa,SN II,0.0296,85.79575229994953,21,17.296381,40.84300919994712,6,17.97038033333333,18.231916192851354,6.0595253999345005,-27.00105521305235,0.3482545999999999,0.37866217551252923,-1.5423574049157578,0.17420697233128507,17.35683,85.75320600019768,15,18.202110199999996,26.704317447508622,12.982372600119561,-13.720469371318536,0.18941835714285737,0.685576496422551,-0.7989036282271598,0.17840076846097552,-0.06044899999999842,0.47628550703810385,-18.220193628821722
ZTF18aceqrrs,SN Ic,0.0848,92.90837970003486,18,20.062893,39.92386580025777,4,20.312064250000002,0.5283827148551156,8.948391200043261,-0.9401903035930328,0.2451833333333345,0.11517243240693664,-1.7922572620575923,0.2888863307353906,18.819538,81.87254629982635,14,19.352202357142858,12.978005237072747,10.034155099652708,-2.1743066364224344,0.24737015384615327,-0.3575018704565169,-0.42706617994895124,0.13967677911512658,1.2433549999999975,0.4876343488090885,-17.739202334810596
ZTF18acefuhk,SN II,0.057,63.93475690018386,31,18.727438,57.086192100308836,10,19.444572899999997,7.034020859424177,34.08766200020909,-6.627255906756775,0.2424164444444447,0.06808555964380832,-1.414439026507353,1.4821669842309295,18.491072,63.93475690018386,21,18.994445428571428,9.13061090339049,35.011608799919486,-7.208110667454908,0.1407148000000001,1.2377474538594508,0.48115606316610826,1.2105047721136366,0.2363660000000003,0.8928819763784019,-18.21205235188949
ZTF18acfwmqj,SN Ia,0.053,58.95826390013099,24,18.189663,19.014849500264972,6,18.68666083333333,39.302689958345425,10.02479170029983,-20.36693938140539,0.3876480000000001,1.0628732334005373,-0.12032141365465776,1.1150975803891603,18.145279,58.95826390013099,18,18.92551177777778,25.167541927799267,16.152696799952537,-10.532497937055679,0.20889447058823513,0.5504934644067316,-0.830652834862954,0.37735037506103264,0.04438400000000087,0.32251372822771884,-18.59183242153097
ZTF18acnbeuu,SN Ia,0.102,42.95299769984558,26,18.684122,30.938182899728417,9,19.131652000000003,13.224507309381584,12.971504699904472,-11.91993713211487,0.23689424999999975,0.3138307019514773,-1.420398692194197,0.7219756794014143,18.639841,42.9220833000727,17,19.07946288235294,12.027967895231527,18.004560200031847,-8.814849172623925,0.18218599999999996,0.5220138877454155,-1.25223344782405,0.7225662088380818,0.044280999999998016,0.7207987245967629,-19.51899493233662
ZTF18aceyjco,SN Ia,0.08329,39.064050999935716,10,18.654367,32.006608800031245,4,19.231583,16.69208926721216,7.980613499879837,-10.6535255173583,0.6655359999999995,0.7541153762806175,-0.9270256332017133,0.3321657812789776,18.695301,39.0275925998576,6,19.144912666666663,19.248478879738357,8.02721059974283,-6.782371060837655,0.35286839999999986,0.18515267075449054,-1.7671044202112156,0.2589390866123234,-0.040934000000000026,0.8201020526218168,-19.10871338395107
ZTF18aceynvm,SN Ia,0.054,53.96873840037733,17,17.999588,18.003993100021034,4,18.46576225,52.84802599641449,9.022152800112963,-5.465753687739279,0.5389156666666667,1.085181889767596,-0.723141277210587,1.0044882227760499,17.971712,53.92743050027639,13,18.636825307692305,33.850672071416305,15.001018499955535,-13.43678013918943,0.2980544166666664,0.7067019385552362,-0.820130916205958,0.3853686412154269,0.027875999999999124,0.3338559418277635,-18.822496872641874
ZTF18achtnvk,SN II,0.04,68.87304400000721,33,19.034178,27.996666599996388,8,19.393319625,0.7491918338771482,3.0770254000090063,-5.250933175167795,0.16904557142857207,0.47322372313394184,-1.672372158844916,0.12347791749146711,18.813484,55.91916669998318,24,19.084299125,3.89071583268443,17.9974768999964,-3.85573556325393,0.06837778260869536,0.8859586899889863,0.018217725491127545,0.4745958578038544,0.22069400000000172,0.5006631581297296,-17.13623803016684
ZTF18acnmifq,SN IIb,0.073,49.98187500005588,26,18.77831,36.981886599678546,8,19.286054125,7.551318727848581,7.1514121000654995,-7.177778293337675,0.24093328571428582,0.5744972589569094,-0.7023056620693091,0.23973511048770832,18.796564,49.8673379002139,18,19.21042322222222,16.43557160996711,6.955578700173646,-3.9140447714418154,0.1416125882352943,0.38154475378585173,-1.2054070328199145,0.1620902715208917,-0.018253999999998882,0.7416053905600587,-18.698420374129302
ZTF18acnbgpw,SN Ia-91T,0.055,85.0205207997933,21,17.617193,73.96732639987022,10,19.1657549,32.465504597919775,12.990219899918884,-13.697884742738047,0.4175615555555557,-0.07429573465124101,-1.6166108509295287,0.21303437708919906,17.774101,84.98227999964729,11,19.09777718181818,34.53101714717875,9.938298599794507,-9.62770356509355,0.36131020000000047,0.32417275095686143,-0.9947572673692426,0.13243298682196522,-0.15690800000000138,0.8703852897354273,-19.244736520998245
ZTF18acdvvgx,SN II,0.02094,215.72988429991528,50,17.882624,71.93998839985579,14,18.528559357142857,0.0,0.0,-7.106814862957744,0.11015238461538465,0.029282992191951216,-0.8683304160955565,0.0,17.361933,215.72988429991528,36,18.166230083333335,6.827462491546488,12.994027799926698,-5.076794057963509,0.09317199999999966,0.8681473419755141,-1.1203330542761099,0.06409338744637622,0.5206909999999993,0.33347252112666176,-16.882375460241143
ZTF18acnncve,SN Ib,0.0445,47.95804399996996,10,19.032848,25.037476900033653,3,19.483047333333335,19.434710525129876,2.0352431000210345,-6.949177214194488,0.675298999999999,0.6315395437022515,-1.4999999999999882,0.08848023708114462,18.676083,47.95804399996996,7,19.290229142857143,8.71955666647782,16.981157400179654,-7.32617350739522,0.3710636666666674,0.534717313204622,-1.089237419814158,0.5481879964106724,0.3567650000000029,0.5220704351505524,-17.369068128431685
ZTF18acnnxor,SN Ia,0.08,47.97722219955176,14,18.580376,13.977986100129783,3,19.39195866666667,0.0,0.0,-18.84275671508851,0.6765619999999988,-0.5944048957223977,-1.4999999999999951,0.0,18.508894,47.97722219955176,11,19.421709454545454,15.449085190683933,3.0325462999753654,-6.9606070485293765,0.2135974000000001,-0.19401956967937908,-1.283341326761619,0.06747287057428636,0.0714819999999996,0.29134629849954874,-19.095190008486746
ZTF18acnbenl,SN Ia,0.065,39.99737270036712,13,18.185747,32.06539360014722,6,18.845981666666663,17.110642543632824,10.019583400338888,-19.14474156881264,0.4273029999999999,0.6188119357843207,-0.78638525589419,0.4544892344408372,18.235025,39.91509260004386,7,18.655280285714284,21.01331332368699,9.998692200053483,-11.480092337122263,0.30041516666666607,0.7182810822741116,-0.8310099957675767,0.33422109833964847,-0.04927800000000104,0.8033400779361334,-19.03893585674131
ZTF18acnnevs,SLSN-II,0.191,213.72923610033467,82,18.890535,201.73574070027098,35,19.588694800000003,2.4693040758395015,85.97987260017544,-2.001245155903579,0.11929447058823517,0.6037973697197342,-0.6931654594805727,0.742769019068887,18.595623,213.66840280033648,47,19.314806765957446,4.357351710681423,65.00736110005528,-1.9168744401147975,0.13257745652173902,0.5073160638877443,-1.1576810959689285,0.43728579025510966,0.29491200000000006,0.9441533612659798,-20.67474790976567
ZTF18acptgzz,SN Ia,0.09,48.813298699911684,15,19.2702,3.9762037000618875,3,19.504365000000004,482.91325227394736,0.00046289991587400436,-15.02635817860105,0.35124750000000127,-0.5676649517187828,-1.5000000000000002,0.0001164311103623767,18.890385,48.813298699911684,12,19.34494008333333,8.591763723562416,14.893680599983782,-5.633862367974115,0.204848454545455,0.816445671596986,-0.6868168033528432,0.4390875084768551,0.3798150000000007,0.08145738571175648,-18.661128620723655
ZTF18acpuxuh,SN Ia,0.099,38.855057899840176,10,18.655518,27.73129629995674,4,19.1544265,18.904624788964274,8.957708399742842,-9.897938556312928,0.5242813333333322,-0.5194800246829058,-1.2675111671532633,0.4771441904102296,18.735348,32.91991900000721,6,19.126848166666665,7.801064330127645,8.896261600311846,-7.575047596381395,0.23512320000000103,0.4017446907117421,-0.983442993991329,0.3703125403555187,-0.07982999999999763,0.8423865289568502,-19.482774046514777
ZTF18aceexmi,SN Ia,0.1,32.75829859962687,11,19.450745,3.899629699997604,3,19.581643333333336,0.0,0.0,-9.027447473663582,0.12952750000000002,-0.03886172274106642,-1.4999999999999987,0.0,18.946295,32.75829859962687,8,19.325025750000002,1.100028247047871,2.916527799796313,-4.308452779770471,0.1352579999999993,-0.20074101137996206,-1.5167718992216759,0.0977330674965466,0.5044500000000021,0.11904249813639657,-18.709371073527027
ZTF18acmyxfx,SN Ia,0.06,55.91862270003185,15,18.754702,42.805335600394756,4,19.711975499999998,0.0,0.0,-6.361389153907866,0.7242659999999989,0.3519185243233238,-1.340676796053025,0.0,18.458979,55.91862270003185,11,19.211334090909087,30.48135193493873,10.026794000063092,-6.634773710116485,0.2981123999999998,0.04724210327688511,-1.4416328901077355,0.21848756704850852,0.2957230000000024,0.7654933818741995,-18.296170325445246
ZTF18acqtjcz,SN Ia,0.06268,44.906481499783695,80,18.149967,29.833657399751246,34,18.463098411764705,21.032621338769,8.039351900108159,-18.939857529342202,0.09089548484848496,2.263972003144613,5.262253247141851,0.36887396573567416,18.102472,41.83013889985159,36,18.437218833333333,25.66483201644915,9.908148099668324,-10.471051630687729,0.12422779999999989,1.0619876216569357,-0.006305573841058454,0.3103862839159593,0.0474950000000014,0.7132096183371051,-18.995794012509794
ZTF18acqwdla,SN II,0.028,67.68469909997657,18,16.95802,67.68469909997657,7,17.920900857142858,130.38663293576332,6.955694499891251,-20.71395744081683,0.405690333333333,-0.5383078847713192,-0.9920946269937163,0.11453661303517362,16.928926,54.74267359962687,11,17.16371254545454,33.06676975619979,5.0575115997344255,-13.962665797356191,0.06858240000000002,0.6190040832919944,-0.43093043802395137,0.10179118666746773,0.02909400000000062,1.236415663491414,-18.437886230238124
ZTF18acqqyah,SN Ia,0.01706,214.7656828002073,48,15.369639,214.67865739995614,28,18.380639607142857,380.1294688772662,17.949213000014424,-35.79022777356617,0.335025148148148,-0.7029215870587706,-0.6834358169443506,0.09123806075273876,16.037428,168.77427079994231,20,18.172817799999997,499.13341194066817,7.098078700248152,-23.484545028778903,0.3941483157894738,0.09863411721089793,-1.2419095236828566,0.04390305466788378,-0.6677889999999991,1.2719868756205552,-18.950372207684552
ZTF18acqsfxh,SN Ia,0.04184,43.019814800005406,28,19.59749,29.01821759995073,8,19.872186624999998,7.013163574760677,6.986273100133985,-2.8154396240324773,0.17747042857142908,0.25672265970281133,-1.4611286143645523,0.3170974355074331,18.589064,43.019814800005406,20,19.019314249999997,17.275354300921887,12.03626159997657,-7.427121044640599,0.15829568421052617,0.6966580323805853,-1.0925212759989915,0.38847260423202096,1.008426,0.6745314394042228,-16.670584452823114
ZTF18acrcizr,SN Ia,0.045,45.78513879980892,14,17.972868,39.855185199994594,4,18.7910005,2.722352134933055,12.010162000078708,-20.444741381273797,0.7860803333333344,0.7076925484071442,-1.1188073517922654,0.43132167331485605,17.794874,45.78513879980892,10,18.456230400000003,45.40702368515779,8.870370300021023,-14.936347934658784,0.24929711111111175,0.17043435438833127,-0.8322561627701952,0.24029326636768666,0.1779939999999982,0.8704830048513673,-18.45331064240375
ZTF18acrdmmw,SN Ia,0.05,63.97546299966052,19,17.300156,60.9538888996467,9,18.543458555555556,69.33662326273962,10.968946699984372,-22.53268976926559,0.5110168749999997,0.18864057522188393,-1.2132115328051156,0.21944502118596973,17.493492,55.045173599850386,10,18.2476616,59.47976845429287,14.052835599984974,-18.38957721980837,0.38129344444444474,0.37993535933616623,-1.05903105682892,0.3428161526193288,-0.19333599999999862,1.1073430223465108,-19.35481009520712
ZTF18acrtvmm,SN II,0.02345,89.78483800031245,21,17.768167,43.76748849963769,8,18.223389375,3.7077833973914025,11.844293999951333,-13.76761129838938,0.14393642857142858,0.03188758925503548,-1.696858657646686,0.37102471057737346,17.65167,89.78483800031245,13,17.93429276923077,53.949468824803056,5.912129700183868,-4.238874909598629,0.09721425000000039,-0.08010506907543416,-1.0449769037177379,0.07048931434320697,0.11649699999999896,0.48747081884232374,-17.242663308782546
ZTF18acrlmvt,SN Ia,0.092,72.83503470011055,26,18.531523,32.74755789991468,4,18.94942825,6.807033412860267,14.80015050014481,-14.259952922679464,0.5015846666666673,0.9336567893772492,-0.8298937013523333,0.8246400257418005,18.298874,72.83503470011055,22,18.806485545454542,22.84144826111723,11.932326399721205,-6.421538530392454,0.18088876190476202,1.0226796291598683,0.6361025178286424,0.19592439700493455,0.23264899999999855,0.44961271776348827,-19.447532210254806
ZTF18acsohut,SN Ia,0.1,42.833379599731416,10,18.925701,29.831458299886435,4,19.603827499999998,15.002751372910003,13.877071799710393,-9.33482163860201,0.8302356666666668,0.4238038301797238,-1.3653100568925667,0.8697966417923542,19.05444,31.768159699626267,6,19.4493875,11.099154157985613,2.788032399956137,-5.427307196696958,0.2633355999999999,0.9127503801560753,-0.4237883781410994,0.09620497422686863,-0.1287389999999995,0.9390363993995341,-19.23441507352703
ZTF18acrxppd,SN Ia,0.03781,73.97854169970378,18,16.832544,60.965324100106955,11,17.98996890909091,112.73389809735677,14.021365799941123,-36.442505532601736,0.4909369000000002,0.2967095512478221,-1.4426421675077647,0.29868307462030935,17.177464,73.91068289987743,7,18.31798785714286,49.69847440247995,21.886909699998796,-21.86847879088388,0.6365043333333334,-0.29471738639966255,-1.3557179868354627,0.4207097708178125,-0.3449200000000019,0.8248513165910426,-19.215605460339702
ZTF18acszayr,SN II,0.021,57.950682800263166,20,17.0066,45.006145799998194,11,17.768033272727273,0.0,0.0,-31.304708305903283,0.2748744000000006,1.225449058259305,1.0669187118191577,0.0,17.177567,53.89047450013459,9,17.73462211111111,56.98391794047734,16.03755780030042,-24.65347214359209,0.35058800000000057,0.518680844883017,-1.4422506165047917,0.42368089961138133,-0.17096700000000098,0.8351410192145514,-17.764612547196627
ZTF18acuefvt,SN Ia,0.07557,41.04216440021992,14,18.675123,33.00723380036652,5,19.566546,15.827573466024877,2.993067200295627,-8.91147690324566,0.5397935,-0.27357191895798927,-1.699465734284001,0.09972181604031469,18.519838,40.976504700258374,9,18.938468444444442,10.125115204409207,9.983912100084126,-8.072266157561979,0.17926962499999988,0.5454650879333741,-0.7186548465386813,0.3221386551581359,0.15528499999999923,0.8055160888370841,-18.876740184615905
ZTF18acrgunw,SN Ia,0.09,37.97494210023433,14,18.35395,26.97173610003665,5,19.5061638,0.0,0.0,-13.651456492480015,0.4486124999999994,-0.8455151310816013,-0.657494326745601,0.0,18.299816,37.97494210023433,9,18.804071111111114,11.044205992711973,6.042615700047463,-9.2468286610233,0.1681522499999999,0.02146376501605638,-1.6047334414582024,0.1892319283073626,0.05413400000000124,0.7102508814587559,-19.577378620723653
ZTF18acsxpmp,SN Ia,0.076,36.97298609977588,10,18.597527,24.851666699629277,3,19.282631,0.0,0.0,-12.164389355829975,0.9642549999999996,0.6961300372823643,-1.4999999999999964,0.0,18.510244,36.941701400093734,7,18.930538142857145,13.172398494332294,8.085671300068498,-7.874686979961021,0.21280249999999987,0.1632628826411704,-1.7032748568688054,0.28020733524468516,0.08728299999999933,0.672726641106092,-18.96665703493099
ZTF18acsxwdi,SLSN-II,0.1193,57.991747700143605,20,18.115664,44.987303299829364,8,18.200271125,3.383011204134781,13.933009299915284,-4.5063206770015345,0.06039242857142873,1.5241012746646747,1.2785008263264865,0.44866611039213555,18.082174,46.93115740036592,12,18.428214916666665,9.404764819933176,33.947511500213295,-3.614689436527843,0.0921116363636365,0.5553469652436532,-1.2934927822938613,2.61463627098874,0.033490000000000464,0.9585807338192474,-20.427654291878742
ZTF18acsyanq,SN Ia,0.06,57.9661690001376,15,17.595844,47.89733800012618,7,18.504418285714287,23.009641639208198,5.917685199994594,-18.96529663812974,0.39781900000000014,0.3145431441802694,-1.3939355471732937,0.14096555843777833,17.608763,36.93806710001081,8,18.466221,50.328148245071546,15.933067100122571,-21.62239256879295,0.44546771428571474,0.8165115321694273,-0.890958170496646,0.7585368769439345,-0.012919000000000125,1.2966931342249948,-19.455028325445248
ZTF18acslbve,SN Ia,0.05,46.903287099674344,15,18.51948,30.899814799893647,5,19.130649,3.0503030387636003,9.925925999879837,-14.192697009637818,0.4106777499999996,0.43825031756287974,-1.747346184268156,0.4732515793577251,18.350464,46.903287099674344,10,18.787648899999997,15.419618044944714,18.94076390005648,-9.395819376889376,0.22622744444444484,0.33507684266910615,-1.3527071685174648,0.6773624742246196,0.16901600000000272,0.6587984917608939,-18.13548609520712
ZTF18acslpba,SN Ia,0.03013,37.94402780011296,13,17.119385,24.99486119998619,5,18.257869799999998,0.0,0.0,-50.65735432229489,0.6035037499999998,0.2337594854186488,-1.6087520934989614,0.0,16.849543,30.90086799999699,8,17.34601025,128.26654947550185,6.054016199894249,-52.16672380622977,0.29568928571428493,0.6817295628566634,-0.10074710488730787,0.24365325026284482,0.2698420000000006,0.8088724627408079,-18.43572673189381
ZTF18acszaiy,SN II,0.03,83.91018520016223,20,18.059214,45.006145799998194,11,18.189136454545455,6.488055144402129,24.996759299654514,-7.249178292349885,0.06715370000000007,0.5230326203457266,-1.0885210796152713,1.2492516599259638,17.911419,83.89137730002403,8,18.360011125,17.072838025296544,30.898136500269175,-6.1795063888889485,0.329266142857143,1.1303747935665531,0.15114727527227156,0.5830580661602434,0.14779500000000212,0.5364811885140585,-17.48650834712534
ZTF18acsofdh,SN Ia,0.08,35.01699069980532,12,18.197824,25.97484949976206,5,19.0591998,0.0,0.0,-15.991408652480272,0.42347724999999947,-0.09156640557718058,-1.719518269636603,0.0,18.287477,35.01699069980532,7,18.841692714285717,22.31627177185285,9.231747699901462,-12.188871823947101,0.28981250000000003,0.1734617439278127,-1.3014382490335146,0.3580244599570337,-0.08965299999999843,0.7417784618455654,-19.477742008486747
ZTF18acsyzca,SN Ia,0.01458,51.01797459973022,12,15.554136,33.08871530042961,5,17.246457399999997,0.0,0.0,-166.15859985570597,0.67206425,-0.7907726654049112,-0.6926501383540655,0.0,15.330636,51.01797459973022,7,16.77164685714286,548.0077385692082,12.05487270001322,-160.6430932674259,0.7509661666666668,-0.4476867381100167,-1.4501691509403547,0.30939201737685,0.2234999999999996,0.6485697552682654,-18.424767693436806
ZTF18acurlbj,SN Ia,0.05,41.06313659995794,16,17.447264,40.978171300143,9,18.197128333333335,30.627529214077718,10.020752300042659,-29.56625926171056,0.32582462499999965,0.7700624356501882,-0.7816016555226066,0.32369469496181763,17.573563,35.000416699796915,7,18.094132714285713,10.617071326364634,3.9937268998473883,-18.833822891747765,0.18584750000000008,-0.1821660316131116,-1.8029800745519324,0.1288021045011354,-0.1262989999999995,1.1707909551939928,-19.20770209520712
ZTF18acuqskr,SN II,0.0446,47.83586800005287,15,18.265388,31.794814799912274,6,18.676414333333334,15.004918407667093,11.04438650002703,-14.02101984704092,0.28168079999999945,0.33510592648950005,-0.9936140357247929,0.5322486042414898,18.225683,47.77991899987683,9,18.61103922222222,20.35073066279631,10.92108799982816,-7.531961340896381,0.20664799999999994,0.5718047862143154,-1.1487894000548173,0.2962950181413442,0.039705000000001434,0.6654430452256362,-18.141402367087736
ZTF18acuixmb,SN Ia,0.057,48.85208329977468,11,18.729788,24.048472200054675,3,19.397305666666668,0.0,0.0,-11.278216840611877,1.0012195000000013,0.7071067734513002,-1.4999999999999927,0.0,18.193806,48.85208329977468,8,18.876332125000005,22.23717575644704,15.036088000051677,-11.913244391256756,0.38863614285714326,0.570315965965792,-0.19841449376895826,0.44464425390356155,0.5359820000000006,0.49227116994139725,-18.20970235188949
ZTF18acuscgc,SN Ia,0.07,28.70630779955536,11,18.69408,23.927314799744636,4,19.280302250000002,25.20645736535121,4.095405099913478,-13.414093389433564,0.7150286666666664,1.0063014688216292,-0.7787146723577609,0.2065058363970034,18.692928,28.70630779955536,7,19.067184714285716,15.29811772861058,12.812742999754846,-11.668343985229573,0.3075980000000005,0.49304123497239305,-1.3730643827522357,0.8061591695222247,0.001152000000001152,0.8335211538460287,-18.691526273598313
ZTF18acuscrr,SN Ia,0.07,31.759201399981976,11,18.49042,28.92498840019107,5,18.929996399999997,14.912400287215199,8.185729100368917,-14.131231463405884,0.45343275000000016,1.2513289981867486,-0.07482050483408553,0.3946972735154101,18.52723,31.759201399981976,6,19.02130783333333,20.772016478272565,10.885567100252956,-8.967998287923331,0.3325195999999998,-0.29235391928395116,-1.2626466100191673,0.5214984100969073,-0.03680999999999912,0.9107593114796484,-18.895186273598313
ZTF18acvgjqv,SN IIn,0.091,422.83464120002463,36,19.00904,160.73072909982875,14,19.615354857142858,3.286025090706695,15.935092499945313,-1.3140611267648568,0.14023638461538496,0.4743681178076355,-1.3243626409276097,0.11005229766680788,18.850084,422.83464120002463,22,19.537673045454547,2.124670049925036,68.82748850015923,-0.6348884332369209,0.17869709523809515,0.5366664243974354,-0.9460690442304438,0.19442400520791908,0.15895599999999988,0.3801266817772247,-18.946283035132495
ZTF18acvwmpw,SN Ia,0.08,46.89685190003365,26,18.025705,39.93979170033708,12,18.707479916666664,23.91249683304413,10.997094899881631,-18.359938667027222,0.25066872727272743,1.2519599999323423,0.30378093178546983,0.37996096133338125,18.144382,46.89685190003365,14,18.619084,21.153596073268083,18.945740699768066,-11.71387667630324,0.18714307692307733,0.7566810085838847,-0.2616668746128852,0.6778170844094401,-0.1186770000000017,0.8516518717604672,-19.64986100848675
ZTF18acusrws,SN Ia,0.032,110.77468750020489,19,16.905193,110.77468750020489,9,17.98089588888889,83.27584811623571,16.003981499932706,-17.517469999612945,0.6363023749999996,1.2621848381843206,0.8015635688698111,0.16887055267781526,17.05799,87.70504629984498,10,18.184429699999995,61.77828179763639,2.9423611001111567,-16.574744697894754,0.34544644444444433,0.6383129918165292,-0.8380348226780727,0.03471292931763323,-0.15279699999999963,1.2630366458218343,-18.78067296512656
ZTF18acvwbos,SN Ia,0.03,109.88961800001562,37,17.431162,106.8926967997104,14,18.801426714285714,0.0,0.0,-9.516650501552126,0.3064250769230776,0.2701854083200369,-1.3481647468665074,0.0,17.086164,109.88961800001562,23,18.232946782608693,52.888182622167555,11.01659720018506,-13.904027609282442,0.16938186363636343,0.4346536341484138,-0.8740674528638688,0.11142167105916866,0.34499800000000036,0.97272789500183,-18.11456034712534
ZTF18acvguyi,SN Ia,0.045,81.81781250005588,58,17.346973,81.79143520025536,27,18.540326592592592,47.61691877241897,16.97820600029081,-16.5778673337613,0.21022119230769207,0.4909358350283245,-0.84482135859772,0.26195587243321766,17.425367,58.94202549988404,31,18.077904419354844,68.26866663799338,10.969247700180858,-17.589511455058936,0.13485560000000021,0.7838715237894913,-0.31354632546938843,0.22865567105536105,-0.07839400000000296,1.3876590515271023,-19.07920564240375
ZTF18acwutbr,SN Ia,0.011,57.80283570010215,17,17.43872,26.827986099757254,6,18.02188716666667,49.26585338685442,18.82414359971881,-55.45528909482973,0.5722549999999998,1.5444440084320143,0.7498363286582488,2.351888308600324,17.140179,54.91143520036712,11,17.86168827272727,58.93459096714304,15.948391200043261,-28.55180961997369,0.3026164000000001,0.41631313741208137,-0.447981669305229,0.40932097604875783,0.29854100000000017,0.4885682918660609,-15.928359499318152
ZTF18acwwonp,SN Ia,0.03128,117.73111109994352,22,17.039392,38.91811339976266,7,17.949124142857144,78.4368061241599,14.015463000163436,-52.99971568229172,0.5902685000000005,0.4182265939516223,-1.1671138423734384,0.5628100935147448,16.968054,117.73111109994352,15,18.31522686666667,81.95626527767286,17.999988399911672,-15.46288040888472,0.40624435714285745,0.36081447104458314,-1.365458828180862,0.18048516764472283,0.07133800000000079,0.3305677916071356,-18.597057795466085
ZTF18acwyowc,SN Ia,0.076,40.02084490004927,10,17.996058,39.93473380012438,6,18.7258095,32.43774243390006,11.02237270027399,-19.114325424004,0.6281493999999995,1.1470092295327257,0.10220765255216202,0.3812339179843402,18.243488,30.03677080012858,4,18.6694785,2.766111742165597,5.010046300012618,-13.030619451285915,0.38672733333333414,0.5413523867975336,-1.3113962743271663,0.2001878551861393,-0.24742999999999782,1.329528199481198,-19.568126034930987
ZTF18acxgoki,SN Ic-BL,0.04,22.011446699965745,10,19.262356,17.981249999720603,5,19.697661799999995,0.0,0.0,-5.818307722934018,0.20513849999999945,-0.25558612489167365,-1.3881662540934772,0.0,18.712631,22.011446699965745,5,18.917743399999996,13.921715030364682,6.036099500022829,-5.824256086788559,0.17132350000000063,-0.38353134779310927,-1.801759725510057,0.3778383921473955,0.5497250000000022,0.8169045063152794,-16.90806003016684
ZTF18aczdetm,SN Ia,0.029,87.9045254997909,22,16.578718,17.938217599876225,6,16.904332666666665,105.48998351412564,10.941585599910468,-90.53905393678738,0.2166314000000007,0.32041751703274385,-1.5503451910758193,1.5638360857000937,16.667261,87.9045254997909,16,17.468687625,114.63821154049208,15.093136600218713,-27.31093176212047,0.30949566666666684,1.3335464646482207,1.467730810595758,0.20729087617098585,-0.08854300000000137,0.2040647793488049,-18.893388063021806
ZTF18acybdar,SN Ia,0.0713,71.83179390011355,34,17.831491,39.9508102000691,13,18.615328,40.6636948205279,15.036006900016218,-23.23839346883719,0.32308383333333346,0.3576151724799429,-1.639970482593496,0.6034969138200784,17.987131,71.80009249970317,21,18.777330095238096,35.34420284291035,14.96709489962086,-9.501262238158745,0.21723854999999972,0.4381905585688872,-0.8567416078918106,0.2633521991034164,-0.15564000000000178,0.5564172525297828,-19.594072722786358
ZTF18acyxnyw,SLSN-I,0.108,153.71513889962807,36,18.241016,147.66796289989725,19,19.380184052631577,9.069983865383305,28.014155100099742,-3.760988011297263,0.17692944444444494,0.009514522074876863,-1.0571765787056333,0.23412673290742655,18.275034,137.72918989975005,17,19.133161470588238,10.231812175577172,33.995902800001204,-3.614243348483896,0.21033743750000022,-0.33432498291086765,-0.9423618529010471,0.32772414478017164,-0.03401800000000321,1.0721617037563453,-20.08621885096178
ZTF18acwwowy,SN Ia,0.05516,54.9663773002103,14,17.536806,41.93856480019167,5,18.276761999999998,0.0,0.0,-21.13381705346903,0.67519375,1.3494374884815221,0.03656121395631873,0.0,17.706264,54.9663773002103,9,18.44763122222222,28.946218455862564,14.936886500101537,-15.9393490676507,0.3007831249999997,0.31439901955069466,-0.7964157411556543,0.37314705237421986,-0.16945800000000233,0.7629857898608722,-19.331431361046086
ZTF18aczbkqp,LBV,0.01250,20.991018500179052,13,17.866877,20.991018500179052,6,19.053569333333332,230.19513266382938,1.9109721998684108,-31.248216569776872,0.6288508000000007,-0.34548301408393733,-1.6626353689044209,0.10015553263292125,18.081442,18.83408570010215,7,18.91522671428572,225.28707234801345,0.010243100114166737,-19.66110280916008,0.27391566666666733,-0.8749983749941381,-1.1276105678481423,0.0005441556398359002,-0.21456500000000034,1.1145228302781485,-15.77778913856731
ZTF18acxyarg,SN Ia,0.04205,74.79173609986901,15,17.40915,46.89244219986722,5,18.1727868,71.6719986196458,7.0429050996899605,-25.002644622243565,0.84291625,1.295496045279911,-0.03782827439039682,0.17673743817863902,17.408182,74.79173609986901,10,18.519372300000004,57.10838078055752,14.06847219960764,-15.991497317496242,0.4305538888888891,0.10005241747657577,-1.5690927623369648,0.2316817525275858,0.000968000000000302,0.6269735754930462,-18.86979607419669
ZTF18aczeesl,SN Ia,0.018,187.7232408002019,33,16.285913,187.7232408002019,20,18.9206644,166.99927700175823,8.06074080010876,-16.725440299846692,0.27766268421052626,-0.5161871029286003,-1.2607584672000451,0.04486601711600686,16.41886,140.8107175999321,13,18.460384615384616,119.43611010165918,5.052870399784297,-19.573550372993086,0.38481041666666665,0.08494429092465175,-1.362148059576907,0.03721972986456429,-0.13294699999999793,1.3331601741676828,-18.150565599043553
ZTF19aacjbsj,SN IIn,0.052,560.7760300999507,219,17.670895,443.93475690018386,86,18.392771209302335,1.651616697641224,74.95723380008712,-2.086884642778064,0.06132427058823516,1.4322253779977192,3.5756998957549566,0.20314850934633388,17.15218,526.7949421997182,129,18.358417697674422,2.1972846992316026,40.99873839970678,-2.692869961988899,0.05193185937500014,0.7485825581276403,-1.1044856092579722,0.08439493367590169,0.5187150000000003,0.8427088442543922,-19.069237791701028
ZTF18aczqtpt,SN Ia,0.069,32.922141200397164,10,18.234024,24.032175899948925,3,18.858043000000002,0.0,0.0,-16.00245713285095,0.7660244999999986,0.5677033949927106,-1.4999999999999956,0.0,18.301188,32.922141200397164,7,18.679610571428572,22.274028380066824,11.836273100227118,-11.850211941616056,0.27887966666666664,0.3662198901086521,-1.5911382826705813,0.561336770390386,-0.06716399999999823,0.7299700148196621,-19.120337527213305
ZTF18acvwdkk,SN II,0.023,91.87648149998859,16,19.601135,45.91332169994712,3,19.680056000000004,0.87798188016104,28.956956000067294,-0.20521195155271632,0.1183815000000017,0.6648019081642936,-1.4999999999999998,1.7077336330551376,18.889927,82.91250000009313,12,19.147706333333332,2.0767291161597763,51.99871530011296,-3.30661544035046,0.14050399999999996,0.2689956944480395,-0.6479799243128395,1.682055943805105,0.7112079999999992,0.5537563298645626,-15.367620253614994
ZTF18aczqzrj,SN Ic,0.0429,50.71113430010155,15,18.024557,46.91664359997958,7,18.733133,54.432003704355864,7.042465299833566,-13.618222264963846,0.5599194999999995,1.2110916361066462,0.3041895832083412,0.17661718937059018,17.813747,49.789224500302225,8,18.50374625,39.181940492784854,10.036990700289607,-15.047679733570433,0.3640290000000001,0.603475583620661,-1.167582446999864,0.25248872178565274,0.21081000000000216,0.942305168856261,-18.29784553445065
ZTF18adazbol,SN Ia,0.105,18.951273099984974,11,18.70618,18.951273099984974,5,18.9220394,20.8592845911086,6.997824000194669,-4.918190601285528,0.21239324999999987,1.1523448587787848,-0.17528629859492773,0.5854229973102432,18.715103,13.046458299737424,6,18.810661333333332,9.163099561890412,6.015023099724203,-3.556488915197314,0.059789600000000574,0.1219168167980576,-1.4869071658087645,0.855447419854327,-0.008922999999999348,1.4525990628710623,-19.55988256887672
ZTF18adaimlf,SN Ia,0.0735,46.85552079975605,14,19.035765,26.902268500067294,5,19.518212000000002,0.0,0.0,-6.500494102218104,0.34505874999999975,0.8584407989696408,-0.583307281692445,0.0,18.736828,46.85552079975605,9,19.07290244444444,8.583139696957401,9.84712959965691,-6.17126999264259,0.21896337499999952,1.7203971745522417,1.7194435624599116,0.2660782941472617,0.29893700000000223,0.5741536544869086,-18.455787768948003
ZTF18adbclkd,SN II,0.01749,257.259710600134,16,17.34501,52.910555500071496,7,17.580879285714285,1.7559058715840279,5.909722200129181,-10.821721076252624,0.10686966666666702,0.606650786118211,-1.1038612650008996,0.12573654093355052,17.321968,257.2081480999477,9,18.597537444444445,3.612215149105997,24.905462899710983,-4.63788840326978,0.45787800000000045,0.26145797531547704,-1.8785515163800959,0.10721125706421926,0.02304200000000023,0.20571103944775165,-17.029055120920408
ZTF18adalarn,SN Ia-pec,0.027,90.73063649982214,21,17.54691,69.72640050016344,10,18.4939667,85.09039513792723,9.994942100252956,-14.932744967024545,0.596237111111111,0.7230948501462022,-0.8602525849215192,0.16733129188534823,17.288391,90.73063649982214,11,18.16131818181818,70.01980331634579,15.024722199887037,-15.237605111113988,0.5485755000000004,1.2371241909386044,0.5147488608392989,0.19846167025156602,0.2585189999999997,0.7684989678243922,-17.770024894321967
ZTF18aczenvx,SN Ia,0.1181,22.00097220018506,13,18.956959,22.00097220018506,8,19.344180624999996,17.131280652411395,9.984247600194067,-8.044254441124952,0.23645928571428548,1.2286503866821286,0.7795211031967404,0.8308626462323643,19.15221,17.94995369995013,5,19.2984214,8.999619561239934,4.967534800060093,-4.015006408927765,0.1362312500000007,0.06829644911201019,-1.5669369930636028,0.3826355349003697,-0.19525099999999895,1.2256840640344486,-19.564406561594605
ZTF18adaslwa,SN Ia,0.028,41.757257000077516,13,16.617325,33.93295140005648,8,17.3325965,0.0,0.0,-56.94597371223708,0.3017381428571428,0.6009065572378641,-0.9314355564891179,0.0,16.624855,30.773518500383943,5,17.035805399999997,101.86563173654847,9.788993100170046,-57.18718096769973,0.36839949999999977,-0.06108450521307737,-1.542867746016748,0.46648627564720935,-0.0075299999999991485,1.102667262426723,-18.778581230238125
ZTF18adaylyq,SN Ia,0.06,41.786192200146616,13,18.343887,25.979201400186867,6,18.73395233333333,19.58659438734406,10.9666435001418,-19.26401282825103,0.3521576000000003,0.7076965176194768,-0.8756150285093618,0.7304979986194676,18.20329,41.786192200146616,7,18.71892157142857,20.1043409680525,13.061481500044465,-13.17542202754244,0.35862566666666673,0.5715604734469156,-0.6922027404645026,0.4547123776601871,0.14059699999999964,0.6217173672047512,-18.70698532544525
ZTF18adazgdh,SN Ia,0.0767,42.758448999840766,28,18.723942,13.982905100099742,10,18.958508400000003,12.49468908532813,10.975254600401968,-18.041616994186203,0.09040877777777784,0.6115706507909774,-0.9258019481607156,3.649112355808902,18.659672,42.758448999840766,18,19.13491733333333,13.861970674726642,12.025243000127375,-7.542759821692054,0.14797741176470555,0.2531989803124491,-1.0214101619994824,0.39127850834174344,0.0642700000000005,0.3270208678558901,-18.860150893271936
ZTF18adazblo,SN II,0.02672,111.79120370000601,21,18.98707,91.68909720005468,5,19.416670999999997,4.07963738130391,13.966747699771076,-2.018907601634396,0.3295975000000011,0.37301228444296464,-1.5640521046805151,0.17970053388208643,18.836992,111.79120370000601,16,19.11777425,9.146844576915399,13.01738419989124,-1.4824908838116089,0.12353006666666673,0.6852523713916484,-0.22581111871066994,0.1317898231107294,0.1500780000000006,0.8201816794647301,-16.307228342544573
ZTF19aaadwfi,SLSN-II,0.222,145.78185179969296,26,18.425522,142.7464700001292,13,19.171455384615385,7.628303722636724,31.95243059983477,-3.1331519669787657,0.22934566666666653,0.3723670600836153,-0.6456746781854781,0.28839485204065823,18.391603,145.78185179969296,13,19.010309384615386,4.137936106560867,64.79468749975786,-4.175152022791241,0.23651349999999946,0.4892953203285984,-0.427243227847276,0.800061195620968,0.03391900000000092,0.9791786030833629,-21.46635894578022
ZTF18aczuooo,SN IIn,0.094,131.7249884000048,23,18.873985,30.90760409971699,5,18.996155599999998,3.932038290686929,10.954201399814337,-3.8439663556581327,0.13109774999999946,0.7503197918025186,-0.902030507182924,0.5489891405774003,18.830364,131.7249884000048,18,19.634777333333332,5.530732016540279,34.01199070038274,-2.4300633933215803,0.20104052941176467,0.14958319370586756,-1.3636921564063686,0.3480805164215558,0.043621000000001686,0.234637364369021,-19.151770341525523
ZTF18adbckox,SN Ia,0.05,52.95495370030403,11,17.464312,16.01883100019768,4,17.573196999999997,4.424525146802705,6.020185200031847,-31.787611528500573,0.1424633333333342,1.1417440449481238,-0.6770074021527499,0.6021000563828353,17.496296,52.889722200110555,7,18.050523285714284,25.445233285475542,5.891666600015014,-17.216214581491606,0.3263794999999992,1.0922548529001217,0.056424464757221404,0.1253597946720808,-0.031984000000001345,0.3028722847057078,-19.190654095207123
ZTF18abvmlow,SN II,0.007,283.31173609988764,33,16.433813,253.30121529987082,13,18.825346000000003,116.54322965586717,3.9725926001556218,-10.529248588916714,0.4425091666666665,-0.16682514192898107,-1.9157763263570915,0.015933159045843314,16.446375,279.36663199961185,20,19.068097949999995,22.456774716863997,3.987002399750054,-9.156674461106856,0.19614994736842076,-1.772166005711666,1.4896195580564315,0.014478203800126162,-0.012561999999999074,0.9066981746775784,-15.951793273598312
ZTF18adasisj,SN Ic,0.034,66.94818289997056,19,18.256256,66.94818289997056,9,18.86228888888889,13.440778003835668,26.912291700020432,-7.797257410369262,0.30929887499999964,0.5002905426704166,-0.9945239453648629,0.6722041371731462,17.77423,55.90747690014541,10,18.157596599999998,21.141133252370135,24.998576399870217,-2.2017652211566374,0.15561144444444489,1.0777689269145028,0.05325547760840621,0.8087824540911005,0.4820260000000012,1.1974817432656568,-17.561254658738306
ZTF18adbntwo,SN Ia,0.04774,63.978344900067896,15,17.598034,31.00355330016464,6,18.2267585,60.81274230360373,12.03644679998979,-33.16358044148282,0.6039626000000006,0.5871792911608602,-1.2602132234395576,0.6345958356842057,17.763657,59.90799769992009,9,18.481603555555555,51.3986901592886,5.89765049982816,-12.08205347115932,0.30978462500000026,0.8610719402798126,-0.7382944650404246,0.10919482665014459,-0.16562300000000008,0.5175194379799143,-18.9564941468807
ZTF18adbmrug,SN IIn,0.02396,55.92209490016103,23,17.9008,39.009884199593216,14,18.481761857142857,51.688097994905036,9.065844899974763,-19.728721645896186,0.2637368461538458,1.2329782638941977,0.6856763495617555,0.30275958461256364,17.825842,55.92209490016103,9,18.555511222222222,56.16356963572703,10.937465299852192,-13.983929686463307,0.49670687499999966,0.9464092377457178,-0.6353422178457793,0.24313783167789166,0.07495799999999875,0.6975755158893535,-17.156750142113392
ZTF18adbmbpa,SN II,0.021,263.0233565000817,28,17.508356,212.32915510004386,8,19.203853625,14.489761327911287,9.019849500153214,-4.711173252183188,0.5786251428571434,0.051654731762513534,-1.9231384253812351,0.0443651581689238,17.446861,259.0489235999994,20,19.528737099999997,16.683150987842566,5.00407399982214,-3.7349910301353306,0.1735315263157898,-2.3698938795503546,4.220703562534068,0.019697600670502427,0.061495000000000744,0.8196488607221696,-17.262856547196627
ZTF19aaairqh,SN Ia,0.022,38.99043990019709,15,17.114107,23.966944499872625,7,17.561669,125.09090737884662,8.009132000152022,-29.367606452260915,0.29124516666666683,0.8514382444733505,-0.8681410442463187,0.5018941036117732,16.807924,38.946701399981976,8,17.37405975,73.7382559897033,17.871573999989778,-48.78065519839253,0.3066518571428572,0.4420992902345046,-0.5170666181613992,0.8479936401236841,0.30618300000000076,0.6153780330131814,-17.758122477638057
ZTF19aabyheu,SN Ia,0.021,120.74156249966472,35,16.245071,120.72187499981374,17,18.589817294117644,235.42539642739348,10.986516200006008,-27.906784611776537,0.34359756250000006,-0.6140129254890058,-0.9882620602518983,0.10011828748880218,16.217697,120.66597219975665,18,18.45903416666667,232.84128049700283,10.988830999936908,-28.702070805126343,0.36835017647058793,-0.7827071933552734,-0.4798535180035737,0.10019253674670879,0.027373999999998233,1.0004632855397257,-18.526141547196627
ZTF19aabyppp,SN Ia,0.037,120.71642359998077,36,16.84768,120.6971875000745,17,18.72029688235294,84.93189841936476,19.966863399837166,-17.320946980822225,0.41610093749999955,-0.23504696701416647,-1.6554396488455276,0.19822097842123512,16.696796,120.66549769975245,19,18.393703210526315,96.06941396199514,19.854143499862403,-20.063163575412986,0.35093433333333324,-0.17778283070413314,-1.5053235733251744,0.19694352543360694,0.15088400000000135,1.000262625198803,-19.153444693862003
ZTF19aadgimr,SN IIn,0.035,226.64931719982997,86,16.389992,226.64931719982997,39,18.747344923076923,133.94630945097654,19.999745400156826,-13.09224622193863,0.20497573684210507,-0.6714760735630755,-0.11649698642786177,0.09678096705443287,16.307175,205.7266551000066,47,18.022719297872335,35.45076842167093,20.960810199845582,-15.096691218099448,0.07386089130434786,-0.5116358538488975,-0.6958678480516598,0.11344526479540545,0.08281699999999859,1.1017012700160442,-19.490464295278407
ZTF19aacgslb,SN Ia,0.00452,359.07659720024094,49,13.862052,358.035324100405,23,17.284748739130432,3223.7280792317256,7.957939800340682,-81.3017490058214,0.42237909090909087,0.4655528330546945,0.03746265366765478,0.02273194487056507,13.467556,156.8068865998648,26,16.538817961538467,2341.471090990133,16.842164299916476,-289.2913036588998,0.33073263999999997,-0.9125073332110573,0.49776400257340425,0.12033149513077478,0.3944960000000002,2.2832882653555195,-17.573756247583944
ZTF19aacivvy,SN Ia,0.03,142.66802089987323,44,16.579718,142.66802089987323,23,18.722618913043476,61.931377245527244,9.935567199718207,-17.073036128372742,0.22219154545454567,-0.3641356097278098,-1.5404789716385168,0.07485409123953084,16.811663,106.78634260036051,21,18.73935285714286,0.0,0.0,-17.237606004298804,0.21408874999999963,-0.09377599095351231,-1.3188760375603539,0.0,-0.23194499999999962,1.3360137394516551,-18.96600434712534
ZTF19aadnxat,SN Ia,0.03208,165.72180559998378,34,16.489655,165.72180559998378,17,19.132968470588235,168.06797003665625,8.976504599675536,-15.85167677402874,0.3574806875000003,-0.5693653957767489,-1.5288567059968001,0.05726809379541071,16.700232,136.74420140031725,17,18.391469647058823,126.11764338942109,8.994537000078708,-15.92879860208658,0.3012574375000001,0.3927281948912821,-1.1909324154325036,0.07040751959941675,-0.21057700000000068,1.2119110273263791,-19.201632871587663
ZTF19aabyuze,SN Ia,0.043,144.7062383997254,29,16.70518,141.7727198996581,15,18.82682706666667,124.70920865933337,10.941296299919486,-15.410632383971663,0.36322607142857166,-0.37147053069733316,-1.4988907005522425,0.08362896312580784,16.807938,120.66062500001863,14,18.186950714285718,83.75802739886954,19.844675899948925,-17.893404248303536,0.43274976923076924,0.1276912508917623,-1.4298794624798594,0.1968406395723274,-0.10275800000000146,1.174970873055201,-19.622278351424967
ZTF19aadpqnb,SN IIb,0.013,256.1302777999081,19,16.971098,213.28614589991048,7,19.549522285714286,74.26608306233456,20.978784800041467,-8.200397323332528,1.198200666666666,-0.9313076916658599,-1.0523340728948838,0.10908986884358925,19.197893,78.81806709989905,12,19.646483666666665,0.0,0.0,-1.614075163419207,0.16788127272727268,0.48638539614853393,-0.4843190757176954,0.0,-2.226794999999999,2.706056539417263,-16.758734835061215
ZTF18aadmssd,SN IIn,0.01885,59.95109950006008,10,16.887047,59.95109950006008,6,18.50974833333333,0.0,0.0,-27.9229029931608,0.6587810000000005,-0.017070053628916854,-1.622673755960109,0.0,16.671349,51.91287040011957,4,17.30297025,0.0,0.0,-31.460474619249354,0.5185203333333336,0.4849649408800467,-1.327293007736828,0.0,0.21569799999999972,1.1548407752833871,-17.649625846236088
ZTF19aadnxog,SN IIP,0.02014,171.7263889000751,64,16.735233,154.70346069987863,25,18.495807120000002,95.90724340203414,8.997905099764466,-13.596134364257956,0.2289089999999998,0.22614969341026933,-0.4812149095549576,0.06175402895726933,16.709757,171.67052080016583,39,17.627945282051286,46.18989531530555,23.972395800054073,-12.68685197374484,0.10638752631578934,1.031094913383052,-0.2626193546207034,0.1623067036229196,0.025476000000001164,0.9011649756684911,-17.945180404615023
ZTF19aadolpe,SN Ia,0.055,88.7737615997903,12,17.723623,14.966330999974161,3,17.818546333333334,4.191951201851251,10.960590300150216,-37.521738985665785,0.1423849999999991,0.47221842828642613,-1.5000000000000238,2.7362206197300636,18.241861,88.7737615997903,9,19.39803233333333,0.0,0.0,-4.9161561473754665,0.2973934999999992,-0.3572078021200169,-0.9430166877501311,0.0,-0.5182380000000002,0.16858957793683843,-19.138306520998245
ZTF19aadoocn,SN Ia,0.04121,69.74781250022352,10,16.974945,20.984155099838972,4,17.33568625,71.5180075243073,6.0184952998533845,-62.88570261533845,0.42580499999999805,0.7887929904724595,-0.9340973450326855,0.4021536891984662,17.130692,69.74781250022352,6,18.019212999999997,94.63476583302342,6.934664300177246,-19.23493929527089,0.5633418000000006,0.5244847670687142,-1.3797780214347806,0.11040147642483772,-0.15574699999999808,0.30085753728508297,-19.26018414614997
ZTF19aadyppr,ILRT,0.0015,189.65539349988103,54,17.736965,105.73634260008112,14,18.894645500000003,5.290390879024048,15.938599599990994,-7.748939924303388,0.17839284615384607,-0.37365684660068343,-1.2175890513491152,0.17749443435315515,16.611526,189.65539349988103,40,17.761015,76.62984157481011,25.94746519997716,-12.729240288440367,0.14029905128205128,0.37547137275851583,-0.959822087173436,0.15849852520546737,1.125439,0.557518247432006,-11.303607368805434
ZTF18adbacau,SN II,0.03703,125.71278929989785,26,18.76339,94.81523139961064,9,19.38976811111111,11.431869973183785,10.97520829970017,-2.923486551283585,0.27813874999999966,0.59685014057731,-1.19121103068172,0.1309065514762709,18.676264,119.71339120017365,17,19.083443999999997,4.685809532738099,16.041342600248754,-2.0125456921057676,0.11208724999999964,0.57645830867552,0.09832387006500465,0.15473160622255105,0.08712600000000137,0.7920185908113604,-17.239494633774243
ZTF19aadooun,SN Ia,0.05010,99.70907410001382,24,17.462736,84.74759260006249,5,18.8432592,0.0,0.0,-11.681665454996477,0.8515160000000002,0.4147291800882714,-1.7555223714070753,0.0,17.505684,99.70907410001382,19,19.03779657894737,60.92932515679654,11.878252299968153,-10.473808965815225,0.282894666666667,-0.3363943899750961,-1.4319131336554058,0.13524013616780228,-0.0429479999999991,0.8499486467506044,-19.19656870286326
ZTF19aaejtof,SN IIb,0.03762,39.96978010004386,10,18.978142,18.99497690005228,3,19.55826533333333,16.839336287340057,5.001006999984384,-12.823707190874922,0.8701850000000029,0.38701423352632963,-1.5000000000000038,0.3573687120736282,18.822403,39.00821759970859,7,19.311262428571432,6.344742142595098,14.034016199875623,-7.775971849120125,0.28927166666666615,0.7077258420992201,-1.1588644623507902,0.5619405391665292,0.15573899999999696,0.4869480860410854,-17.059068029598834
ZTF19aaeoqkk,SN Ia,0.07,51.875636499840766,17,18.29436,29.95021989988163,4,18.752864,2.4680847441493134,11.026307799853384,-19.724712917400463,0.6182766666666666,1.1340745113071982,-0.6827782958907682,0.5826653464447727,18.326658,51.875636499840766,13,19.136363846153845,12.720768135461078,14.035266200080514,-8.55701592917536,0.2349531666666662,-0.005772461332656211,-1.141927716124648,0.3709072107090199,-0.03229799999999727,0.5773465526533552,-19.091246273598312
ZTF18aaermez,SN Ia,0.02284,59.011631899978966,12,18.563055,15.000590299721807,6,18.819836666666667,11.89447714535384,10.994398199953139,-11.044409228791643,0.21154480000000006,0.7078415602387331,-0.9993433323237517,2.7443512258406164,17.328527,59.011631899978966,6,18.26085033333333,132.47826577261947,6.177800900302827,-18.218794320310277,0.7177295999999999,-0.09996039859225841,-1.5088607754069991,0.11692888407696,1.2345279999999974,0.2541971780266452,-16.390541571396085
ZTF19aaeopqn,SN Ia,0.039,34.866458400152624,14,19.005367,13.92649310035631,4,19.336777499999997,27.605535427815198,2.8928820001892745,-12.487787006080143,0.42930866666666745,0.5486286961720322,-1.2978043262569818,0.262188142569705,18.54249,34.866458400152624,10,19.1396521,28.513584494533593,5.940254699904472,-10.78661274198308,0.2740558888888888,1.1562583044954957,-0.16377971935132996,0.20535894587002135,0.4628769999999989,0.39942379408099987,-17.11007210865953
ZTF19aaeoqst,SN Ia-CSM,0.06,252.60499999998137,71,18.68642,215.64620369998738,28,19.687417000000003,0.0,0.0,-1.1204316593831019,0.10582614814814806,-1.1949515399433726,0.4081035395009467,0.0,18.462496,252.60499999998137,43,19.288461930232558,5.3344666541266745,18.011342599987984,-1.293736999478841,0.09276109523809543,-0.6751491323044044,-0.14948930688564266,0.07677676711130252,0.22392399999999668,0.853689371548478,-18.36445232544525
ZTF19aafljiq,SLSN-II,0.106,167.82129629980773,62,17.96768,156.72129630018026,30,18.352613866666665,5.945087894214237,68.72600689996034,-4.835831201161798,0.1308406206896551,0.9605968281313166,-0.3429600464770819,0.7810191587345194,17.710802,167.82129629980773,32,18.11342684375,6.87840873897567,94.8628819999285,-5.922003875209428,0.08792635483870966,1.712858401902513,2.0961653172271264,1.3002322338039842,0.2568780000000004,0.9338582155878616,-20.318965399850875
ZTF19aailsge,SN Ib,0.036,129.74975690012798,14,19.185177,74.78197919996455,3,19.834342333333336,8.255865673403623,3.9507987000979483,-2.402287464904063,0.9737480000000005,0.6794141625163796,-1.5000000000000082,0.05577767689619953,18.728893,129.74975690012798,11,19.961546818181816,14.157786548242736,14.990393500309438,-2.3383336729173276,0.3559886000000006,-0.6546432052947797,-0.5846629889044714,0.1306245787377132,0.45628400000000013,0.5763554474905593,-16.756451577363467
ZTF19aagmsrr,SN Ia,0.023,150.77096069976687,46,15.951819,150.77096069976687,24,18.774785083333335,180.16933073402714,22.83498839987442,-31.617182573530904,0.4142041304347826,-1.2923547317274797,1.4030712064780673,0.17848762931466472,16.915253,78.96931710001081,22,18.246779772727272,0.0,0.0,-19.96844395658254,0.13764090476190477,0.06755852594448708,-0.6665063998194283,0.0,-0.9634339999999995,1.9092347032559844,-19.016936253614993
ZTF19aailepg,SN II,0.02981,146.73612270038575,56,18.256062,124.7594792000018,26,18.92732746153846,31.848959596455884,7.9527662000618875,-3.1744771111970858,0.13418164000000046,0.296192871627596,1.0928711836072154,0.06808483858342952,18.174257,120.9465972003527,30,18.481422900000005,0.6578246241797028,47.022928200196475,-5.587751859780541,0.09243099999999979,1.9601582114360916,2.4141602155270157,0.6361011139760542,0.08180499999999924,1.0315253350479379,-17.275863953690184
ZTF19aakirwj,SN Ib,0.03165,98.8809722000733,26,19.184381,90.94337960006669,11,19.789182636363638,3.8588280679048506,33.97969899978489,-1.2623423409345988,0.24457480000000018,-0.7811147148829953,0.7312740342140223,0.5965151591629559,18.539322,98.8455324000679,15,19.055545533333333,0.429625489203361,41.937962899915874,-3.926911059842239,0.19283228571428523,0.10066842745863365,-1.1931881255582526,0.7369487621467271,0.6450589999999998,0.9200555391009683,-16.4776036452939
ZTF19aajxhwa,SN Ia,0.033,34.01042820001021,11,17.34587,25.999548600055277,7,17.66313314285714,51.5448493039663,3.9844097001478076,-37.110325941562536,0.25880783333333274,1.9061092435727343,1.8925096758144413,0.18098499029522608,17.495394,20.977002299856395,4,17.914336249999998,94.71120300388966,8.017442099750042,-7.578316707133127,0.5479429999999988,1.1410240224124588,-0.6775948087903401,0.6186507856712797,-0.14952399999999955,1.23943107925546,-18.406815772916463
ZTF19aailqli,SN Ia,0.058,78.79249999998137,17,18.241749,52.842141199857,5,19.2064712,73.13146717872861,3.9642130001448095,-8.926386268434344,0.7730965000000003,0.1364325523576449,-1.5897578558587557,0.08110435826877278,17.788116,74.76121519971639,12,18.92995241666667,29.262066617153092,11.970717599615455,-10.648349761462404,0.3234796363636363,0.2985377563719461,-1.1729693125548877,0.19064536923810288,0.45363299999999995,0.7068122295590703,-18.735507041341712
ZTF19aakiyly,SN Ia,0.07,75.78869209997356,15,18.023474,26.039953699801117,5,18.919738799999998,0.0,0.0,-19.248717920056457,0.4533157499999998,-0.05004631872884861,-1.4812399198025195,0.0,18.134323,75.78869209997356,10,19.195604699999997,34.40717465821517,11.973229200113565,-7.601566658289404,0.41666333333333383,0.10016213980963741,-1.2706106832800623,0.1876226960682257,-0.1108489999999982,0.34358626568527634,-19.362132273598313
ZTF19aamowaf,SN II,0.025,73.8747338000685,19,18.376299,73.79034730000421,9,19.236780777777778,0.0,0.0,-4.865637553200396,0.22168762499999994,0.141771048178031,-1.604501018609622,0.0,17.962612,73.8747338000685,10,18.555670600000003,0.0,0.0,-5.801200190455301,0.13117955555555522,0.08111732784603863,-1.5475354078629633,0.0,0.41368699999999947,0.9988577082349608,-16.773517116887216
ZTF19aajxwnz,SN Ia,0.015,240.27321750018746,57,15.573512,228.14212960004807,44,18.7560805,0.0,0.0,-25.52400607858352,0.18671734883720897,-0.5510509032396644,-0.8679980051170615,0.0,15.796238,179.2722105998546,13,17.21276253846154,145.90114489864337,32.00444439984858,-32.164512056249954,0.7852004999999996,1.0348219767843458,-0.5626859072788615,0.21732144939567416,-0.22272600000000153,1.2726017537055636,-18.467060368805434
ZTF19aailltc,SN Ia,0.088,110.6630903002806,46,18.540234,85.81564809987321,22,19.93906081818182,14.684221197177145,11.857766199856997,-4.594285205770392,0.19498280952380923,-0.3775905183480285,-1.1707245706738991,0.1603313385297801,18.661184,110.6630903002806,24,19.468886416666667,10.642652736744903,20.807037100195885,-3.1956761465674277,0.17446534782608641,0.29354748557630883,-0.929810934276182,0.23155965969108766,-0.120949999999997,0.7754676637622835,-19.34229543427787
ZTF19aakiwxx,SN Ia,0.045,59.78376160003245,23,17.329035,53.80224539991468,9,19.10834311111111,62.49403020332414,11.957511600106955,-26.16355995497017,0.5254012500000003,-0.49001648278478066,-1.222915320788061,0.28575905530463425,17.567522,59.7270601997152,14,18.77228492857143,34.11922371185107,16.847372699994594,-18.35111247289019,0.24811307692307702,-0.6477990035218373,-0.6734329231016689,0.3928986819249643,-0.23848699999999923,0.9008018345455288,-19.097143642403747
ZTF19aakiyed,SN II,0.044,77.90011569997296,25,19.295488,44.97916670003906,9,19.93938122222222,0.0,0.0,-2.42725418417681,0.15034975000000061,-0.8087534134537226,-0.8093793242002634,0.0,18.961119,77.90011569997296,16,19.4675485,1.2102772070048342,4.039826399646699,-2.3881594394961794,0.12254413333333337,0.45120447240277284,-0.8736116988502398,0.05469551281095313,0.3343689999999988,0.5773953773480041,-17.081891455957965
ZTF19aaksxgp,SN IIn,0.0467,67.02342600002885,17,18.985102,66.99978009983897,10,19.438704100000002,4.758557474400639,7.977742999792099,-2.8979616216626387,0.15382766666666628,0.5841421541799338,-0.6633809844342786,0.1351654973593882,18.991737,57.978912100195885,7,19.311753571428575,2.1424210373782806,21.00211809994653,-3.0107688220021585,0.14302700000000002,0.023150279638280223,-0.9628774744496806,0.5679810450793786,-0.00663499999999928,1.1555887765547193,-17.521598476357592
ZTF19aakpcuw,SN Ic,0.031,118.80723380018026,26,18.299973,97.91192129999399,9,19.666224111111113,0.0,0.0,-4.335297806771257,0.32111012499999925,-0.4858436044343976,-1.460826847355523,0.0,18.03183,118.80723380018026,17,19.545466352941173,33.15882980442133,15.020463000051677,-5.02126221925739,0.281713125,-1.2497151034719036,0.7630263102252255,0.14472425420170282,0.268143000000002,0.8241242403191568,-17.31695154269839
ZTF19aakljys,SN Ia,0.04396,50.028703700285405,13,17.86608,40.997175900265574,5,18.531215,40.916370826818955,4.031793900299817,-17.574637473196532,0.7253914999999997,1.4035049788936478,0.11942579900610628,0.10906945044700342,17.808744,49.92056720005348,8,18.904652625,46.99663847449064,3.9552778000943363,-14.039281536285836,0.3781335714285718,0.027211968845340048,-1.5453765478541803,0.08604923088111464,0.05733599999999939,0.8212481988830779,-18.50932449228429
ZTF19aaklquv,SN Ia,0.0486,71.96902780001983,16,17.536058,66.96810179995373,4,19.161241999999998,0.0,0.0,-13.41524345273878,0.9559139999999999,-0.34723727972663593,-1.4291698868172293,0.0,17.635347,71.96902780001983,12,19.07762358333333,0.0,0.0,-11.134979449031329,0.2421373636363633,-0.19968825154669567,-0.8717421812986852,0.0,-0.09928899999999885,0.9305128031746912,-19.057239419838492
ZTF19aaknate,SN IIb,0.01188,94.95826390013099,24,17.544777,48.878923600073904,12,18.774912833333328,0.0,0.0,-15.594247661356178,0.15942900000000035,-1.5837113368569926,2.1854240142661645,0.0,17.078651,94.95826390013099,12,17.997406666666667,37.346163352243465,15.958217600360513,-15.910031731153147,0.24012363636363626,0.2896630398420445,-0.2830848227080005,0.2020026360466434,0.46612599999999915,0.5147411251271463,-15.989421276752903
ZTF19aaldqvh,SN Ia,0.101,41.934745400212705,13,18.808834,21.937187500298023,7,19.159175714285713,32.81452291094107,2.9850463001057506,-7.884260197916636,0.24417833333333347,-0.025221298505080293,-1.6702958638833565,0.15750443543948833,18.854668,33.01498840004206,6,19.496525166666665,0.0,0.0,-5.727112062320071,0.31587399999999943,-0.45857477754306236,-0.2187277633708078,0.0,-0.045833999999999264,0.6644614632143889,-19.372888942440245
ZTF19aakthjl,SN Ia,0.06075,34.869282400235534,10,18.371859,19.934838000219315,3,18.962524666666667,0.0,0.0,-15.410921466035186,0.6284580000000002,0.2166166176380398,-1.5,0.0,18.54808,25.804872599896044,7,19.154684714285715,0.0,0.0,-9.424781310107585,0.18415400000000007,-0.2814609127739141,-1.4882881035025852,0.0,-0.17622099999999818,0.7725222406368177,-18.70598848487878
ZTF19aakpccq,SN II,0.05,60.879224500153214,15,19.137415,39.018287000246346,4,19.74789325,0.0,0.0,-3.824940117436152,0.4059949999999996,-0.0004915454971563747,-1.995739779358176,0.0,18.849928,60.83472219994292,11,19.174225909090907,0.8800526802595064,18.89681709976867,-3.2949220725625454,0.10289650000000031,0.08574259063720574,-0.8972057743490285,0.45059039202437784,0.28748700000000227,0.6413818554477259,-17.51755109520712
ZTF19aakpfax,SN Ia,0.0799,36.89121519960463,12,19.281567,21.96123839961365,3,19.59927466666667,2.4893864479608006,2.9396642995998263,-5.787459580858985,0.4765615000000025,0.7018625642256683,-1.4999999999999922,0.15454369255369302,18.931564,33.89015039987862,9,19.485739444444445,4.817461042502491,5.975370300002396,-6.07997589519639,0.18940699999999966,-0.17404315950381,-1.0583860254641742,0.21405758091674493,0.3500029999999974,0.6480124207324941,-18.39128297009699
ZTF19aaksrgj,SN Ia,0.0859,46.87603010004386,18,18.69327,24.97964120004326,5,19.1955174,116.9963852262731,0.00045139994472265244,-9.14052648298959,0.3234855000000012,0.4235414510834969,-1.5257120077835924,1.807104026732171e-05,18.756289,46.87603010004386,13,19.223460615384614,14.610616607463225,7.956400400027633,-5.147132156429323,0.15563849999999993,0.13061277982389013,-1.1654588288569134,0.2044315544971466,-0.0630190000000006,0.5328873018199527,-19.13681189268324
ZTF19aalcyfd,SN Ia,0.03518,92.94130779989064,23,16.834724,66.94858790002763,11,18.603073636363636,68.58887836154406,18.059259200002998,-35.30577795556249,0.4180311999999997,-0.47548549262427947,-1.1270597406813476,0.36939061509334853,16.85085,87.88056709989905,12,17.954162500000002,43.08794232734922,9.903506899718195,-21.858850896234944,0.2999371818181816,0.7041420110879204,-0.7085356800309204,0.12700538946062018,-0.016125999999999863,0.7618133349540542,-19.05687124913424
ZTF19aaleptm,SN Ia,0.079,54.84459490003064,18,18.676622,44.97175920009613,8,19.649701874999998,17.538447638853928,15.017488399986178,-9.574635555129772,0.5256365714285717,0.022916227549751762,-1.5519137792764393,0.5013471534727213,18.722172,48.78819449990988,10,19.378062899999996,7.855240866182362,8.933981500100344,-6.208582489578102,0.2062208888888889,0.41866382369975064,-0.7300779022559363,0.2241665517305044,-0.0455500000000022,0.9217754348376062,-18.971629529979236
ZTF19aaloqmd,SN II,0.0335,98.8625000002794,34,18.36238,85.92004629969597,12,19.31436808333333,0.18239247656450536,12.012928199954331,-5.298842442735528,0.19930881818181784,0.1382081972342251,-1.0207294324608085,0.16254088251340335,18.375546,98.8625000002794,22,18.875997090909088,13.401596784734902,23.945613500196487,-4.050786768094134,0.14867947619047617,0.830773889169489,-0.4819243771065187,0.3196290531931007,-0.013165999999998235,0.869086319883203,-17.42296010871125
ZTF19aafmyow,SN Ic,0.0265,232.6365278000012,81,17.297962,214.66292829997838,32,19.633899562499998,95.46201764011862,11.017048599664122,-5.698120513907717,0.21456938709677423,-1.0812516129037866,1.1500851016786457,0.054099049859868686,16.962145,232.57662039995193,49,18.916868530612245,56.45744613672766,26.95907409954816,-7.603576195805948,0.1558300208333329,-0.7297517875687919,-0.012266809430820036,0.13111271185077467,0.3358169999999987,0.9229772447928422,-17.978383443211065
ZTF19aakzwao,SN Ia,0.01951,142.8718056003563,61,16.103865,135.83827550010756,27,18.72989688888889,128.82248139196648,12.012928199954331,-28.43904666703829,0.21462038461538463,-0.9838597367972439,-0.5212317421678581,0.09701509797372049,16.153593,136.88921299995854,34,18.171722441176474,169.69212940035632,18.982419000007212,-28.731733245618155,0.23074736363636397,0.10986812155904445,-1.214083813040912,0.16099512467462262,-0.04972800000000177,0.9923227150129696,-18.507537420499617
ZTF19aalzmmt,SN Ia-91T,0.061,65.06274300022051,17,17.930555,64.89971060026437,9,19.298239666666664,23.699836135224828,12.894432800356299,-12.019413503635844,0.44175200000000014,0.3785722465687696,-1.1718233626257195,0.24794469611272976,18.065222,52.07767360005528,8,19.016417375000003,0.0,0.0,-9.378155063951397,0.26768400000000014,0.14879987908594336,-0.7833870373433398,0.0,-0.13466700000000031,1.2462098652616365,-19.156210248580862
ZTF19aamaeve,SN Ia,0.072,63.83363430015743,13,18.293324,25.915080999955535,4,19.13766775,0.0,0.0,-15.334874710133333,0.6312280000000001,0.3303995481114721,-1.3278536527818632,0.0,18.6047,63.83363430015743,9,19.252375111111114,42.62188332921134,5.9751736000180244,-4.773706905794581,0.36141187499999994,0.5066186367199109,-1.1512653284146828,0.10327225314522805,-0.31137600000000276,0.4059784670585742,-19.153454555683375
ZTF19aaluprf,SN Ia,0.09,42.96053240029141,10,18.10076,22.058865699917078,5,19.072698199999998,0.0,0.0,-21.27917461151831,0.4599099999999998,-0.18335317721103128,-1.4447953305026873,0.0,18.16747,42.96053240029141,5,18.913926799999995,1.0297835758568552,3.0238195001147687,-10.733013640657212,0.4286287499999988,0.0895894112067901,-1.4625415835973246,0.07571528251894247,-0.06671000000000049,0.5134681640902441,-19.830568620723653
ZTF19aalouag,SN Ib,0.0549,145.94320610025898,56,18.48864,145.94320610025898,33,19.04625312121212,7.278192664549248,38.007963000331074,-2.4324378318963755,0.09799087499999992,0.33701510278674096,-1.1497345329560154,0.35213672484290226,18.242365,122.97136570001021,23,18.7573192173913,6.850580177059485,27.989270800258964,-3.401047992009277,0.13432409090909078,0.28453122938231784,-1.097102053086564,0.29467944279182523,0.2462750000000007,1.1868064184656515,-18.369337795777486
ZTF19aalsnbp,SN II,0.05,112.81079859985039,28,18.568895,90.77862269990146,10,19.810128199999998,0.0,0.0,-3.3265569239049535,0.22637100000000032,-1.0405399256359325,0.023624767174160066,0.0,18.710997,112.75030090007931,18,19.519714722222222,0.0,0.0,-2.3148000905853134,0.12402705882352905,0.7703639108612065,0.39746194022604797,0.0,-0.14210199999999773,0.8051297599671204,-18.08607109520712
ZTF19aalzmio,SN Ia,0.075,71.84067129995674,26,17.831446,49.93972219992429,8,18.9287005,50.71318421648403,2.8975694002583623,-14.48549571198377,0.4356314285714283,0.589996792612176,-1.0573528132035246,0.06159517002969599,18.025164,70.02401619963348,18,19.094618333333333,7.6416324205599455,9.101180499885231,-8.973110105390928,0.17285405882352897,0.16058465020468948,-1.0894736438167854,0.14938865526121334,-0.1937180000000005,0.713179918980221,-19.70397639048553
ZTF19aamhmsx,SN II,0.047,112.67885420005769,39,18.715572,99.72410880029202,15,19.657335733333333,0.0,0.0,-2.7776017261396624,0.15397342857142857,0.14103750920007954,-1.3880246658957254,0.0,18.543844,112.67885420005769,24,19.150639166666668,5.975883027659397,11.978229200001806,-2.730748784929748,0.07994499999999984,0.28003148591419313,-0.96135086359706,0.11894890622570772,0.17172800000000166,0.8850294894127612,-17.805033363205617
ZTF19aalztms,SN II,0.04,38.96405090019107,10,18.914646,25.917199099902064,3,20.085782000000002,0.0,0.0,-8.634980156392572,0.941827,-0.6583398894300513,-1.5000000000000075,0.0,18.657019,38.96405090019107,7,19.19634342857143,9.067328612882998,12.9476272999309,-9.259501735946905,0.2928290000000005,0.3471659799634737,-0.9281370916006719,0.49767129790281484,0.25762700000000294,0.6651566893362972,-17.25577003016684
ZTF19aamjvie,SN Ia,0.042,84.97590279998258,41,17.11381,79.02439819974825,18,18.384691222222223,3.4156890801606052,11.997824099846184,-20.092249800235116,0.2246808823529408,0.5341816094619868,-1.029577862798215,0.17900100461592464,17.12797,84.97590279998258,23,18.103322391304346,62.03597681793309,9.98128469986841,-17.269729933520058,0.19729049999999984,0.8917261588096288,-0.15010431010179914,0.13309334659913705,-0.014160000000000394,0.9299624434206594,-19.16255252551653
ZTF19aamfxby,SN Ia-91T,0.07,47.0287268999964,28,18.12858,39.06488429987803,14,18.861294285714287,51.228090977349204,3.080902799963951,-13.305415558640519,0.21075723076923117,0.7157876018469986,-0.042476789078718546,0.08561873009998372,18.073029,46.96369220037013,14,18.747484714285708,16.785816538688728,15.995057899970561,-13.464593139250518,0.17778107692307707,0.10965613526546247,-1.2066572099856516,0.5164921948064137,0.05555100000000124,0.8318103298439161,-19.257026273598314
ZTF19aamgghn,SN Ib,0.02968,77.9510764000006,15,18.529171,74.92539349989966,5,19.355433599999998,10.659519471261005,12.896828699856997,-5.196873163576004,0.6027157499999998,0.3826898852831774,-1.5892759138046395,0.2079175738054176,17.922949,77.9510764000006,10,18.8322973,29.871040389622188,13.000682899728417,-8.804248164608632,0.32704833333333344,0.1615592865964957,-1.1295222798338824,0.20016326613439125,0.6062220000000025,0.9611848477296855,-16.99326455656197
ZTF19aamgttu,SN Ia,0.0308,52.981145800091326,14,17.073383,52.921643500216305,6,18.44328133333333,68.57706486660959,15.920798600185663,-37.351793468359524,0.8769888000000001,0.22209097800319746,-1.461839830170825,0.43028202851044833,17.028292,52.9421295998618,8,18.004346,70.55864175348083,16.002604099921882,-35.096299714873616,0.5072852857142855,0.23448140829221192,-1.3494735881814857,0.4332108732676577,0.045090999999999326,0.9996130473065529,-18.529486656029256
ZTF19aamgokq,SN Ia,0.08,38.97428240021691,10,18.46819,21.915266199968755,4,18.914666,2.2367285035869626,7.913726900238544,-19.57809988912108,0.4157746666666675,0.6104132731275608,-1.2265404306858996,0.5652040629840627,18.580915,38.97428240021691,6,19.214621333333334,5.060064115085958,8.018321800045669,-8.547042850824239,0.2986137999999997,0.07770637891642203,-1.1652005608005822,0.2590235174288636,-0.11272500000000107,0.5623006980584404,-19.207376008486747
ZTF19aamhhyo,SN Ia,0.08,52.88774299994111,21,18.558825,24.035937499720603,9,18.97546133333333,18.020060744781556,7.919409699738026,-13.32385551838353,0.21708775000000058,0.23464706393764675,-1.2855903258920292,0.49138436008198905,18.614405,44.86699069989845,12,19.370569749999998,0.0,0.0,-6.762854247232969,0.21116599999999927,0.684498652787375,-0.7205544390188923,0.0,-0.05558000000000263,0.5357153917562607,-19.11674100848675
ZTF19aamhhae,SN Ia,0.04,84.86283560004085,36,17.418907,84.75240739993751,16,19.164960625,52.519983247340086,15.892430499661714,-14.80275917792706,0.3532098666666665,-0.12298957788483295,-1.5041108385684283,0.23079343350169004,17.437996,84.86283560004085,20,18.7506476,52.601034499634935,15.944560199975967,-14.045868842414436,0.23103647368421076,0.10251982064423475,-1.3275793722785345,0.2313546023521209,-0.01908899999999747,0.9986987448707961,-18.75150903016684
ZTF19aamhhey,SN Ia,0.045,84.8768750000745,34,17.209658,84.75826389994472,16,18.77826675,59.68097447978155,10.935324099846184,-16.73661528818273,0.2975013333333332,0.19502523531400556,-1.5044743267365186,0.1481290792463346,17.304375,84.8768750000745,18,18.518034555555552,39.75644943258987,15.943171299993992,-15.73918667021113,0.2010691764705884,0.10414420334452151,-1.553096699749142,0.23128267370284022,-0.09471699999999927,0.9986025510466817,-19.216520642403747
ZTF19aamhhgu,SN Ia,0.0382,59.88222219981253,20,17.496351,52.04204860003665,8,19.328151625,75.92830502452405,7.135509300045669,-21.227474095984768,0.594768857142857,-0.080643967658165,-1.2080631602653655,0.15889688698516793,17.56548,59.88222219981253,12,18.690017166666667,73.68517810207486,10.961203699931502,-17.18939000567918,0.41336145454545464,0.23370589832661312,-1.5387683018561333,0.2240591883825591,-0.06912900000000022,0.869073435958754,-18.574081888085576
ZTF19aamkmxv,SN IIn,0.014,93.94616900011897,26,17.41754,77.94131939997897,14,18.23663135714286,22.44810787417201,4.936319399625063,-12.69296043246454,0.21093107692307675,0.6140442549518679,-1.3771514892686179,0.06761618244779308,16.543266,93.94616900011897,12,17.33915625,81.80539925266436,13.03106479998678,-23.63659566788145,0.22261899999999973,0.02185074587854503,-1.7160438070887785,0.1610461350671472,0.8742739999999998,0.8296380813557205,-16.47321625191822
ZTF19aamkywr,SN Ia,0.03034,39.91791670024395,10,17.007275,34.002361100167036,6,17.9906555,67.26039503994448,10.956273199990392,-59.63447316826022,0.5851471999999994,0.32620878126347025,-1.0979328142963722,0.4754070733153115,17.126215,36.94079860020429,4,17.5958375,15.586601114844509,12.979976800270379,-41.09665699065108,0.48922266666666775,0.8761029107799729,-0.8902543501897338,0.5417166785283709,-0.11893999999999849,0.9204554960535963,-18.56291895578059
ZTF19aamljom,SN II,0.02,116.83239580038935,46,16.28919,100.84859950002283,20,18.12215775,0.0,0.0,-29.192372717126503,0.19188999999999984,-0.42136365995053,-0.7992567350041395,0.0,16.213448,116.83239580038935,26,17.543462769230768,81.95750273756641,8.044270799960941,-28.759089628321085,0.14755336000000013,0.6119182777161005,0.8189824185530252,0.07394438317536278,0.07574200000000175,0.8631903746314064,-18.376076051846933
ZTF19aamqlyl,SN Ia,0.03,80.87459490029141,15,17.11614,53.89546300005168,5,18.335729599999997,0.0,0.0,-24.320934324163822,0.6870149999999997,0.17069898109868797,-1.3154799215800586,0.0,16.65418,80.87459490029141,10,18.1454533,127.18589474177864,6.9750232002697885,-27.399975494266602,0.38232311111111117,0.11992820904281619,-1.3551436761306306,0.09438516407893806,0.46196000000000126,0.6664078264193875,-18.42958234712534
ZTF19aamhgwm,SN II,0.03422,88.85721069993451,37,18.106506,82.84287039982155,17,18.980214470588237,7.207689868960847,15.96063659992069,-7.659628162686661,0.18108362500000008,0.7617116783817595,-0.9814821364445314,0.23863791164140735,18.07856,88.85721069993451,20,18.672864649999998,15.111399413479592,15.942465300206095,-6.339171423186502,0.13269642105263127,0.656760064569083,-0.5096306178363599,0.21864528515881612,0.027946000000000026,0.9323145499083577,-17.72501009955244
ZTF19aanbfaw,SN Ia,0.06,50.02114580012858,17,17.946733,30.964166699908674,7,18.860338000000002,0.0,0.0,-18.161540851006688,0.3416195000000002,0.3670034084974536,-1.384231390254957,0.0,18.083202,50.02114580012858,10,18.7188651,18.39763838036674,5.001203699968755,-9.554613973911852,0.20429399999999928,0.26775533387467126,-1.2540307879553652,0.11108863020841159,-0.13646900000000173,0.6190215398830204,-19.10413932544525
ZTF18achxcsh,SN Ia,0.07,35.01006949972361,13,18.507376,22.046446799766272,8,18.889425624999998,61.07029018073037,3.039768499787897,-12.666514173435763,0.24791928571428606,0.7678728886390189,-0.44024628076164385,0.15993160150405425,18.580084,34.93756949994713,5,18.929475,10.736453049861025,7.989594900049269,-7.596416376253935,0.29053724999999986,0.6747080073064982,-0.775897008324451,0.2964822039011255,-0.07270799999999866,0.631024055631564,-18.878230273598312
ZTF19aamsetj,SN Ic,0.02751,59.02608790015802,21,17.682653,32.964432799723,7,18.582860999999998,61.59929615587252,9.95777769992128,-31.446186072611283,0.5848235000000006,0.2723200809956622,-1.0386456437343343,0.4328216186457761,17.367987,59.02608790015802,14,18.300878,25.88345319991746,34.08952540019527,-37.626029226491,0.338493,-0.18414767929343293,-1.7691318644145342,1.3670499051441511,0.314665999999999,0.5584722615444543,-17.674916025475444
ZTF19aamqebl,SN Ia,0.09,50.008043999783695,29,19.108139,18.917638899758458,9,19.775541555555552,0.0,0.0,-7.967778652633889,0.15875762500000024,-0.18626615053402407,-1.611138552408799,0.0,18.696392,50.008043999783695,20,19.4257997,18.923819242730428,9.026377299800515,-6.337837270610697,0.16929936842105175,0.28961726932655824,-0.6808017328371148,0.22025403129356425,0.41174700000000186,0.37829191839297466,-18.823189620723653
ZTF19aamooex,SN Ia,0.08,38.07537030009553,10,18.681746,13.009780100081116,4,18.86458125,0.0,0.0,-9.202340526147534,0.15899333333333368,0.659595883507881,-1.134151350424305,0.0,18.761623,38.07537030009553,6,19.103882,13.83612888062154,13.024513899814337,-6.899139391833562,0.36088200000000015,0.6654397072271446,-1.4869426334893971,0.5199228997084563,-0.07987699999999975,0.3416849264378258,-18.993820008486747
ZTF19aamhqej,SN Ia,0.0169,139.72975699976087,53,16.564354,139.72975699976087,40,18.99342295,0.0,0.0,-16.100537270668276,0.12682507692307718,-1.5216825823460725,2.942889272620751,0.0,18.016737,35.9466551002115,13,18.650256923076924,0.0,0.0,-11.414646350301572,0.10007008333333307,-0.21160886875490414,-1.3278617992764683,0.0,-1.4523829999999975,3.887142116845768,-17.73519559659539
ZTF19aamvmer,SN Ia,0.08773,55.868668999988586,24,18.73746,35.951921300031245,6,19.351332666666664,20.362815854528474,11.977372700348496,-9.268953186937573,0.5696776,0.6005417724944323,-1.3689132445916796,0.49958699537337653,18.750628,48.856701399665326,18,19.314251055555555,9.277781724501988,7.901446799747646,-5.424307682068925,0.15313776470588203,0.21910789187684737,-1.2493403421076406,0.192928767674259,-0.01316800000000029,0.7358646873421036,-19.13839672031984
ZTF19aanejfr,SN Ia,0.0428,50.064594900235534,36,17.054047,42.01427090028301,17,17.88683394117647,81.57250686748212,8.03480330016464,-38.94580287503478,0.1898718125000003,0.691103827311624,-0.9438312763095498,0.23646054125158367,17.202793,50.02245370019227,19,17.75552057894737,65.47100647674603,7.936666700057685,-23.590606049326926,0.12304822222222159,0.513334044904531,-0.7884679490681772,0.18858306487252582,-0.14874599999999916,0.839908237050785,-19.26328791859289
ZTF19aanlekq,SN II,0.03677,91.84379630023614,33,18.095182,69.92866900004447,12,19.1675485,0.13935315977463056,3.9940046002157032,-7.719662398945203,0.22123163636363555,0.13843152977473427,-1.6054545329842815,0.06057518661194666,18.094791,87.77973380032927,21,18.69434695238095,0.0,0.0,-4.917032860426357,0.08179634999999977,0.4245704259880972,-0.9427804588640325,0.0,0.0003910000000004743,0.7966379706631346,-17.89240222287134
ZTF19aamvape,SN II,0.03,123.74744210019708,58,18.096989,84.82932869996876,21,19.56960014285714,27.395285185846415,3.1027661999687552,-6.4722956521792,0.19357289999999985,-0.4818180751155358,-1.5417824318825513,0.03796521112666099,17.730743,123.74744210019708,37,19.12524289189189,34.37273581210927,20.040080999955535,-6.823468198680276,0.15879088888888898,-0.7023389312368934,-0.8547731030539674,0.19323682318543597,0.3662460000000003,0.6855036941392557,-17.44873334712534
ZTF19aanfukh,SN Ic,0.02765,79.00004629977047,17,18.622925,25.97945600003004,6,19.160719,7.356558975427738,3.0007986002601683,-11.550289347675918,0.31201740000000056,0.7643824960302869,-0.7409544079680539,0.13059068456672412,18.26969,79.00004629977047,11,18.92894772727273,13.942198006329466,24.974120399914682,-6.574810964174302,0.2723257999999998,0.03200686771714186,-1.528286006959577,0.46226177495240933,0.35323499999999797,0.3288536806858241,-16.74566675173062
ZTF19aanesgt,SLSN-I,0.153,38.95891210017726,11,18.605366,17.01937500014901,4,18.85671275,1.8139505837215801,3.0140625000931323,-14.833556594631379,0.3152133333333336,1.1440785439922283,-0.6751276391513681,0.21520851463193746,18.45209,38.95891210017726,7,18.77660585714285,10.756099337960759,19.94568290002644,-9.02308852435774,0.22737183333333397,0.4221652398137637,-1.2340250462485987,1.0490423636121857,0.15327600000000174,0.43685447263994764,-20.478207227615027
ZTF19aanfyey,SN Ia,0.0849,40.98121530003846,21,18.60937,30.000080999918282,9,19.113621555555554,23.76805598237387,8.020578699652106,-12.914750934020676,0.31325275000000063,1.0513333483522023,0.018810119203092057,0.3649117523263925,18.606014,40.98121530003846,12,19.09999583333333,13.629310396046193,14.989166699815542,-9.185899233039573,0.1920279999999999,0.13525495711945112,-1.3625870676570078,0.5766827744269065,0.0033560000000001367,0.7320446887745208,-19.195284524746796
ZTF18aahtjsc,SN Ia,0.0529,19.95995369972661,15,18.463465,19.95995369972661,11,18.769163,20.885246409970147,8.008946699555963,-14.155802347710733,0.13908879999999968,0.07818415672358818,-1.5618223708568433,0.6701482728142996,18.187292,4.079861199948937,4,18.2946615,0.0,0.0,-23.485875503989025,0.17442399999999955,0.006987928484832098,-1.8918492352855727,0.0,0.276173,4.892311949234064,-18.31392943370296
ZTF19aanfnvl,SN II,0.03167,40.962048599962145,13,18.174267,40.92001160001382,6,18.37994083333333,3.149660218229673,7.984421300236136,-8.556034258615249,0.1728831999999997,1.58501998241254,0.8149828917287527,0.24242532857502877,18.143456,37.935347199905664,7,18.219262285714287,3.4823615755552524,26.925902800168842,-6.333207060872572,0.061487000000000215,0.5651927818341154,-0.9935466957097132,2.4457095038158783,0.030810999999999922,1.078677661347873,-17.48908939038659
ZTF19aanhhal,SN II,0.02597,114.9195023002103,48,18.215462,97.8454167000018,22,19.05146663636364,0.0,0.0,-4.04305606240337,0.10741961904761917,-0.17672032028852427,-0.6936373204048216,0.0,18.115599,108.88052080012858,25,18.45517296,3.178401135856431,21.956169000361115,-4.421517217204349,0.07654366666666663,1.3435332225529035,2.212885071857637,0.2525893900358064,0.09986299999999915,0.8986494184723468,-17.01701382167354
ZTF19aanijpu,SN Ic,0.05,148.8506482001394,46,18.073753,125.95553239993751,23,18.88250152173913,14.502116596968646,32.942164400126785,-4.744832359730976,0.1558748636363635,-0.0315611268254737,-1.487487780046655,0.3541659130136414,17.498571,143.7849653000012,23,18.141794782608695,16.91601114931289,43.93822919996455,-8.367400789959676,0.17401768181818172,0.714939014988812,0.40593056799494587,0.4400567401216075,0.5751820000000016,0.8759993239706019,-18.581213095207122
ZTF19aangier,SN Ia,0.0604,48.87466430012137,23,17.790703,44.95958330016583,12,18.753405166666667,23.856548729765876,8.001041600015014,-19.013506760514517,0.2757373636363635,0.6661187463950213,-0.8074104108050779,0.216486940013176,17.90041,48.85550930025056,11,18.40043836363636,28.43797155853805,8.064386600162834,-12.129014663421575,0.18018849999999986,0.5109236042000108,-0.5637804099551214,0.19769954995981248,-0.10970700000000022,0.9202561582944189,-19.274597766632688
ZTF19aanhlxe,SN Ia,0.069,44.93768520001322,11,18.239536,12.99276620009914,4,18.42384125,23.922643756186254,8.008645799942315,-15.09804896238806,0.2304579999999999,0.8390111339848503,-0.9518344480136105,1.6068323308743349,18.465006,44.884293999988586,7,18.829315,8.447933755365545,12.953761599957943,-9.016547468036306,0.2740131666666669,1.3276455929069912,0.5458261766039976,0.4056857379536056,-0.22546999999999784,0.28947244218885215,-19.114825527213306
ZTF19aanhlzi,SN Ia,0.0544,48.988761600106955,18,18.081991,39.06953709991649,6,18.8069835,17.850502981639785,12.987731500063092,-19.14492256138028,0.5266100000000009,0.6538212428267944,-1.312947897650835,0.4979613643058552,18.027773,48.937638899777085,12,18.603910833333334,21.149383223756082,12.954178299754858,-13.028923898832815,0.20000627272727298,0.6278808162125226,-0.5243601626457135,0.3600036817955985,0.05421799999999877,0.7983535368334751,-18.756119572017933
ZTF19aaniore,SN II,0.03,123.65024300012738,67,18.533068,109.78494209982455,26,19.560887423076924,19.080089800620218,2.951886599883437,-2.8761169207757615,0.1157798800000002,-0.5792863031183901,-0.6302095166645088,0.027630835662891477,18.484331,123.65024300012738,41,18.89156958536585,11.234110620458527,18.81906249979511,-2.6781616812133744,0.08189252499999986,0.9581676802511991,0.05767415690527411,0.17951779623177536,0.04873699999999914,0.8878667719214386,-17.01265434712534
ZTF19aanhgqg,SN Ia-91bg,0.02777,99.91693289997056,32,17.079046,99.91693289997056,15,19.034779133333334,94.33548035462522,8.041215300094336,-15.54404737099458,0.36741599999999963,-0.10761350654568527,-1.594423916625655,0.08752274823163035,17.031021,89.89079859992489,17,18.703037352941177,107.03335550014842,7.9770022998563945,-18.16393465587163,0.2842901250000003,0.11124526067537863,-1.5051036677556744,0.09738289104114839,0.04802500000000265,1.1115368253058777,-18.298949472278313
ZTF19aamrais,SLSN-II,0.1173,149.80399300018325,55,18.776117,116.71145830024034,23,19.41220947826087,3.9715750309632925,28.99739579996094,-2.5095955091111795,0.10255331818181804,0.06553599090978376,-1.3660068986230933,0.33059004421176563,18.465477,143.8041898002848,32,19.06252428125,4.9581696289450266,34.8781829001382,-2.7561340371789655,0.07924854838709652,0.5245971572785222,-1.0155124693762851,0.3202006930457969,0.31063999999999936,0.8115998460290285,-19.73048913410468
ZTF19aalbrgu,SLSN-II,0.097,212.68841439997777,150,17.925251,212.6153124999255,65,19.442876092307692,0.0,0.0,-2.852903750081665,0.08518728125000025,-0.8766102824362769,0.11028664278468536,0.0,17.871433,197.76586809987202,85,18.921251952941184,3.824375997476125,12.086087999865413,-3.02038515957583,0.05964860714285728,-0.7328101963323481,-0.7110674003655326,0.06509102926207624,0.0538179999999997,1.0750859819377654,-20.16872374485826
ZTF19aaniqrr,other,0.519,163.83775469986722,71,19.2926,99.85137740010396,27,19.946800407407405,0.0,0.0,-1.244258306539102,0.08342276923076894,-0.31040336500851956,-0.9279891838076026,0.0,18.939917,163.83775469986722,44,19.75580590909091,6.6326267765810485,12.086087999865413,-1.2617946384984335,0.10127702325581392,-0.36893831662455084,-1.158345954370781,0.07964385672124726,0.35268299999999897,0.6094527942171859,-22.443352862769316
ZTF19aanmdsr,SN Ia,0.125,43.94486110005528,15,18.849022,39.88541659992188,5,19.4498314,5.667896381914997,11.951365699991584,-9.046237471486902,0.6379122499999985,1.4225815801261512,0.15002255759338734,0.4278421967084411,18.747633,43.94486110005528,10,19.258941999999998,8.77706535367868,14.964618000201881,-7.7148913210857835,0.21203311111111095,0.542924727548687,-0.9535754806650467,0.516373101103406,0.10138900000000106,0.907624136280902,-19.795644138567308
ZTF19aanirdx,SN Ia,0.092,40.82956020021811,16,18.485388,28.95927090011537,7,18.956775571428572,17.87775506006082,12.934363400097936,-15.360173238185624,0.3244219999999996,0.2841109618449904,-1.5698765755845927,0.8071412206331839,18.612404,35.91460649995133,9,19.14043933333333,6.978546832445229,10.914201399777085,-8.164995861546052,0.3336929999999998,0.8916772158219384,-0.2881352923888709,0.436560981953889,-0.12701600000000113,0.8063368562914538,-19.493667210254806
ZTF19aanircs,SN Ia,0.06,68.83508099988103,20,17.817587,59.857962999958545,8,18.547988750000002,30.639686929339437,10.917465299833566,-14.037894672062977,0.48486085714285715,1.2203503214140894,0.1343900256387025,0.2230763031207524,17.998575,68.83508099988103,12,18.946031583333337,21.46418618067104,13.924305600114167,-9.828170009831922,0.2532924545454546,0.33074034182219103,-1.2439188664336407,0.2535805677253883,-0.18098799999999926,0.8695851320355387,-19.233285325445248
ZTF19aanjlwx,SN Ia,0.05,30.968935099896044,10,17.932734,30.968935099896044,4,18.31653225,0.8098729137898142,16.015601799823344,-30.88883498103877,0.42868133333333347,1.0384996180286608,-0.7706363704772157,1.071038910083378,17.702625,23.97186340019107,6,17.940915166666667,19.316123738046645,12.957222199998796,-30.69976899553298,0.1916241999999997,0.38749663504345183,-1.1625758962283281,1.176363529642038,0.2301089999999988,1.2918868501331942,-18.722232095207122
ZTF19aanovps,SN II,0.035,129.0563542000018,57,18.833225,99.95614580018446,19,19.609732789473682,13.11797049090962,5.081469899974763,-2.259133910020391,0.18110972222222227,-0.2695858502081654,-1.6250961478202925,0.053559813003414246,18.562822,124.0119675998576,38,19.043798921052634,1.2062040351679608,11.087546300143003,-2.3509589491013614,0.06783305405405397,0.8759668016003793,0.20250737371392846,0.0981855489940069,0.2704029999999982,0.8060201586568427,-17.047231295278408
ZTF19aanmeyw,SN Ia,0.06,37.94070600019768,20,18.544996,18.943125000223517,10,18.7491496,24.8112058599668,5.0454861000180244,-7.695636914896486,0.08754166666666624,0.03349990252533228,-1.1825728045065917,0.36304627974924725,18.370258,37.87512730015442,10,18.7739829,20.936784595811243,4.955266200006008,-7.795553075986641,0.15058344444444513,0.18118897674838433,-1.4397030367794663,0.15052512478503954,0.1747380000000014,0.5001468338337779,-18.505876325445247
ZTF18accngxc,SN II,0.07,183.67113419994712,18,19.158695,31.005138899665326,6,19.313822,19.53105211486248,1.0043866001069546,-3.4173850984473346,0.18605740000000068,1.6999455166459372,1.0380647784521306,0.03347871380284486,18.742594,183.67113419994712,12,19.52031766666666,1.3295334789401851,146.73020830005407,-4.980037586195705,0.299534090909091,-0.07987168839982042,-1.5423719572273606,3.9720230266474967,0.41610100000000116,0.16880790242146962,-18.22691127359831
ZTF19aanesxt,SN Ia,0.048,32.9567245002836,15,17.424006,27.999953700229526,9,17.97077177777778,53.52080513255843,3.0639352002181113,-32.3027513812849,0.21123537500000067,0.6227626140398587,-0.9853153324342259,0.12287186906830008,17.593752,30.079919000156224,6,18.0327535,40.95152433768687,12.973622700199485,-26.90997543938819,0.33928260000000066,0.08843198425084088,-1.6962076832681074,0.7584121350822325,-0.16974599999999995,0.9308520312200343,-19.142316260404968
ZTF19aanrrqu,SN II,0.02377,103.93614579970017,39,17.132767,66.96920139994472,14,18.200534357142857,0.0,0.0,-18.520688128712756,0.1801861538461536,0.23365257204485604,-1.0897695282383968,0.0,17.126205,103.89905089978129,25,18.085203679999996,34.80439046351221,8.052754600066692,-13.146289815371778,0.12323779166666693,0.5806711780589675,-1.2519937957145755,0.08401737898025248,0.006562000000002399,0.6445602805798653,-17.907494982167925
ZTF19aanqzhm,SN IIn,0.049,29.066122699994594,13,18.944143,12.038507000077516,5,19.372746199999998,25.06834671487445,3.0701967999339104,-17.715131586626683,0.34259974999999976,0.6293926608474226,-0.4029731074496272,0.3423383816367936,18.609983,28.02226849971339,8,19.130656625,10.037193358640355,7.9966434999369085,-13.863521909711,0.27460071428571453,0.7656487375835683,-0.9313045915217479,0.3993205455523193,0.3341600000000007,0.4296050121781056,-17.666953473669597
ZTF19aanramr,SN Ia,0.04529,68.01883100019768,52,17.63228,65.01643510023132,22,18.666058454545453,49.51030888516391,13.95275460043922,-16.21503848580038,0.2248341904761903,0.5118424434397681,-1.1085659823947704,0.27324224309479667,17.59324,67.99782409984618,30,18.370612000000005,42.143682271704556,16.969849499873817,-16.066137962147117,0.17991544827586148,0.771901315435136,-0.6069009623741577,0.3325597308712897,0.039039999999999964,0.9561546411362065,-18.80784767694181
ZTF19aaneugz,SN Ia,0.0545,41.00896989973262,18,18.060822,34.0225693997927,8,18.818305625,32.528211321179086,13.026157399639487,-23.16110900573802,0.4539727142857138,0.357774162044722,-1.4872549073761805,0.6203992091384201,17.914988,35.9384142998606,10,18.417226799999998,112.8843430484915,1.9313309998251498,-14.276788231430533,0.22423655555555536,0.633817647493984,-0.24114098762146075,0.05679202132054462,0.14583400000000069,0.9466908894732362,-18.781276584910238
ZTF19aanfqug,SN IIn,0.046,27.005937500391155,10,18.989191,26.979386600200087,3,19.055874000000003,0.9930239551466986,3.0156713002361357,-1.6763216979603395,0.10002449999999818,0.6950262411033344,-1.5000000000000775,0.12584322850141155,18.997381,26.982986100018024,7,19.062741857142857,0.6428185649749331,20.025069499854,-4.9257391136808675,0.04828766666666636,0.7064099346745493,-0.18593200916699093,2.878026663812258,-0.008189999999999031,0.9998666011313724,-17.4847142319349
ZTF19aanpcep,SN II,0.0314,62.915162099990994,27,17.90293,39.95928240008652,10,18.7702864,44.47613053364944,3.008217599708587,-16.34070879214567,0.2769836666666663,0.5809664677495876,-1.1778857950771673,0.08141085015979889,18.053543,62.832395900040865,17,18.966949647058822,23.269468331130852,7.960671300068498,-9.403548770883212,0.15802125,0.15167520863670858,-1.4110846795564538,0.145077840328578,-0.15061299999999989,0.6359662372839826,-17.741834313893097
ZTF19aansyyn,SN Ia,0.078,68.89715280011296,32,18.076614,68.81611109990627,12,19.018601166666663,30.424689371116727,10.97761580022052,-8.869246827739538,0.30265245454545436,0.5201782703940241,-1.3180337280481027,0.1897977418558495,18.169125,68.86469910014421,20,18.833443600000003,22.836793698674,13.921157400123775,-7.458595213230925,0.13797389473684218,0.2533384935389005,-1.2392289073239482,0.25337204281679204,-0.09251100000000179,0.9992944425682121,-19.543975086979437
ZTF19aanuipr,SN Ia,0.07,43.97385419998318,13,18.66353,32.98834489984438,5,19.314873000000002,18.852647571604503,11.987685199826956,-12.118668225763832,0.6617887499999995,0.23567385920888728,-1.6034559413532066,0.5708242203370884,18.586327,43.97385419998318,8,19.102334,20.41915893007043,12.086087999865413,-7.32755375545155,0.3290617142857139,0.3855217688520093,-1.504723673782597,0.3790195877634344,0.0772030000000008,0.7501808858923491,-18.72207627359831
ZTF19aaomkvl,SN Ia,0.03961,96.70369210001081,28,17.955791,56.85684029990807,8,18.769484,31.571654525965943,16.970104199834168,-14.997659295950978,0.6358899999999993,0.9206814461025481,-0.6194768539595872,0.4254573289039492,17.795778,96.70369210001081,20,19.25948935,49.63800359285257,13.898206000216305,-8.218393811126601,0.28194757894736805,-0.3732677817219927,-1.3259854517415133,0.16784160874880483,0.16001300000000285,0.5879490127544129,-18.19334928554849
ZTF19aanuhox,SN Ia,0.06,71.86236110003665,29,17.792738,65.8759721997194,9,18.889546444444445,51.620845455280346,11.966817100066692,-13.165982082058536,0.5843942499999999,0.4358536159132418,-1.1790709453489823,0.22198116586961283,17.98312,71.86236110003665,20,19.008789250000003,44.069991578957286,11.939756900072098,-9.478675843136852,0.22837263157894733,0.3043213815891105,-1.1135977046037835,0.19925297071917247,-0.1903819999999996,0.9166964623944954,-19.258134325445248
ZTF19aanxgrz,SN Ia,0.02708,71.84607640001923,22,17.223131,65.94547450030223,6,18.328559833333333,102.27806967001315,7.9972107000648975,-21.285955128712697,0.8956530000000008,0.9621822288373248,-0.36262025514201524,0.13800604497200045,17.089584,63.87265049992129,16,18.69002175,7.1775254316015795,2.959027800243348,-22.32876087621729,0.21163246666666707,-0.14051850783170908,-1.5108022254958624,0.04857743915235881,0.13354700000000008,1.0324524500573762,-18.10022837359256
ZTF19aanxrkt,SN Ia,0.09,42.8981713000685,12,18.958885,33.04025460034609,5,19.642830399999998,11.836059075095042,11.049502300098538,-8.830258533743182,0.5590580000000003,0.031042034729943758,-1.5768685224051562,0.5024613141576859,18.866095,42.89611109998077,7,19.308223714285717,7.146134067051906,17.978645800147206,-7.157252472909376,0.28763499999999986,0.21053233712440933,-1.386925861019998,0.7215278754804684,0.09278999999999726,0.7702389273315944,-18.972443620723656
ZTF19aanydko,SN Ia,0.07,62.87643519975245,13,18.542936,32.976620400324464,6,19.0401885,16.541732375572234,8.000382000114769,-12.751913940732273,0.4798813999999993,1.615055497943546,0.8816054573428049,0.320319732376017,18.55665,62.87643519975245,7,19.55839285714286,11.856204457932483,10.95449069980532,-6.197193487747357,0.4213763333333329,0.20573959582376503,-1.4393498646085108,0.21097997783608574,-0.013714000000000226,0.5244670804819147,-18.842670273598312
ZTF19aaojnrx,SN Ia,0.0508,24.9618635000661,11,18.445993,24.91752320015803,4,19.1161765,48.815847111180304,4.984641199931502,-13.593851989766664,0.6927773333333332,-0.5665948166864538,-1.1676051856587588,0.2500712741827727,18.105495,19.930949099827558,7,18.373084857142857,25.4825881793178,5.986354199703783,-17.56341080739765,0.1570821666666665,0.40165126656583916,-0.7176668572876119,0.42929566922382567,0.3404980000000002,1.2501925059039771,-18.243441634946628
ZTF19aaokist,SN Ia,0.07459,65.94078700011596,37,18.178535,62.85427080001682,16,19.269488937499997,37.58575212418722,11.062974500004202,-9.533798830033584,0.3225438000000004,0.5644693480861925,-1.1456814353112177,0.21360682760129152,18.252436,65.86127310013399,21,19.095647285714286,33.56732726782305,10.921064800117165,-7.168892010679627,0.21256900000000006,0.31719403455121364,-1.3483213323381984,0.1987809136157538,-0.07390099999999933,0.954343392428121,-19.344984109286674
ZTF19aaobwpx,SN Ia,0.05,65.87761580012739,15,17.742577,28.916400500107557,4,18.226866,13.427781700630517,9.072060199920088,-31.095898665829946,0.594163333333333,1.1151596875796475,-0.6941846586308595,0.45716108788128296,17.871906,65.87761580012739,11,18.977441727272723,53.82628039637956,10.903298600111157,-11.174589244264835,0.4192351000000002,-0.004716700606621637,-1.6927131222629426,0.1983344069639111,-0.12932899999999847,0.43894121165283034,-18.91238909520712
ZTF19aanuuen,SN Ia,0.0701,68.81688660010695,30,18.35682,35.83474540011957,14,18.887817214285715,30.842842922836116,7.976574100088328,-13.203272822827982,0.22401369230769236,0.9411291881656728,0.10895185480648362,0.28632798664998454,18.300257,68.81688660010695,16,19.162967124999998,21.12455952870118,13.91965280007571,-7.229364456267684,0.21706266666666707,0.4111930488213833,-1.1978104864364205,0.2535583641751324,0.056563000000000585,0.5207260480752972,-19.031886163360326
ZTF19aanxosu,SN Ia,0.08,84.80730320001021,46,18.282293,56.858657400123775,13,19.134387461538463,21.516579985128946,16.967303200159222,-11.176654250156252,0.3501728333333333,0.9611097076983979,0.022522965873497114,0.4253378593042173,18.292393,84.80730320001021,33,19.437958090909092,20.074879821724,20.877256900072098,-6.473522885690527,0.17912749999999988,-0.060917936235153236,-1.5164220169315743,0.32656408228023304,-0.01010000000000133,0.6704452948589565,-19.393273008486748
ZTF19aapfnym,SN II,0.034,87.8550347997807,15,18.56673,58.874074099585414,5,19.7304244,0.0,0.0,-5.061522009237608,0.4633925000000003,-0.5638910016299155,-1.493315103859984,0.0,18.599295,83.87709499988705,10,19.0878256,0.0,0.0,-1.9978051842954923,0.1339501111111111,-0.5772746870371003,-0.9134864408771284,0.0,-0.03256500000000173,0.7019088357753055,-17.250780658738307
ZTF19aapafit,SN II,0.01860,163.69704860029742,63,17.6802,113.78966430015862,26,18.46446080769231,12.110723330070595,6.018090300261974,-6.634700050802093,0.09494696000000005,0.6208442456998122,0.528968922960344,0.05584116550313857,17.666134,163.65099540026858,37,18.189842513513515,8.42354356505262,24.910648200195283,-5.253808092060175,0.0865272222222223,1.2880226485024802,-0.03419873607366908,0.17954869439869847,0.01406599999999969,0.6953191089479427,-16.827480794616612
ZTF19aaoyjoz,SN Ia,0.0615,58.92129629990086,15,18.221203,28.021157399751246,7,18.709936285714285,27.486948361303277,11.9347685999237,-21.144435156240696,0.3792756666666672,0.3689062170948133,-1.6557076458844835,0.7419172039439732,18.208282,58.901099499780685,8,18.97346225,20.302729510624978,15.977650499902666,-10.19464759921705,0.4356741428571428,0.590813575791588,-1.1469389066880806,0.3722359426417032,0.012920999999998628,0.47573233161556827,-18.883288652404115
ZTF19aaoyech,SN Ia,0.06,58.93395829992369,26,18.236874,53.00350689981133,11,19.162945363636364,30.87877223386106,11.948784700129181,-11.228038922297793,0.41940469999999974,0.8824789721726384,0.19234791907872273,0.2910453185388182,18.538109,58.895208300091326,15,19.41130293333333,22.37878397516425,12.998263800051063,-6.985125189809998,0.2734422142857146,0.20341451391728607,-1.3577874846139615,0.2832054277608755,-0.30123499999999837,0.8999629754213662,-18.813998325445247
ZTF19aaozpew,SN Ia,0.06,86.8929397999309,31,17.125845,86.8929397999309,18,19.094357444444448,95.4471121131816,12.121539399959147,-17.966990466574362,0.3353483529411764,-0.5179383881232027,-1.3397051037217458,0.16211464992119803,17.356005,70.90567130036652,13,18.67955138461539,57.986214465597165,15.918136500287801,-18.191044048823034,0.36322325000000016,-0.45307474195576014,-0.8283113097756667,0.28948627281005174,-0.23015999999999792,1.2254723523008482,-19.925027325445246
ZTF19aaozplq,SN Ia,0.1,37.91328699979931,19,18.627062,31.98195599997416,8,19.219696624999997,18.903432130475604,12.119236099999398,-12.999081229194783,0.3640251428571431,0.5043635097556847,-1.0136836622948222,0.6101498768058847,18.73443,37.878101899754256,11,19.30774618181818,24.44014910456882,8.930497699882835,-5.8112307718405,0.2240947000000002,-0.1369794678444004,-0.920908329829893,0.3085055895548863,-0.10736800000000102,0.84433892924771,-19.53305407352703
ZTF19aapadxs,SN IIb,0.035,66.91696760011837,26,18.996222,31.12026620004326,10,19.548334399999998,15.520364939605793,12.026446799747646,-10.153826954990734,0.33959511111111124,0.83292681100858,-0.7059264636765517,0.6298607181526735,18.24075,60.99935180041939,16,19.0545889375,17.671679987717674,11.000231500249356,-8.345188652882266,0.20462546666666698,0.2526395764091199,-1.4383986841115588,0.2200085008338026,0.755472000000001,0.5101737195808906,-16.884234295278407
ZTF19aaqtyku,SN Ia,0.0234,92.92653940012679,61,17.06601,80.95020839991048,28,18.676739928571426,96.01120366619155,11.9082524003461,-20.191618616628137,0.2735604074074076,-0.04546172478317193,-1.5475024235090495,0.1724784912006438,16.828117,92.81950230011716,33,18.315696181818186,116.36934441815171,11.886712899897248,-21.086694428243504,0.16948256250000004,-0.20408730629308725,-1.4383607830747225,0.14687141006738794,0.2378929999999997,0.8721249995304952,-17.94018536057775
ZTF19aapfmki,SN Ibn,0.05469,28.915543999988586,11,17.386992,28.915543999988586,6,18.59332733333333,120.63102933838404,2.914537000004202,-38.72805276561292,0.5994978000000003,0.2366504782325677,-1.3078319049630542,0.11209323546607071,17.631922,25.91306719975546,5,18.8503938,0.0,0.0,-31.494903580323836,0.6909454999999998,0.33273400186432633,-1.5857085676562686,0.0,-0.2449300000000001,1.1158672872295665,-19.462663690400227
ZTF19aapafqd,SN II,0.0321,129.74866899987683,57,18.471483,100.74026619968936,25,19.048015000000003,7.044511672513824,35.89319449989125,-4.724295238921011,0.1110028749999999,0.4374298623063567,-1.1803907399767115,0.5535052479478885,18.328918,108.86568289995193,30,18.7167058,7.16122181839784,35.98291670018807,-3.7382541024525824,0.07303896551724091,0.5638115048599672,-0.9920637530640799,0.4937095362374522,0.1425649999999976,0.9253629198493167,-17.221158235551393
ZTF19aapbfot,SN II,0.03,91.71376150008291,36,18.758877,82.83215279970318,15,19.761226466666663,9.25185434652708,3.0384837999008596,-3.229808766013868,0.18184228571428637,-0.45762847669728857,-1.0894620169105633,0.03807925914408557,18.711422,91.71376150008291,21,19.124015666666665,3.837628875117671,24.877407400403172,-2.9608152857482715,0.08785895000000057,0.36117456472736764,-0.7646871752872997,0.37221371116834123,0.04745499999999936,0.9031594762322369,-16.786845347125343
ZTF19aapbgmp,SN Ia,0.08,59.97465280024335,16,18.122122,50.976794000249356,7,19.291140285714285,1.2954733828368672,12.008703700266778,-13.17834263353856,0.44239266666666605,0.26715675984581905,-1.271466616445925,0.30816762145185617,17.937769,59.95031249988824,9,19.063720333333336,26.181740433437557,6.932210699655116,-10.902196482465135,0.31484512500000017,-0.1579519954732605,-1.7012875704117403,0.13075177089091172,0.18435300000000154,0.850317402437967,-19.553444008486746
ZTF19aaphmto,SN Ia,0.08,60.89434020034969,15,18.124458,49.08197910012677,5,19.0549398,0.0,0.0,-10.611144714517067,0.7056104999999997,0.8765823431584775,-0.8110344096936961,0.0,18.100176,60.89434020034969,10,18.9400597,18.38374414581261,6.998831000179052,-9.31436091578632,0.2790259999999998,0.6621491743982548,-1.047856421768738,0.12985926107841456,0.02428199999999947,0.806018735709118,-19.551108008486747
ZTF19aapeime,SN Ia,0.02789,55.93932870030403,19,18.920513,25.150416599586606,11,19.25088627272727,17.239419388368486,6.009236099664122,-8.478683765487723,0.16793939999999985,1.235640549960895,1.0576145303067488,0.3139428155796586,17.723154,55.93932870030403,8,18.33093775,39.30672369499244,6.0250463001430035,-13.835421434611002,0.3466159999999999,1.4001102976436721,0.889084128865969,0.1207078617667068,1.1973589999999987,0.44960168782736776,-16.466845644857273
ZTF19aapuohr,SN Ia,0.04,55.9163194000721,11,17.754215,41.00417819991708,4,18.802702500000002,0.0,0.0,-17.83689679608818,0.934295,0.5740936630132278,-1.2716970618368737,0.0,17.804909,55.9163194000721,7,18.729229571428572,54.30076947255862,8.955069400370121,-12.20210223956533,0.44421683333333384,-0.4851293955724214,-1.2838643956796614,0.19069060982037214,-0.05069400000000002,0.7333132552330368,-18.416201030166842
ZTF19aapfktd,SN Ia,0.09,58.91854159999639,14,18.210987,55.91888889996335,7,19.139045,25.602783515418732,14.916527699679136,-11.442708810998992,0.6627385000000002,0.6273778515952518,-0.8131460317144956,0.36379679762383393,18.360853,55.93886570027098,7,19.231533142857145,19.756667718083516,11.998796300031245,-8.115243063986938,0.4158076666666677,-0.06529130509908335,-1.4604499391413979,0.27307185591212974,-0.1498659999999994,0.999642881562621,-19.720341620723655
ZTF19aaozsuh,SN IIn,0.057,73.87042819987983,44,17.465656,61.871886500157416,23,18.338893,32.99069434467614,15.976573999971151,-19.969702322335163,0.1489761818181823,0.48751593746896943,-1.3393304364057124,0.3481090579763742,17.416183,72.91623839968815,21,18.224014809523812,29.762532484714253,15.083078699652106,-17.244913228561504,0.1686389499999999,0.7744496599268738,-0.36143336920278646,0.26080329654965584,0.04947299999999899,0.8485337129023105,-19.47383435188949
ZTF19aarfyvc,SN Ic,0.09,63.8433333998546,22,18.872217,34.80344909988344,7,19.57365885714286,2.685430539055693,9.863611100241542,-8.540872495525111,0.27147566666666734,-0.027052957523843065,-1.660110964441008,0.3954961977051804,18.63166,63.8433333998546,15,19.3342308,7.657048194245507,22.9320022999309,-6.784307861277941,0.18937292857142854,0.2424708451518009,-1.1788613340965148,0.5605293615091802,0.24055699999999902,0.5451383448590844,-19.059111620723655
ZTF19aaptzar,SN Ia,0.02544,56.036886600311846,12,16.796118,27.94387729978189,3,17.534076,213.0049383918615,6.953634199686348,-38.50995261803484,1.1069370000000003,0.3082143925404275,-1.4999999999999976,0.3312793551997832,16.467546,56.036886600311846,9,17.473203555555553,124.28166797875221,17.074317200109363,-54.23298541113694,0.46273987500000047,-0.08986951123667063,-1.5648912065364597,0.43822359415600115,0.3285720000000012,0.49866934077002023,-18.391583608408908
ZTF19aapszzy,SN Ia,0.07,57.8304397999309,17,17.87568,26.870428199879825,5,18.409399200000003,34.115935127068795,7.03000000026077,-27.51460529847751,0.5131717500000006,1.0355301555150949,-0.34843542126943916,0.35432703011902483,17.950033,50.96449070004746,12,18.867091666666667,0.0,0.0,-10.970356955336673,0.19192009090909032,0.41252849020579574,-1.4263874524861853,0.0,-0.07435300000000211,0.5272382364816764,-19.509926273598314
ZTF19aapnzde,SN Ia,0.07087,54.92907400010154,15,18.241152,29.879085700027645,5,18.7230872,24.30595998303114,10.058599600102752,-16.271831220328842,0.4555327499999997,0.34683301695464963,-1.2234860656372761,0.5074850106799786,18.360199,54.92907400010154,10,19.182581,32.484127708882035,6.953946700319648,-7.639432211871164,0.3190477777777766,0.23892484771360603,-1.1256777067639407,0.14494899944436965,-0.1190470000000019,0.5439575715398445,-19.17127623733461
ZTF19aapocyd,SN Ia,0.06,57.89981479989365,20,17.83416,54.796342599671334,6,19.1398075,36.014701440480124,10.02210639975965,-15.349430076802248,0.7399993999999992,0.4085227867453015,-1.278122086032259,0.22383645708688646,17.931911,57.89981479989365,14,18.634672357142858,37.13477132748279,10.01590280001983,-11.607881854618428,0.22381992307692264,0.6133568887045685,-0.41067141361891757,0.20917052057163216,-0.09775099999999881,0.9463992724165327,-19.216712325445247
ZTF19aaoxvfe,SN Ib,0.0364,31.97123849997297,19,19.499647,28.970752300228924,9,19.912108666666665,5.54634794055596,6.012893499806523,-4.99944511790428,0.20674637500000026,1.274857272829179,0.3000583169176654,0.2619100305511023,18.741459,31.9296875,10,19.177590100000003,12.117409193375032,14.036446699872613,-11.016890757946692,0.22962866666666748,0.3663717610048469,-0.8120450589013934,0.7844552508214545,0.7581880000000005,0.9073296536406416,-16.465975991772307
ZTF19aapcoqg,SN Ia,0.08264,27.96743049984798,12,18.622004,21.00907399971038,7,18.83684057142857,8.970157358167663,9.968414300121367,-14.790477349069672,0.16353249999999994,0.9405899670572203,-0.26620884773199416,0.9028821258291694,18.649687,25.00019669998437,5,19.010234,4.383314116737504,6.983750000130385,-9.640603175752512,0.2136490000000002,0.27289312715684816,-1.7578006021603274,0.3876319296738454,-0.02768299999999968,0.840356348065194,-19.12406361608485
ZTF19aaptwpu,SN Ia,0.07,62.0392708000727,14,18.23191,18.940011499915272,5,18.555943,26.010109097037848,11.0183564000763,-15.013849777226614,0.29644775000000045,1.0458725507833624,-0.24506858061132375,1.3909159463784628,18.369455,62.0392708000727,9,19.308266333333332,20.365232359296687,17.08806709991768,-7.61186402142704,0.43879250000000036,-0.18085582023304725,-1.7214143880598112,0.38014704153203244,-0.13754499999999936,0.30529068532980047,-19.153696273598314
ZTF19aaputrv,SN Ia-pec,0.03499,33.938703699968755,15,18.990969,15.940138900186867,6,19.251824,13.039705235711589,6.934537100140005,-9.976521877922517,0.19102000000000033,0.0004956315912829825,-1.298524876550434,0.7700248416606563,18.545425,33.890092599671334,9,18.804700222222223,19.7732732247495,10.014826399739832,-7.202268838888781,0.18046949999999962,0.8894211654020692,-0.6647373572794391,0.4194644916574193,0.44554399999999816,0.4703480479820658,-16.88886678594156
ZTF19aaqdkrm,SN II,0.03422,83.86085649998859,38,17.975695,74.77140039997175,15,19.04080486666667,0.0,0.0,-7.741566988141563,0.17912349999999982,0.1309549552453531,-0.494246780268651,0.0,18.039404,83.86085649998859,23,18.629868782608696,34.873871617130405,6.985636499710381,-5.977718653615818,0.10476122727272706,0.6512699656512019,-0.14299773501978486,0.09086980823840375,-0.06370899999999935,0.8916126488641567,-17.855821099552436
ZTF19aardunx,SN Ia,0.04301,85.81597220012918,25,17.871952,64.75555560039356,8,19.515790125,57.0847576252071,5.006678299978375,-11.270956482374089,0.5401922857142856,-0.05884743832408,-1.7459571710659154,0.08379535358974159,17.71393,85.81597220012918,17,19.074664,38.913955440837356,19.001006899867207,-11.085590783032863,0.32083975,-0.17905196114675828,-1.459703391339609,0.2843825004544709,0.158021999999999,0.754586284350177,-18.45601128629749
ZTF19aaqhelq,SN Ia,0.0566,21.00637729978189,11,17.695736,21.00637729978189,7,18.052242142857143,52.84410107068965,6.100601899903268,-32.060480536551836,0.24197249999999984,0.6130436482193428,-0.7270689096772553,0.4092777286817931,17.820992,12.985011599957943,4,17.931154499999998,28.380426668348854,4.078634299803525,-3.155082372255871,0.09624066666666664,-0.03288746094991906,-1.8412947561980872,0.45794537580760364,-0.12525600000000026,1.6177403568780737,-19.228462229468388
ZTF19aaqxosb,SN II,0.01931,100.81540509965271,40,18.367285,97.94273149967194,21,19.315119714285714,0.0,0.0,-3.656990420074953,0.1126597499999999,-0.42940409841102023,-0.890463819310332,0.0,18.044897,90.85796299995854,19,18.44308484210526,28.05681368209292,5.972661999985576,-3.6307972632749266,0.08574883333333341,-0.4832266159916166,0.25073377141798225,0.07036155765045209,0.3223880000000001,1.0779763079182902,-16.221742442424006
ZTF19aaraxhh,SN Ia,0.04129,49.99814820010215,29,18.128685,37.06331009976566,16,18.97472475,26.061029815930137,10.225786999799311,-18.4223113365898,0.20941479999999993,0.8554217233368647,-0.6015145224319038,0.38102573630619935,17.87587,49.99814820010215,13,18.700346615384614,39.362127606366606,13.941342600155622,-15.010891077637488,0.2948741666666675,-0.02377016496278044,-1.5347208798665706,0.3866494096797165,0.2528150000000018,0.7412936565456625,-18.11065548790054
ZTF19aarinmw,SN Ia,0.05,57.81285879993811,14,17.746426,42.79152779979631,7,18.726991857142856,40.98557504530519,13.996932900045067,-24.50338383422464,0.6221488333333335,0.44035425004753576,-1.2168051471225971,0.4860958436392514,17.684744,53.90078700007871,7,18.486843,29.22259741417633,10.007314799819142,-15.191332283420747,0.35985866666666705,0.2511408768383095,-0.8795930543202024,0.22799095852252863,0.061682000000001125,0.7938943043583728,-18.908540095207123
ZTF19aarfnto,SN Ia,0.08523,25.80053239967674,13,18.817196,13.958923599682748,4,19.022930249999998,13.0260366428224,7.814953699707985,-11.545754569566308,0.2504113333333346,0.21787350552562315,-1.5819736818316472,1.27197135190068,18.94189,24.914039299823344,9,19.336741555555555,19.812692057687517,2.951770800165832,-6.1393386306820625,0.15545599999999915,0.046947369376557226,-1.6709932959682088,0.13440190844638217,-0.12469400000000164,0.5602834382532954,-18.995882515740018
ZTF19aarfksi,SN Ia,0.0798,59.90730320010334,20,18.340218,37.02454870007932,9,19.142203444444444,6.264575147276303,5.020277800038457,-11.923919677058207,0.25295762499999963,0.4013597541040918,-1.3967896989145707,0.15686274546663853,18.471699,59.90730320010334,11,19.19614681818182,20.810391037302015,12.927314799744636,-6.805407882666852,0.28751859999999957,0.04458895305485104,-1.2103974675266846,0.27516641105952105,-0.13148100000000085,0.6180306360379689,-19.329912530280673
ZTF19aarflsx,SN Ia,0.08,48.93214130029082,13,18.844774,14.898564899805933,5,19.0606786,26.07370417572518,2.916620399802923,-8.177607095624612,0.1946287499999988,0.13965788276429547,-1.2902420326888833,0.24341795272062816,18.75199,48.93214130029082,8,19.23544275,12.441465132691535,12.961493100039661,-6.55469976252287,0.3240708571428575,1.0179993269977539,0.12058908883362207,0.3603352663505563,0.09278400000000175,0.30447400223863463,-18.830792008486746
ZTF19aariwpf,SN Ia,0.072,42.88841440016404,20,18.683083,16.04233800014481,7,18.93711571428572,24.412563053385426,4.000694500282407,-11.47765186768376,0.16342050000000027,0.3152571229374925,-1.5334638968194982,0.3322382447485779,18.66457,42.88841440016404,13,19.31677546153846,13.52312895460704,12.935532399918884,-8.640479888596897,0.24114033333333248,0.6929935500401182,-0.7806428109228074,0.43186269687881823,0.01851299999999867,0.37404828843668914,-18.763695555683373
ZTF19aassqix,SN Ia,0.05,48.988206000067294,12,18.301945,48.93443290004507,6,19.68491383333333,22.528225593828836,13.939467600081116,-12.059271610967128,0.7242619999999995,-0.2877747764966634,-1.4383065593288042,0.39832780174511206,18.162132,40.98362260032445,6,18.827509999999997,17.35647664498737,5.896875000093132,-9.850885523071355,0.2647738000000004,-0.5837243826320797,-1.295246226147665,0.1680655918092065,0.1398130000000002,1.1939996953724064,-18.353021095207122
ZTF19aawsdlq,SN II,0.0156,148.82462959969416,30,18.185844,83.88406250020489,7,18.799870000000002,0.0,0.0,-5.61452757462962,0.39262166666666687,1.1215173310119808,-0.22182482661529335,0.0,17.476772,148.82462959969416,23,18.928914173913046,1.8151325439384476,14.001955999992788,-6.754013433116364,0.1482506363636361,-0.7205907807910266,-0.9517296412863008,0.1038546086214374,0.709071999999999,0.5636436840181276,-15.939895065299336
ZTF19aaqxcfs,SN Ia,0.08,49.05091439979151,16,18.133942,26.01071760011837,8,18.493739375,32.40320331697366,9.029722299892455,-18.027938965406104,0.23881114285714286,0.5839125914605798,-1.1232141593149834,0.5317545962557522,18.394377,46.062638899777085,8,18.963029499999998,37.05036309848272,3.183564799837768,-7.287156109115973,0.24170185714285758,0.31747214883438435,-1.4419546484497376,0.07424518524858431,-0.26043499999999753,0.5646814472942462,-19.541624008486746
ZTF19aarifvr,SN Ia-91T,0.071,62.90888890018687,18,17.923279,44.88820610009134,9,18.982069555555558,32.64353366853475,9.090266200248152,-16.477804411179473,0.356306875,0.10175445327775622,-1.6257541982282013,0.2539326627644283,18.857145,31.89623840013519,9,19.358009555555554,0.0,0.0,-6.088974849357978,0.15752387500000076,0.3048989008448273,-1.6026721022917692,0.0,-0.9338659999999983,1.407319745261908,-19.493128817122404
ZTF19aarhxgn,SN Ia,0.033,81.98707180004567,15,16.953814,43.02781250001863,7,17.98025857142857,94.85808766783956,14.987094999756664,-48.017244034797045,0.6598466666666661,-0.06253714879157202,-1.6579684352637274,0.5344761595211196,16.861694,81.87744210008532,8,18.01334725,129.65517855957395,11.870497699826956,-22.39821904889382,0.617129285714286,0.16025388756441283,-0.708053224983916,0.16956171707707254,0.09212000000000131,0.5255148597268379,-18.798871772916463
ZTF19aarfkch,SN IIb,0.051,102.03412030031905,51,18.88017,73.95590270031244,16,19.6724319375,0.04906395966408631,22.025451300200075,-4.685601106793973,0.19146540000000012,0.37638002889422945,-1.3263547182226798,0.4241336384792607,18.66931,98.88373839994892,35,19.49163037142857,1.834577176380611,21.937245399691164,-3.4355897812963114,0.11530988235294155,0.011487863669133508,-1.273196891539309,0.2850974039793818,0.21086000000000027,0.7479076327109275,-17.817796954016714
ZTF19aarlefl,SN Ia,0.04346,103.71523150010034,42,16.651844,100.74395840009674,18,18.792738944444444,105.42086055022759,11.8336227000691,-23.573301345772403,0.27401247058823525,-0.7367627357439637,-1.0126942178420266,0.13309614238770015,16.72389,94.79836810007691,24,18.525637958333334,19.591921620205582,2.961261599790305,-21.059660840246625,0.15131330434782606,-0.4583060390676797,-0.9331663173696887,0.03224471798641722,-0.07204600000000028,1.0627182768984291,-19.698720683449555
ZTF19aapzbjr,SN IIn,0.0305,105.95106479991227,42,18.031204,95.97353010019287,19,18.472783263157893,12.879901488208871,37.00085650011897,-5.665717265662611,0.14411566666666648,1.3491926358763857,1.247558581564257,0.6274237581806466,17.990732,92.95260410010815,23,18.448803304347827,11.453757234514423,46.951365699991584,-4.543482445742765,0.13977868181818193,1.6065217751241925,1.6334094515676219,1.020654385249607,0.04047199999999762,1.0324996381686224,-17.550411270260955
ZTF19aarixue,SN Ia,0.07,57.91752320015803,20,17.863995,36.99616889981553,7,18.65514185714286,35.26622522192343,6.16224529966712,-19.3044318350912,0.38866649999999997,0.41331897877537,-1.5197536927602555,0.1998527783741885,17.930285,57.91752320015803,13,18.482225923076925,36.44938929959225,11.994525500107557,-11.554055891706268,0.24085424999999963,0.7047641916219038,-0.5921678759881543,0.2611877730293372,-0.06629000000000218,0.6387733255091023,-19.521611273598314
ZTF19aarprog,SN Ia-91T,0.0542,63.72348379995674,22,17.482742,63.72348379995674,12,19.110445999999996,72.68675370294902,11.835277799982578,-18.024841576602103,0.4350563636363638,-0.7710734227039467,-0.692730992495052,0.22809186735013484,17.511087,55.77278929995373,10,18.3965238,39.02335894734272,20.798992999829352,-21.449192268199443,0.37794566666666657,0.1089350613898267,-0.6985260481182629,0.5947021827812093,-0.02834500000000162,1.142555081067276,-19.34737050621896
ZTF19aarmznp,SN Ia,0.05123,64.93641209974885,20,17.312319,42.91879629995674,9,18.29766488888889,67.61736206080052,14.920543999876827,-35.553069508092996,0.5028580000000007,0.048442715284227625,-1.6043451195646028,0.5329098345125721,17.450468,64.93641209974885,11,18.444685999999997,59.05736045211893,14.951134299859405,-17.512634093008096,0.3979509,0.12566886109216174,-1.2826004654135819,0.29911075736569126,-0.13814900000000208,0.6609357510240812,-19.395418852908737
ZTF19aartuev,SN Ia,0.05344,43.9586227000691,17,17.559837,43.936782400123775,8,18.3620445,49.34689346785342,9.043622700031847,-24.149029507542252,0.44182485714285696,0.996876137629539,-0.5475961485091525,0.2591803888716911,17.742874,43.91446760017425,9,18.35995611111111,43.71792947961499,8.951944500207901,-15.762081156917374,0.2580182500000001,-0.07918428800981171,-1.534302016648004,0.25604400673864747,-0.18303699999999878,1.0005081423314224,-19.239611320864476
ZTF19aartuli,SN Ia,0.05,70.9200578997843,15,17.249212,36.93725699977949,5,18.0516388,108.98268435595133,9.044525499921292,-34.91381146908385,0.8164317500000005,0.10960406014232467,-1.750956295930717,0.32426101760479326,17.378134,70.87590279988945,10,18.5172289,46.39770225270803,18.954710700083524,-18.64393659661049,0.42782911111111155,-0.29654929933116336,-1.1810822118623232,0.3650669395966041,-0.12892199999999931,0.5211539541735066,-19.405754095207122
ZTF19aariwfe,SN II,0.03590,67.96306709991768,19,18.355074,67.96306709991768,9,19.304309333333336,0.0,0.0,-4.433727948400789,0.2555081250000004,-0.9096892839046623,0.33177741751945966,0.0,18.399824,61.94214119995013,10,18.5902145,0.0,0.0,-1.599068756438761,0.08121811111111062,-1.3335065130371262,0.5649876716707225,0.0,-0.04475000000000051,1.0972024179876494,-17.580514316418633
ZTF19aasekcx,SN IIn,0.118,292.2692825002596,48,19.001263,85.79593749996275,18,19.289048833333332,4.8165706140379365,9.83440970024094,-1.7787630512060126,0.08476858823529408,0.6207540137373556,-0.799750827038963,0.12946566485826996,18.74119,292.2692825002596,29,19.270878,11.606486265396045,13.089178299997002,-0.916492339126291,0.12686557142857133,1.8049080857866115,2.522160999324991,0.046884352083369885,0.260073000000002,0.29355099094235654,-19.518263110057653
ZTF19aatlqdf,SN II,0.0785,85.93783569987863,42,18.61597,85.77890049992129,17,19.26380152941177,6.735889081604599,9.81462959991768,-3.2006579356393874,0.11853399999999947,-0.08023853007937226,-0.9708348193251815,0.12920060291024543,18.723886,85.91833329992369,25,18.984275120000003,8.619103759702316,11.979085699655116,-1.6368411233127311,0.06937991666666694,0.10126501392519723,-0.8333310190283107,0.16201254527793713,-0.10791599999999946,0.9983771472903732,-19.018494357253285
ZTF19aatesgp,SN Ib,0.0043,69.99122680025175,23,17.278826,52.01640040008351,11,18.904404727272723,67.37726155998261,3.0429282002151012,-22.982791938932664,0.30282829999999983,-0.6878331844386956,-1.0523712091965065,0.0621342139637646,16.77814,50.90104160038754,12,17.75829183333333,0.0,0.0,-33.418809484674576,0.205193,0.4151509147062761,-0.6029700823196116,0.0,0.5006859999999982,1.0219122981500535,-14.04863235142496
ZTF19aatlmbo,SN Ia,0.00775,293.1846875003539,62,15.207862,293.0502778002992,36,18.06285672222222,210.03404178233535,28.845046299975365,-31.003930279858572,0.20373362857142854,0.17768993807153785,-1.2044698708996924,0.10917666594327072,14.818089,105.99104170035571,25,16.37734704,377.60091546018407,26.01851850003004,-138.8725669264831,0.20782408333333327,-0.23470732285509632,-1.086561265459211,0.32534322363263996,0.3897729999999999,2.764858926745653,-17.39876258605858
ZTF19aatgxjy,SN II,0.04,98.80217589996755,44,17.186707,82.89126159995794,15,19.5020578,0.0,0.0,-15.567623909653669,0.2841793571428572,-0.6898689227225124,-0.3599773613061319,0.0,17.444536,98.80217589996755,29,18.80176627586207,16.360007773908098,6.9677546001039445,-10.56997665751661,0.11216971428571451,-0.13588160589222456,-1.469410891731497,0.07587301690890377,-0.257829000000001,0.8389619038742766,-18.983709030166843
ZTF19aatgwhs,SN Ia,0.04102,109.73032410023734,71,17.023369,109.67609960027039,31,19.305822387096775,117.67210393292248,10.981921300292015,-15.19497133636587,0.2287122,-0.5692657572446405,-0.7121865807021592,0.11127222992741023,17.238417,94.75145830027759,40,18.604383825,96.42904253919633,10.977708300109953,-14.367353789462776,0.14869671794871783,0.23572245895308472,-0.9422775952765043,0.13103995344708796,-0.21504799999999946,1.1575135788696254,-19.20172535368877
ZTF19aatheus,SN Ic,0.01836,94.81861109985039,30,16.889538,94.81861109985039,18,19.030288,0.0,0.0,-17.696130819939075,0.222451588235294,-0.8353313652611978,-0.5037027172689945,0.0,16.430668,44.95408570021391,12,17.702320416666666,73.55145195490502,9.78577549988404,-68.02015277470512,0.25352599999999953,-0.11864688205548404,-1.433051677651522,0.27825549320229354,0.458870000000001,2.1092323339010584,-17.589941457853143
ZTF19aatgrpm,SN Ia,0.08033,52.94792830012739,29,18.0776,36.96538199996576,14,19.392312785714285,29.540302976651045,16.92349540023133,-25.04633539087602,0.3325219230769228,-0.49483026447815986,-0.4898107588942908,0.8444063045669356,18.88433,49.94787039980292,15,19.428478333333338,31.268878410153746,3.957638899795711,-4.107092064685581,0.1453208571428569,0.48330848232053164,-0.27512852087355144,0.0860539025509165,-0.8067299999999982,0.74007924069795,-19.606904908344045
ZTF19aasmkhn,SN Ia,0.1,40.934849499724805,15,19.059431,37.95480319997296,6,20.047380333333333,20.018733458956618,8.002604099921882,-6.656177469532621,0.6388782,-0.3182548615494896,-1.3701374003655686,0.26717918351137815,18.964365,35.933182899840176,9,19.45140677777778,6.374410030913982,10.976678300183266,-6.315885799254146,0.21096199999999943,0.018222226581817436,-1.476058074856538,0.43983235938955045,0.0950659999999992,1.0562605407310515,-19.10068507352703
ZTF19aathllr,SN II,0.055,91.70422449987382,30,18.424824,54.8565857000649,11,19.471498090909094,21.139360689064855,10.977905100211501,-8.494951861283552,0.3098590999999999,0.1724671122438234,-0.867758161661552,0.25018767542997133,18.394224,88.80754629988223,19,19.225907105263158,11.96373255166956,8.01704870024696,-4.407319561635005,0.1333152777777775,0.13783837492383066,-1.4411341212272533,0.09923256989920004,0.03059999999999974,0.6177018506380876,-18.437105520998244
ZTF19aarphwc,SLSN-I,0.3057,97.85295139998198,65,18.568035,91.8380092997104,27,19.16170177777778,6.217699955608372,35.72733799973503,-5.621492763055648,0.12926892307692292,1.000345444060116,-0.1974402635236574,0.6367298264661951,18.648075,97.85295139998198,38,19.192572578947367,4.931860569788622,44.91359949996695,-4.9117758621611225,0.0895042702702704,0.45934685497150946,-0.9738267057716583,0.848397229811085,-0.08004000000000033,0.9385308055177098,-22.018558267157477
ZTF18acmvcme,SN Ia-91T,0.0332,30.017580999992788,10,17.69755,30.00655089970678,4,18.92054225,0.0,0.0,-23.295209888642688,0.6598546666666666,-0.7536310984032163,-0.993228680729787,0.0,17.24193,20.18373840022832,6,17.90192533333333,0.0,0.0,-44.560680200344216,0.26815,-0.19287405314878556,-1.3692686116102377,0.0,0.4556199999999997,1.4866696300110263,-18.06825649204721
ZTF18aaxokeg,SN Ia,0.0336,54.98864579992369,23,18.157785,51.80164360022172,9,19.385900444444445,23.353655788621303,9.826562500093132,-11.558296483317815,0.3726506249999999,-0.11753083013926992,-1.6979450640917666,0.23410466978378341,17.706144,54.98864579992369,14,18.724281785714286,35.95457919516054,9.961388899944723,-15.52882664650628,0.21785953846153916,0.14795758431717368,-1.1509320357513464,0.22123019668003308,0.4516410000000022,0.9420425407219906,-17.63402746047625
ZTF19aatgznl,SN Ia,0.0671,56.9207406998612,21,18.15105,37.81695600040257,8,19.215233125,34.81879287710953,9.874942100141197,-16.9205683945265,0.45892614285714217,-0.15489016237991596,-1.6234199700141099,0.3534083883641911,18.279121,56.9207406998612,13,19.122158615384617,23.30236592985971,13.043356500100344,-9.170425794096358,0.24968449999999986,0.3476151820706121,-1.0206168468774914,0.2972683248554146,-0.1280709999999985,0.6643791970278206,-19.14267867437199
ZTF18aaqkdwu,SN II,0.06037,88.94075230043381,38,18.639782,34.786099599674344,16,19.2802143125,36.13407766773393,5.862916700076312,-8.89220004230662,0.20921179999999923,0.015104334532817213,-1.5547890958533888,0.20270648359927887,18.70385,88.94075230043381,22,19.41733531818182,2.759315086202861,88.94075230043381,0.0,0.2329843809523815,-0.24795045467996804,-0.7205028703818939,889.4075230043381,-0.0640679999999989,0.3911154189720596,-18.424439952794398
ZTF19aatqzim,SN II,0.05007,61.78503469983116,25,18.517712,50.79365739971399,10,19.3444652,56.49037687475112,5.859259199816734,-6.951884711704227,0.41767511111111116,0.5786606834424355,-0.6825914226347773,0.13039585338944476,18.67207,59.92802090011537,15,19.183075600000002,20.03446774711319,7.922789399977773,-4.370702823990478,0.13456992857142833,0.13266785818204768,-0.8369340777161005,0.15234600772725743,-0.154358000000002,0.8475777547263572,-18.140292030521582
ZTF19aatgrxl,SN Ia,0.062,47.932742999866605,15,17.909712,29.015219899825752,5,18.594702199999997,24.73161078892496,13.94987259991467,-32.852538568973216,0.5371682500000006,-0.027506223089533353,-1.4589942858502127,0.9259575847944113,18.102755,47.932742999866605,10,18.9171816,30.557418039393028,12.024837899953127,-11.459725100606327,0.2883547777777784,-0.6825217703901008,-0.4384065766585006,0.3348799621279522,-0.1930429999999994,0.605331931450418,-19.2123625210183
ZTF19aatgrxv,SN Ia,0.04,52.947013900149614,16,17.69612,36.93481480004266,8,18.807201374999998,86.2824680588592,6.937997700180858,-23.89068496816413,0.49919414285714275,-0.1770346931516585,-0.9982803786258581,0.23129112922493442,17.932243,49.947291700169444,8,18.706324374999998,46.656063086785366,3.958009200170636,-11.184701904142784,0.27509342857142877,0.1950982405979353,-0.9730983945976632,0.08606373017823749,-0.2361229999999992,0.7394758262722253,-18.47429603016684
ZTF19aathcvn,SN Ia,0.04,91.76760420016944,35,17.28997,85.82877320004627,16,19.038665125,80.75260539737764,8.057106500025839,-14.684167995482243,0.26302186666666666,-0.24592325620038322,-1.0389929513230827,0.10359950920305687,17.404419,91.76760420016944,19,18.60920231578947,79.68831516801481,10.976678300183266,-12.216547313793575,0.23861583333333314,0.22426629203768883,-1.1342951321442531,0.13586523706600007,-0.11444900000000047,0.9352840138752123,-18.88044603016684
ZTF19aauaaxi,SN Ia-91T,0.036,83.88009259989485,32,16.835161,61.9377661999315,15,17.831392466666667,68.58652164476807,11.99480320001021,-34.62468993738016,0.26069278571428584,0.7914540130641617,-0.42189182121911983,0.24017003556695493,16.947754,49.927534699905664,16,17.443292500000002,71.39379549322419,14.029965300112963,-33.64845089269918,0.16124413333333293,0.6666610519877294,-0.014931442628862701,0.39083329413924,-0.11259300000000039,1.2405532652916775,-19.106467577363468
ZTF19aaugoig,SN Ia,0.0509,60.024872600100935,21,17.867289,50.027835600078106,9,18.966539555555553,25.471413971845394,16.021701300051063,-18.42275907428178,0.4015552499999999,0.3106631305689291,-1.076770886735179,0.4711415051971468,18.069296,60.00513890013099,12,18.74339858333333,49.999497361983764,6.111076400149614,-8.082104279295441,0.20305699999999985,0.11499048864854716,-0.6881283349792437,0.11339053165924773,-0.20200700000000182,0.833725852769735,-18.826415985210822
ZTF19aauhwbp,SN Ia,0.03942,36.1144560999237,12,17.931293,21.03287039976567,5,19.374837,0.0,0.0,-27.865911210342826,0.5578767500000001,-0.8906260189574884,-0.5536572625268512,0.0,18.371605,36.1144560999237,7,18.87247357142857,9.360934488129168,18.116666699759662,-17.10807722796027,0.29634600000000094,0.659972310441303,-0.5476290048375638,1.006605105602277,-0.4403119999999987,0.582394771267512,-18.20740617324415
ZTF19aauguzk,SN Ia,0.0536,41.990520799998194,16,18.064634,27.988055599853396,6,18.821487666666663,37.2700767004294,9.97298609977588,-24.449933419532584,0.5063941999999997,-0.19401515691822235,-1.4109927023043323,0.5535913197411183,18.206745,41.9786110999994,10,18.640115799999997,41.84672830852178,6.062615799717605,-8.457345849067156,0.22224499999999933,0.10112982035853288,-0.8296750545742486,0.16879988286639624,-0.14211099999999988,0.6667218106187843,-18.741306021990876
ZTF19aauishy,SN II,0.0226,111.89118060003966,40,18.69543,102.86584490025416,19,19.405896105263157,19.388921827516874,6.961666700430214,-2.5517415794417118,0.12514883333333357,-0.11595372112239176,0.6756701969510632,0.07258981653463555,18.551498,107.96645840024576,20,18.7601434,3.4866263821005488,20.051354200113565,-2.333726408037939,0.07660363157894741,3.216603880155103,10.907853566478659,0.22807632866439137,0.14393200000000306,0.9527574250784169,-16.235228269264034
ZTF19aauisdr,SN II,0.0433,47.96862269984558,20,18.629658,40.962418999988586,9,19.316158111111108,12.717473533359943,11.978634299710393,-10.092930580004376,0.31547862500000035,0.852619776553737,-0.19408767267606875,0.413287444120278,18.65469,47.96862269984558,11,19.542277636363636,15.345843832839988,16.04216430010274,-8.368164617803245,0.2969555000000003,-0.15992669031758727,-1.4575929220222208,0.5024724038990793,-0.0250319999999995,0.8539419456819312,-17.712897555293857
ZTF19aaugaam,SN II,0.05,79.9502661996521,32,17.98308,79.94769669976085,16,19.0908503125,19.79913240664607,4.942662000190467,-6.857501383050421,0.16046019999999953,-0.4248396536750157,-1.292346357476664,0.0658977363318089,18.000889,79.91694450005889,16,18.267253875,8.086747961197638,26.922835699748248,-4.384835004630718,0.06851000000000008,-0.08840362537716988,-1.4698067079403252,0.5080345024990859,-0.01780899999999974,1.0003848019953008,-18.67188609520712
ZTF19aauitks,SN Ia,0.098,47.96681720018387,20,18.89348,32.95886570028961,8,19.502026625000003,12.524123038432688,15.958854200318456,-9.16134173090717,0.32626285714285685,0.31579972721060107,-0.7867339221393155,0.938755494391609,18.959007,47.96681720018387,12,19.6331725,11.932509009146475,16.039363500196487,-5.287335242696574,0.2343989090909088,0.10561463050786632,-1.1477308451437587,0.5023690160484933,-0.06552699999999945,0.6871180458511487,-19.222766451989504
ZTF19aaujiwc,SN Ia,0.038,59.92269679997116,25,17.439135,44.91878479998559,10,18.449611200000003,85.63462205105729,3.960011600051075,-23.448056471740426,0.33453344444444455,0.5450383188570785,-0.8469140966282005,0.09668286646967754,17.23565,55.8984953998588,15,18.13418406666667,0.0,0.0,-17.977468470942593,0.13586450000000003,0.16341309722990327,-1.2473907704436105,0.0,0.20348500000000058,0.8035777077480881,-18.619899056611082
ZTF19aaupkev,SN Ia,0.09,67.89918990014121,28,18.277164,46.93674770044163,10,19.288250199999997,21.836035809527576,16.06288200011477,-13.714262558993555,0.39519444444444496,0.1145684787208344,-1.5236487495396926,0.520274401528692,18.359032,66.89978009974584,18,19.17198133333333,16.912500685223925,17.97329859994352,-7.667035153670397,0.18606835294117666,0.19281108950783943,-0.7348976920026282,0.3673531807108618,-0.08186800000000005,0.7015979369507666,-19.654164620723655
ZTF19aaulzvc,SN Ia,0.07,55.9174537002109,23,19.091076,31.945196699816734,6,20.060347666666665,13.424093728432199,4.072754600085318,-6.548085875346509,0.3977179999999997,-0.24393036718463773,-1.5341204141113427,0.14612119689808464,18.58864,55.9174537002109,17,19.547131529411764,22.481345428003983,14.000219900161028,-6.966149818351574,0.2515392500000002,0.20874708650587934,-1.1614758470635382,0.3339967510008824,0.5024359999999994,0.5712920490100258,-18.294530273598312
ZTF19aauivtj,SN Ia,0.07,48.94484949996695,15,18.455563,45.955717499833554,5,19.3125878,12.563333650268776,20.99856479978189,-14.101955611328432,0.7867892499999991,0.5995652083309422,-0.7703935571992342,0.8413846343833292,18.48209,48.94484949996695,10,19.0336631,12.768668528944595,20.956469899974763,-9.057457418412504,0.24931444444444473,0.24736737747582005,-1.0155015715813587,0.7487560980479419,-0.02652699999999797,0.9389285689777142,-18.93004327359831
ZTF19aaurxsa,SN Ia,0.052,41.95434019993991,20,18.177649,32.85906249983236,9,19.168184888888888,0.0,0.0,-14.431905129979567,0.29376099999999994,0.39622136791942014,-1.1759346438786613,0.0,18.113508,41.95434019993991,11,18.753018454545455,1.0869237182612668,4.938784699887037,-11.78501698411472,0.16109089999999995,0.4725987087816893,-0.6648921448788996,0.13342457334943908,0.06414099999999934,0.7832100884732642,-18.56248379170103
ZTF19aauoulb,SN Ia,0.05362,38.01165510015562,12,17.956444,20.957337900064886,5,18.757328,48.66257370925847,2.940868000034243,-27.851916118159334,0.45865774999999953,-0.07440818736707189,-1.569256801270494,0.16323219900193883,18.454569,38.01165510015562,7,18.884384571428573,61.80233818832172,2.047800899948925,-7.914686402560546,0.28343566666666636,1.4609780139713175,1.2305905141576003,0.05694052947020221,-0.49812499999999815,0.5513397889369749,-18.850306121761324
ZTF18aaqkcso,SN Ia,0.02,265.31055549997836,58,14.401526,265.25111109996215,34,17.659282,1282.3211344775186,11.984444400295615,-68.16159925969245,0.26624127272727277,-0.06789637290516537,-1.0712606087707182,0.04731946985549123,14.618687,109.96307870000601,24,16.128324250000002,787.5922489308795,16.086018499918282,-144.94722857140562,0.26418952173913074,0.2860085029601659,-0.919520491023532,0.1713519625096148,-0.21716099999999905,2.412183382238712,-20.263740051846934
ZTF19aauplxw,SN Ia,0.087,29.022673700004816,23,18.848063,26.046446799766272,10,19.5143832,27.021087404113594,3.019363499712199,-8.724507021934432,0.1907738888888891,0.3129099990856991,-1.16416032090763,0.13112227286315106,18.96136,28.980196800082922,13,19.324133384615386,7.609115139433869,12.019699099939317,-6.183925869447851,0.11791225000000043,-0.07550197374599395,-0.7329241266762256,0.7086878765260258,-0.11329699999999931,0.8987670780652444,-19.009649336620118
ZTF19aaupkrl,SN Ia,0.03666,87.02348379977047,25,16.914663,77.96138889994472,12,18.724698916666668,86.69397789447831,17.00722219981253,-25.065577897230284,0.47823718181818137,-0.8625080716730319,-0.8319903575892424,0.27901656474906167,17.00669,75.88876160001382,13,18.142732846153848,7.335128972255867,5.916747699957341,-20.195202411254286,0.22189325000000024,0.0683204406958095,-1.4838814140330614,0.08455877386076728,-0.09202699999999808,1.027311386511419,-19.06641537665801
ZTF19aaugupw,SN IIb,0.04058,37.021296199876815,11,19.150682,20.957337900064886,4,19.532290749999998,0.0,0.0,-4.899457442645038,0.22951833333333363,-0.23942237594322038,-1.5823365005861008,0.0,18.77317,37.021296199876815,7,19.231911285714283,9.015675247426133,21.97763879969716,-10.760852273275715,0.31885916666666664,0.42408152800073384,-1.1190022193178042,1.4609239106598306,0.3775119999999994,0.5660887124782686,-17.050994287013662
ZTF19aauhhjy,SN Ia,0.0682,49.98378469981253,17,18.481043,25.985277799889445,6,19.0058705,22.401373952416883,4.974270799662918,-12.243777895578503,0.28870640000000025,0.1762625199787392,-0.8204804487493043,0.23674594937830865,18.591125,49.98378469981253,11,19.030030818181817,11.153888823368984,21.982777799945325,-7.344619425157543,0.23469339999999939,0.9163205103839595,-0.09392385753870647,0.7850709754315862,-0.11008200000000201,0.5198741543072248,-18.84799494680943
ZTF18aaxeoqk,SN Ia,0.0396,87.85528929997236,54,16.724695,87.85528929997236,28,17.701055607142855,157.95296429577022,10.019421299919486,-23.731979358715822,0.2526445185185186,0.3929378393698121,-1.1105563407485564,0.12872498961420564,16.92308,42.03350689960644,26,17.495733038461534,129.7370560808548,9.950104199815542,-35.72315447094531,0.16166540000000013,0.3962910790704908,-0.7538594469757358,0.31013244738783247,-0.19838499999999826,2.0901251354022747,-19.42389700315459
ZTF19aaurhox,SN Ia,0.07,74.83689819974825,62,18.0936,67.74773150030524,26,19.292293076923077,29.61009038829508,15.900902800261974,-10.20134783911619,0.18685255999999995,0.22211660890218846,-1.1714109543559017,0.30668997890412353,18.150831,74.83689819974825,36,19.15440577777778,28.372239607780116,15.927789399866015,-8.207199720573541,0.145404085714286,0.2442676832197221,-1.0256375277263783,0.27037905893252717,-0.057231000000001586,0.9052717727487687,-19.292006273598314
ZTF19aaumvig,SN Ia,0.049,74.82940969988704,31,17.921848,58.86325229983777,11,19.276209363636365,30.13282441129669,15.884189799893647,-13.963314528623583,0.42906200000000005,-0.11788390008047708,-1.281224467106355,0.36957971802931483,17.767872,74.82940969988704,20,18.74935475,34.45689455489641,15.95342590007931,-11.4997935131255,0.18581326315789456,0.2143714734677061,-0.6955731815032018,0.2709666127079037,0.1539760000000001,0.7866325891907527,-18.689248473669597
ZTF19aaujzqh,SN Ia,0.0426,109.76650470029563,54,16.935371,109.70450240001082,27,19.112562259259263,84.08978333537479,15.90418990002945,-17.265711034107287,0.2474987307692308,-0.7297880446113878,-0.8737842582858195,0.16955369844884693,17.064194,106.75616900017485,27,18.350752592592592,75.61556423649893,15.911111100111157,-15.453823846407387,0.18565838461538456,0.28770814838339986,-0.9332054129587997,0.17514558819054923,-0.12882300000000058,1.027617452250756,-19.371793069040624
ZTF19aaurstb,SN Ia,0.05,37.85262730019167,24,18.0351,32.80681709991768,10,19.3719791,0.0,0.0,-16.819188899529227,0.3580777777777777,-0.05763723949133712,-1.431963675460212,0.0,17.826714,35.9466551002115,14,18.862025785714287,0.0,0.0,-16.63452575896291,0.17693792307692283,-0.28455316410798426,-1.1904546502301885,0.0,0.20838600000000085,0.9126528465154649,-18.619866095207122
ZTF19aauqwna,SN IIP,0.041,89.72964120004326,64,18.879246,80.85819440009072,20,19.738108699999998,2.5922434263907954,15.954930500127375,-3.4556994103971252,0.14950936842105228,-0.1034262201493017,-0.8958500979120347,0.24582631968584842,18.517443,87.92581019969657,44,19.11959618181818,13.25589329169992,9.123576399870217,-3.6523304230095217,0.09701806976744216,0.22608122636599753,-0.6201210661772927,0.11577814434862278,0.3618029999999983,0.9196184171228685,-17.34478935712571
ZTF19aauqywe,SN Ia,0.058,28.84994209976867,11,18.993164,25.93207179987803,5,19.616877199999998,4.423923029434007,11.062696799635887,-12.11378626088648,0.39684425,0.2591549162115923,-1.523745146757668,0.7439920507389002,18.495028,17.84927080012858,6,18.939438333333335,0.0,0.0,-9.561294193441748,0.16562380000000018,-0.5840696896642225,-0.9830802567031123,0.0,0.4981359999999988,1.452836482243926,-17.98409204134171
ZTF19aauxxgk,SN II,0.026,168.80314819980413,110,17.528713,96.82454860024154,32,19.033893968749997,49.346059625750115,11.052870400249958,-10.587397324803044,0.14117180645161298,-0.012080084088009998,-1.1262606741362353,0.12886387012829886,17.569845,168.80314819980413,78,19.047446166666674,38.166073006181115,16.99506950005889,-5.550606382949273,0.10715231168831157,-0.2484248954749118,-1.5241341392271297,0.11195102161639708,-0.04113200000000106,0.5735944479283941,-17.706269813381123
ZTF19aavbjfp,SN II,0.028,88.98386569973081,72,18.253878,74.97035879967734,38,18.996428131578945,46.068596165957494,2.9221528000198305,-4.496316010052056,0.07190167567567526,-0.342465726419219,-0.9680218219470831,0.040558300647121195,18.435755,87.98518519988284,33,18.6421716969697,7.595170747356246,22.02269669994712,-3.044429496750729,0.08016709375000008,1.642961505182565,2.1420711623129103,0.33386697804720605,-0.18187700000000007,0.852079343009409,-17.142028230238125
ZTF19aavkptg,SN IIP,0.03787,59.98070600023493,24,18.87205,53.94689809996635,12,19.40683291666667,16.362068965938242,8.96424760017544,-4.365478900547417,0.18939999999999946,0.27901014773194893,-1.1761228454922552,0.19928233442395993,18.92667,50.910532400012016,12,19.07785116666667,2.572892391262282,4.868113399948925,-0.7711526090766294,0.06060599999999994,-0.24177969303107347,-0.9450222342879981,0.10573105205315676,-0.05461999999999989,1.0596412089368292,-17.17954259913116
ZTF19aavbkly,SN IIP,0.0407,60.9890624997206,26,18.951126,56.95113420020789,10,19.4996623,10.900892743289571,2.9369791001081467,-3.1093191695564353,0.15429422222222222,0.10956978225719156,-1.7514832892010936,0.0543742486514007,18.906727,60.9890624997206,16,19.129805750000003,6.714008625805099,20.00931719969958,-1.3005522765312043,0.11506033333333339,1.3435080959982901,1.69742730333272,0.4882733421891062,0.04439899999999852,0.933792582899086,-17.256962119653128
ZTF19aauvjws,SN Ia,0.09351,48.016504699829966,14,18.299662,36.03250000020489,5,18.8563872,16.893153953969673,6.024490800220519,-13.40769320190714,0.5628722499999999,1.4045481419532766,0.13110908707765478,0.20076276170375398,18.293608,41.884687499608845,9,18.826013888888887,21.31569021436697,3.8755091996863484,-9.29717606034285,0.20526,0.6579377949689089,-1.0835518292029687,0.10196245678097837,0.006054000000002446,0.8602785922788941,-19.71474435850953
ZTF19aavkhuy,SN Ia,0.03,48.00193289993331,24,17.615307,39.00918979989365,12,18.639917416666666,44.07494465547684,8.044583399780095,-26.658825387697327,0.29631227272727273,0.4763509591826937,-1.1015356119798654,0.25979931073015655,17.603474,43.02836810005829,12,18.493938166666663,12.28846512929589,6.01106490008533,-20.08645227624435,0.17984763636363674,0.21351608203962516,-1.2704380145273781,0.16238527338452147,0.011833000000002869,0.9065923603977164,-17.93041534712534
ZTF19aavhblr,SN II,0.05,76.8322221999988,34,18.671515,57.852199100423604,12,19.44214133333333,0.0,0.0,-4.728319655112159,0.1612028181818181,0.3101647003328028,-1.0465180242567342,0.0,18.524122,76.8322221999988,22,19.16652809090909,0.0,0.0,-3.491186317876627,0.09115857142857141,-0.4142647079844017,-0.20195228078399508,0.0,0.147393000000001,0.7529679273082969,-17.983451095207123
ZTF19aauxmqj,SN Ia,0.07,54.85418980009854,21,18.030027,20.91020830022171,6,18.728540666666667,0.0,0.0,-21.09038017581333,0.27529499999999985,-0.08681989649989239,-1.4472043718249237,0.0,18.205526,54.85418980009854,15,19.132901866666668,0.0,0.0,-7.901180557718171,0.13744957142857142,0.16036436678111915,-1.4574614845177727,0.0,-0.17549899999999852,0.3811961926048564,-19.355579273598313
ZTF19aavissk,SN Ia,0.04,63.9597570002079,47,17.37894,35.87021990027279,16,18.448930750000002,36.914559248623604,3.014838000293821,-30.242076995279163,0.16655933333333336,0.030633778816579405,-1.4116473557340665,0.09176085700272293,17.42685,63.9597570002079,31,18.533619935483866,39.49463226280209,11.06289350008592,-17.46808187373203,0.10065409999999998,-0.05465497305695882,-1.2938054973290747,0.2091408217438149,-0.047910000000001673,0.5608248308409957,-18.79147603016684
ZTF19aavidqf,SN Ia-91T,0.098,63.81648150039837,61,18.534386,39.88921289984137,24,19.142295500000003,15.794392744885638,8.78550919983536,-10.62177973570266,0.12002700000000018,0.9993390685908873,0.001451856559432585,0.28245861922333265,18.547728,63.81648150039837,37,19.151609189189184,14.949019380416928,19.912951400037855,-6.852383884483736,0.10730433333333315,0.6622501526674869,-0.7691260984442159,0.45356150984939453,-0.013341999999997967,0.6250613001845357,-19.581860451989503
ZTF19aavivbl,SN Ia,0.09,35.94194449996576,22,18.789679,14.94732639985159,6,19.039445333333333,7.749732116583931,6.021562499925494,-17.19729130715055,0.18810320000000047,1.056662690679323,-0.12207461448949397,0.6746271319114044,18.763264,35.94194449996576,16,19.3833045,16.1013683192016,11.061504700221121,-8.589428347386054,0.15213273333333344,-0.007813694059058492,-1.1531304573804027,0.44458638148087126,0.026415000000000077,0.4158741717456559,-19.141649620723655
ZTF19aavlfvn,SN Ia,0.0277,22.017974500078708,10,19.61231,15.974085600115359,5,19.806010999999998,5.499920677012374,12.975138899870217,-1.075319845145328,0.1939782499999998,1.326050826828522,-0.02127675973386589,4.326565356699935,18.823347,17.94887730013579,5,19.005164,13.103832438091056,8.991631899960339,-6.100679354729129,0.19352550000000068,0.9274483785165836,-0.5432550267959684,1.0038389592166597,0.7889630000000025,0.8899768678007792,-15.760204918849269
ZTF19aavhypb,SN Ia,0.068,62.877013800200075,55,17.805004,52.84685180010274,25,18.944221840000004,30.302871568703765,2.879004599992186,-14.160574682184722,0.1504990416666665,0.30972679404241565,-1.2193767346666189,0.057617143049257004,18.013397,62.877013800200075,30,18.7940444,24.99684778869385,9.944351800251752,-9.861415234969801,0.1200405517241381,0.4594603141292613,-0.9077849913624911,0.1878679708241664,-0.20839300000000094,0.840479669852492,-19.517656637058213
ZTF18aaoufjt,SN Ia,0.0298,50.89450229983777,19,18.758646,18.873194499872625,4,19.13873875,0.0,0.0,-11.146353454498168,0.4018513333333343,1.085673561262726,-0.7152131791065508,0.0,18.011633,50.89450229983777,15,18.6527748,28.20063194115326,6.963124999776483,-10.82058903900145,0.1404601428571429,0.4394897528968488,-1.2116617916334216,0.15850003864474263,0.747012999999999,0.3708297290871196,-16.7725513939083
ZTF19aavmgtv,SN Ia,0.0292,31.88716429984197,20,17.408998,17.935497699771076,7,17.85656014285714,76.58160032560554,3.0193981998600066,-49.78595469121784,0.2510996666666667,0.8159057951062725,-0.7223533190325151,0.20242545310709467,17.185349,31.88716429984197,13,17.65668669230769,91.6129615794602,10.947708299849182,-40.816322735192834,0.2180013333333335,0.9509542585487715,-0.02528378339014825,0.5228267773457416,0.22364900000000176,0.5624676290158533,-18.078032330769116
ZTF19aavhxby,SN Ia,0.02313,97.85148139996454,59,16.190834,92.91369209997356,34,17.701021617647058,138.0254618052378,9.04601849988103,-37.67239199084474,0.14304003030303047,0.23049410566433556,-1.5777492779504112,0.10786061078807661,16.232145,64.89317130018026,25,17.06324048,188.25595840071404,13.939918899908662,-53.99996137249641,0.17145654166666682,0.5263065874420437,-0.9215230569988404,0.2735825142309141,-0.04131100000000032,1.431794597773271,-18.790160237380125
ZTF19aavhzsc,SN Ia,0.04,65.97658570017666,59,17.452345,65.06261580018327,26,18.752406769230774,100.99695981887099,8.07587970001623,-16.90790656035812,0.2310276400000001,0.15732848794140794,-1.3996319125526893,0.14171507709831022,17.378674,60.878240799997,33,18.434451636363637,39.740736874088945,8.955277800094336,-19.625218823858635,0.11144050000000005,0.32641629259830196,-1.4397023453470237,0.1724723953082401,0.07367100000000093,1.0687335071644593,-18.71807103016684
ZTF19aavoweu,SN Ic,0.0359,30.961689800024033,15,19.184067,24.87243050010875,7,19.618951285714285,9.386930175095,11.87086799973622,-11.054170119405928,0.3399181666666671,0.7540228447771554,-0.8096202126796599,0.9130339526034726,18.340418,25.0323843001388,8,18.72146125,20.543716355226298,8.981412100140005,-15.779137128204775,0.20284928571428548,0.16603657644400613,-1.463551666986352,0.5595556448687063,0.8436489999999992,0.9936101252636503,-16.751521316418632
ZTF19aavnwxf,SN Ia,0.0469,47.00562500022352,39,17.438457,40.99142359988764,21,18.312303095238097,88.52829101959927,8.996145899873227,-29.124147750015144,0.1911309000000001,0.5054367707358146,-0.9398103657719195,0.2811710523102969,17.595543,46.00271990010515,18,18.269708277777777,67.95269489101128,9.04233800014481,-17.95466626635524,0.16999435294117635,0.08480721088372158,-1.4275269653998932,0.24464947425650146,-0.15708599999999961,0.8910652172067318,-19.07752328710245
ZTF19aavnxwj,SN Ia,0.08,42.02568279998377,18,18.4797,36.0014466997236,8,19.14212475,31.878185513143965,8.994698999915272,-10.968396930417917,0.39360457142857086,0.3123298432441644,-1.47370653242875,0.3330537649292406,18.46476,41.948935199994594,10,19.0000665,19.858108869035675,14.96921299956739,-8.72945182413589,0.2573707777777783,0.461578790423535,-0.9161743783369545,0.5548319915366053,0.01494000000000284,0.8582207516849735,-19.195866008486746
ZTF19aawwlxc,SN Ia-91T,0.0557,67.90424770023674,28,18.13234,51.8561459002085,11,18.740955636363637,33.07190766507954,11.871377300005406,-12.805366411098387,0.40324379999999954,1.6816854346799435,2.018471903177522,0.29689748660806575,18.111446,67.90424770023674,17,18.976286411764704,22.010038288196384,17.98203710000962,-9.374072120530135,0.2066129375000001,0.404506358316831,-0.7999526518352864,0.3602011386075883,0.020893999999998414,0.7636657154222137,-18.757052049395668
ZTF19aavjlkx,SN II,0.08344,31.002303200308233,18,18.785755,24.871122700162232,6,19.461168333333337,0.0,0.0,-10.04880991828015,0.3685289999999995,0.6426086770265818,-1.2945128830572903,0.0,18.808746,31.002303200308233,12,19.288088916666666,6.972634594229786,5.966574000194669,-7.894220809422066,0.13747163636363655,0.4481621259550958,-1.1912440868649619,0.23832235731993792,-0.02299099999999754,0.8022346771937563,-18.981232550619396
ZTF19aavmlqh,SN Ia,0.08,46.886620400007814,24,18.615479,33.87291659973562,10,19.2107305,17.216788574718766,6.0122684999369085,-10.441989358445586,0.24329544444444431,0.8723585550274299,-0.6002933268152257,0.2157978693963098,18.732256,46.886620400007814,14,19.23694992857143,20.584871012102692,9.931909800041467,-5.740993272554411,0.1844043076923076,0.21614653112602658,-1.321093054829045,0.2687589657392828,-0.11677699999999902,0.7224431257947944,-19.060087008486747
ZTF19aavounq,SN Ia,0.0763,57.89928240003064,28,18.23585,39.83997690025717,12,18.973508666666667,35.26887324245932,11.867291700094938,-15.014830547746824,0.34490872727272726,0.6771343235421238,-0.8741671713597192,0.42424571024115026,18.410933,57.89928240003064,16,19.121136749999998,20.518422759820595,17.98214119998738,-8.331546549493691,0.24542693333333337,0.7048750581795752,-0.32839067407347544,0.45048669968298966,-0.17508300000000077,0.6880910306452448,-19.33688876330143
ZTF19aawfcgp,SN Ia,0.01951,83.86667820019647,32,17.335623,83.83560180012137,14,18.94350285714286,68.10623171281534,8.978564799763262,-14.791113472604211,0.36639423076923067,0.11163061639098668,-1.7512906764287517,0.11994282915205834,16.925024,82.81920140003785,18,18.580480777777776,84.4936198988902,12.032002300024033,-22.838949838323508,0.26205617647058793,-0.06146179768688607,-1.361915006180174,0.16997426728276474,0.4105989999999977,1.0122725211412513,-17.275779420499617
ZTF19abiszoe,SN IIn,0.043,26.988657400012016,10,18.649986,26.93354170024395,5,19.186636999999997,61.050179956155034,2.9881250001490116,-9.001383376780028,0.4665000000000008,-0.19500307787608914,-1.63098199981792,0.12478901651927253,18.350414,26.975648199673742,5,18.963824,46.70000913987335,7.009328699670732,-12.547446804715172,0.55778325,0.20785148907023845,-1.2656942571396355,0.35105762480008773,0.29957199999999773,0.9984390922094579,-17.677472351424967
ZTF19aavouyw,SLSN-I,0.1816,39.86937499977648,22,18.69584,39.8380439998582,12,19.023015999999995,12.98013149960885,11.866261600051075,-8.357174619423681,0.18135209090909077,1.6261253014029362,2.0107023401162323,0.424222576539595,18.853292,36.923148199915886,10,19.1382977,9.861887097623208,8.963148199953139,-5.10154125916572,0.1286306666666665,0.8318778083504555,0.16377064231870975,0.3205703934179214,-0.15745199999999926,1.0789449421853188,-20.75985529445236
ZTF19aavoiyc,SN Ia,0.047,51.8843634002842,24,19.22079,27.99670139979571,9,19.72336033333333,21.06878785182233,6.016145799774677,-5.772381789027653,0.3037314999999996,0.1811918688708658,-1.4710375327951495,0.27370308145299654,18.750048,51.8843634002842,15,19.4075414,21.035399903734596,11.968715300317854,-5.657314488399759,0.23095342857142878,0.527004249259886,-0.11340368735575712,0.2998502058727175,0.4707420000000013,0.5395980516095599,-17.299815363205617
ZTF19aavnwyt,SN Ia,0.04616,46.02240739995614,28,17.725618,39.97031249990687,15,18.330522266666666,64.40932577714909,9.959583300165832,-23.83745942676199,0.28573207142857143,1.253115292688232,0.10165717609279179,0.33186742094396604,17.788631,46.02240739995614,13,18.552579846153847,38.9091274554652,15.027650400064886,-18.50459283011776,0.290831666666666,0.08352368744088044,-1.466268657847566,0.4848449174845156,-0.06301299999999799,0.8684967770709222,-18.7558270742654
ZTF19aavrswr,SN Ia,0.035,58.92491899989545,30,17.174377,52.939560200087726,14,18.45882585714286,98.01672482658773,11.98053240031004,-30.91625851017401,0.4028843076923077,0.3413929691515692,-1.2246532843387274,0.2925004094060813,17.20019,58.88057869998738,16,18.2757834375,94.78140057076023,11.97791670029983,-24.170774501433517,0.3011165333333333,0.09450823002098116,-1.3012212550067803,0.2553781851524679,-0.02581299999999942,0.8991005416205101,-18.706079295278407
ZTF19aavlnjz,SN Ia,0.085,34.917986100073904,10,18.697054,8.937303199898452,3,18.798266666666674,0.0,0.0,-8.856913951641998,0.14784299999999995,0.7053347715079805,-1.4999999999999758,0.0,18.751587,34.873368000146,7,19.081204285714282,2.324333571912056,5.976030100136995,-7.330104184102888,0.21348149999999974,1.2368862512945933,0.028747909532432114,0.20680209785466547,-0.054532999999999276,0.2562787511622346,-19.110156702098493
ZTF19aawrumx,SN Ia,0.06,64.88613420026377,52,18.343122,53.846898099873215,18,19.14398527777778,28.30861609613555,12.94697909988463,-10.070712437445481,0.25628158823529434,0.8600299786815675,-0.4298640202597772,0.31655268314561313,18.390911,64.88613420026377,34,19.32856226470588,25.55886240069374,12.892198999878019,-6.983360467720915,0.127894575757576,-0.033697764851802016,-1.2243318105154706,0.24795582312035444,-0.04778899999999808,0.8298675635950327,-18.707750325445247
ZTF18aarlukc,SN Ia,0.0626,41.97355329990387,47,17.92892,38.955196800176054,21,18.77015938095238,37.20401022439742,8.969178299885243,-19.255822129841242,0.18526539999999975,0.4427463189302596,-1.3836341526086884,0.2991120111460699,18.013676,41.939050999935716,26,18.546844307692304,35.76663305602957,8.977696800138801,-12.900247782705573,0.1432883600000001,0.5501209767779496,-0.8257508209026345,0.2723703870211169,-0.08475599999999872,0.9288526056594787,-19.214067739579175
ZTF19aavxpbx,SN Ia,0.07,35.941817100159824,26,18.951105,23.9790856000036,9,19.246180888888887,5.767043448024501,8.976458299905062,-10.491344300695571,0.1737355000000007,1.0989603369261867,-0.5066547591910009,0.598325754572741,18.83465,35.88631940027699,17,19.254523352941177,7.161856205032613,8.96518520032987,-5.56623863507124,0.12215668749999975,0.2825483407495691,-1.6111218146369926,0.3330166230643982,0.11645499999999842,0.6681957358886607,-18.434501273598315
ZTF19aawfkeg,SN II,0.047,32.004294000100344,11,18.539223,16.034270799718797,5,19.008136599999997,11.753482087980068,16.034270799718797,0.0,0.18319500000000044,-0.7892241303362224,-0.9173251122064574,160.34270799718797,18.653158,32.004294000100344,6,19.129433166666665,11.974711707061129,12.976863499730825,-11.168192437107237,0.33667939999999985,0.2921573796993809,-0.7040958310873107,0.6820081933542634,-0.11393500000000145,0.5010037340510785,-17.98138236320562
ZTF19aawgfnn,SN Ia,0.053,36.98282410018146,18,18.198076,28.002164300065488,8,18.818752,29.304580982884563,8.97744210017845,-20.217359181102452,0.3116410000000001,0.3517858339475214,-1.0302855025961997,0.4718829534463192,18.02286,33.962546300143,10,18.500133499999997,27.057249057676216,6.023483800236136,-13.700641771343713,0.1535388888888889,0.08442091992606729,-1.5133923744398528,0.21559362631642398,0.17521599999999893,0.8245013213260627,-18.58341942153097
ZTF19aavsyhq,SN Ia,0.04,92.82222220022231,37,16.952595,86.8777431002818,16,18.352601562500002,89.66598887913773,14.939733800012618,-21.604535158903136,0.3669120000000002,0.22463394551364696,-1.5336274448777831,0.20767510729486804,16.88023,92.82222220022231,21,18.15125538095238,92.16604290674925,17.960069400258362,-21.796619586952744,0.29547904999999997,0.31963898238020216,-1.0253847290086284,0.23990853493418388,0.07236499999999779,0.9359584487525201,-19.217821030166842
ZTF19aavsahh,SN Ia,0.063,41.9754281998612,20,18.113392,32.94015039969236,11,18.91224281818182,26.298904761409457,9.02401619963348,-20.928986016467352,0.2894635999999998,0.7434009404868503,-0.5265098404426829,0.3773191822786838,18.226744,38.93087959988043,9,18.650798888888886,12.74218078414282,5.957395799923688,-10.267608094680025,0.1686696249999997,0.72626178385583,-0.3402653155275024,0.18067231949362608,-0.11335199999999901,0.8461188326141372,-19.043426820794938
ZTF19aawfbtg,SLSN-I,0.0866,156.67391210002825,91,18.19115,153.7380903000012,41,19.223777487804877,8.820225249776257,51.997720000334084,-4.568301231720773,0.1378615,0.3000184952425346,-1.1593229530061737,0.5110824724460847,18.244825,156.67391210002825,50,19.091826539999996,6.414094832457712,67.94807869987562,-4.178555599818296,0.11228893877551038,0.2923589108697941,-0.9359553052199048,0.7658206871208576,-0.05367499999999836,0.9812615785188751,-19.656555533613762
ZTF19aavitlq,SN Ia,0.03146,91.85693289991468,33,19.025887,29.015289400238544,9,19.777783555555555,4.902807636539271,3.0320139001123607,-7.236278299447346,0.2199743750000005,0.14949746040015485,-1.4541510600858034,0.11669098070786481,18.515104,91.85693289991468,24,19.163648708333337,20.241630348209817,14.063252300024033,-3.9638752841680533,0.1357211739130437,0.60674998346512,-1.0222736262582384,0.18077628146114225,0.510783,0.3158747901135886,-16.62302266496336
ZTF19aawgxdn,SN II,0.03066,125.8961805999279,107,18.398003,108.91780090006068,56,19.260677839285716,10.953967521690007,6.0081712999381125,-3.231802962310785,0.08333630909090911,-0.39435382105762434,-1.098347825023099,0.05838298440373511,18.378279,113.83579859975725,50,18.61281572,7.684164735888275,17.923437499906868,-1.734493366195381,0.07766002040816324,0.12842987604142597,-0.5820547775391112,0.1868730713577942,0.019724000000000075,0.9567974419278413,-17.194973826118808
ZTF19aawhniz,SN Ia,0.0713,27.973229199647903,11,19.370806,21.971631999593228,3,19.793342666666668,34.600677214240044,2.965231499634683,-2.5206118791560996,0.6338049999999988,0.31543102231793047,-1.4999999999999882,0.1560122601668396,18.791985,24.961620399728417,8,19.1700315,17.17109399961695,9.002337999641895,-9.343518235990222,0.2145242857142853,0.1852110237558897,-1.6300635171578868,0.5640816281058533,0.5788210000000014,0.8802165743948369,-18.054757722786356
ZTF19aawafvn,SN Ia,0.074,52.84961810009554,16,18.058907,27.887002400122583,8,18.51849025,20.270899088837123,14.947627400048077,-28.056101010043683,0.2547311428571421,0.19987893722365171,-1.1329620124445832,1.1552047452030727,18.239655,49.88943290011957,8,18.743183749999996,27.300422906650173,5.958136599976569,-8.490123288483908,0.267395428571429,0.8906720643700768,-0.057478066646945436,0.13562396518577519,-0.1807479999999977,0.5589761354063366,-19.447367672181908
ZTF19aaxhysx,SN Ia,0.083,60.95697910012677,16,18.552382,35.97946759965271,7,19.282048857142858,23.27138768292923,8.932129699736834,-11.254901462351086,0.4371364999999994,0.3197940299087616,-1.019546860137082,0.3302406223040758,18.542149,60.95697910012677,9,19.622196444444445,21.45970933447685,14.955810100305825,-6.738839804784134,0.4874873749999997,-0.3953388757916659,-1.117346864172362,0.3251180442906579,0.010233000000003045,0.590243613295756,-19.203124535407397
ZTF19aawmqtd,SN Ia,0.057,61.742048599757254,28,17.828215,48.77207179972902,14,18.80605807142857,37.1767087057029,17.86972220009193,-20.458510349108774,0.3528173076923075,0.3659698732412206,-1.325552358815839,0.5782641912866646,17.882584,55.78046289971098,14,18.504647357142858,24.79631473427465,15.953275399748236,-13.622494835770361,0.19245746153846136,0.4199589154635967,-0.6143720819983285,0.4005624399102537,-0.05436900000000122,0.8743576023637072,-19.11127535188949
ZTF19aavjukt,SN IIn,0.036,114.6983101000078,42,17.808401,114.6983101000078,30,18.49965806666666,13.764703385720207,39.881226799916476,-8.225131566900995,0.11476875862068953,0.4725194091211309,-0.9263496155467905,0.5330497399899013,17.75841,83.85151620022953,12,18.040461916666665,19.58257894350595,16.021365799941123,-4.5443625273169825,0.12857472727272648,0.41752311905776013,-0.98409026133855,0.23619829390608282,0.049990999999998564,1.3678740146584714,-18.133227577363467
ZTF19aawmkja,SN Ia,0.04,58.870682899840176,66,17.216915,58.870682899840176,35,18.179228257142857,95.89436532614702,11.935266199987382,-25.521551650096498,0.16635888235294108,0.7098898856346983,-0.9438044261482257,0.25429125890821835,17.180075,49.78804389992729,31,17.66960735483871,71.58032166497263,5.9111688998527825,-24.397757464777737,0.09278656666666692,1.0655882526951188,0.38887376715147237,0.1347217389534406,0.03684000000000154,1.1824261065200465,-18.95350103016684
ZTF19aawnqoj,SN Ia,0.07,59.01099539967254,27,18.10527,55.917673599906266,12,19.006501083333333,28.450519146006766,15.899178199935704,-12.784339353858746,0.38217927272727276,0.7123661573991124,-0.9643896732381383,0.3972957514026727,18.114614,59.01099539967254,15,18.829869733333336,27.83782474849649,16.081354199908674,-9.32207871729313,0.26766807142857146,0.26799348349505564,-0.8801681095220104,0.3745979176736546,-0.009343999999998687,0.9475805859769748,-19.280336273598312
ZTF19aawqcgy,SN Ic-BL,0.02065,42.90901619987562,18,18.960459,18.843113400042057,6,19.163543833333332,5.225727008130331,11.927222200203687,-14.949910783700384,0.1691835999999995,0.6548721185168225,-0.664039228742614,1.7246110234473375,17.854067,42.90901619987562,12,18.43282683333333,30.598177341289283,11.932939899619669,-17.23482891669055,0.21539336363636316,0.39298087892777256,-0.8845575513297708,0.3852308402120338,1.1063919999999996,0.439141119252617,-15.774257353489126
ZTF19aawsday,SN Ic,0.02915,69.97959489980713,14,18.857782,34.003507000394166,5,19.491488,0.0,0.0,-6.324852664810887,0.3774639999999998,0.3760106412306723,-1.8117070920763674,0.0,18.40274,69.97959489980713,9,19.129530666666668,4.051591448742588,14.013958299998194,-5.878886439282657,0.22570487499999992,0.18154029868675498,-1.4818592728296456,0.2504029106325941,0.45504199999999884,0.48590602802257554,-16.625526869002186
ZTF19aavvozj,SN Ia,0.1,34.89804399991408,26,19.05907,34.85974539956078,13,19.77941961538462,13.961069516855137,11.979328699875623,-7.284647474862074,0.22300916666666679,-0.25837798091139286,-1.5046469766747335,0.5235625232315136,18.986275,31.9096412002109,13,19.341391384615388,9.982653547088898,12.040277800057083,-5.9790861017227455,0.11963391666666705,-0.16573775489159295,-1.3568610002876884,0.6059719960612263,0.07279499999999928,1.0924518135707018,-19.10104607352703
ZTF19aawqckx,SN Ia,0.034,80.94280099961907,71,17.03297,74.76909720012918,28,19.156447607142855,96.02393806035568,15.009444400202483,-24.28179731210282,0.2748102592592596,-0.7576777225832915,-1.0398943825133546,0.2511635141263889,17.06114,80.94280099961907,43,18.63462053488372,91.14265426805655,15.009085699915886,-20.66454071231548,0.1720398809523811,-0.5113451582015363,-0.9837950149186194,0.2276390103559575,-0.028170000000002915,0.9237275739998305,-18.784540658738308
ZTF19aaxqsbn,SN Ia,0.057,52.92068290011957,23,18.60731,33.031967599876225,10,19.335695299999998,25.055098523404816,11.93932869983837,-13.66376326284256,0.40703111111111157,0.6922487375428238,-1.0560347664455474,0.5660424357720808,18.316925,49.937152800150216,13,18.96196830769231,22.8323194020136,12.062974500004202,-9.454253077246134,0.20853583333333306,0.37238889577435674,-1.226422420143025,0.318501286137677,0.290384999999997,0.6614707837283198,-18.33218035188949
ZTF19aaxffum,SN Ia-91T,0.05498,61.90401619998738,67,17.74493,54.9184258999303,33,18.793662212121212,40.569647140652286,14.958981500007212,-18.23331905529432,0.16538496874999997,0.41502029835711196,-1.0908792335025643,0.3743540913705999,17.633713,61.90401619998738,34,18.378854529411765,47.59924163425765,14.95706019969657,-15.175560920686817,0.1472246060606061,0.839028764371936,-0.16003253210694668,0.3185948882309626,0.1112169999999999,0.8871544896620374,-19.11620975106427
ZTF19aaxfcpq,SN Ic-BL,0.03800,52.93596070026979,26,17.876688,52.87391210021451,11,18.92764718181818,60.08069016887629,8.881909800227731,-14.747184081658972,0.42399489999999995,0.4834296146272682,-0.9962927725151536,0.20189828459411588,17.788265,52.92707179998979,15,18.735680133333336,53.214574167468754,11.991273200139403,-16.554273649024925,0.3052876428571429,0.3610599416760543,-1.2601827975871762,0.29292877164446546,0.08842300000000236,0.9989956047450317,-18.18234605661108
ZTF19aaxfzao,SN Ia,0.037,86.92506950022653,57,17.521578,42.78768520010635,25,18.34222084,67.35226669271563,9.012002300005406,-26.16956166823032,0.15230929166666662,0.6098279717685078,-0.6609796604123828,0.26681924764216897,17.494621,86.92506950022653,32,18.326866,58.83482947901325,15.092789399903268,-12.49052382811032,0.16997987096774186,0.7983102994139393,-0.035166721813502555,0.21011151781377668,0.026957000000003006,0.49223642208298546,-18.479546693862
ZTF19aawyepw,SN Ia,0.06,33.92747680004686,20,19.07692,27.90236120019108,9,19.771588333333334,14.016470766882245,11.86688659992069,-11.1188012237708,0.36314499999999983,0.4669270610971846,-0.8501804692435178,0.7400396243788501,18.85909,33.92747680004686,11,19.288148909090907,27.076061653157222,5.99133100034669,-6.198662361198258,0.2147468000000007,0.21044592564979442,-1.2338342821499988,0.2144651965702081,0.21783000000000285,0.8224119160005599,-17.973952325445246
ZTF18aanygjk,SN Ia,0.049,57.91405089991167,36,17.729925,46.99968749983236,17,18.492853647058826,46.36929475302988,15.003923599608243,-21.64190661362417,0.28190537499999957,0.6670969464769972,-1.1753933069392446,0.4689346891793743,17.808802,54.86788190016523,19,18.36955457894737,27.085727575085052,15.98004630021751,-14.949267530088397,0.169237222222222,0.6586692090271421,-0.6641484409475749,0.4109266060628736,-0.07887699999999853,0.8565974459402419,-18.881171473669596
ZTF19aaxibby,SN Ia,0.056,65.98228000011295,22,18.297934,52.99695600010455,9,19.091213888888888,20.212315652012272,14.931874999776483,-10.726773095973066,0.3935132499999998,0.5960384536780795,-0.4403781508172533,0.39227225077093075,18.398296,65.98228000011295,13,19.177227615384616,20.12704630636434,18.040289300028235,-6.554102563447589,0.278867,0.2502230334057872,-1.0191383569504548,0.3762941220543926,-0.10036199999999695,0.8031998288027304,-18.60312220855803
ZTF19aaxibpz,SN Ia,0.065,42.98710650019348,21,18.237003,37.00012730015442,10,18.8041895,20.963319952256903,12.033368099946529,-17.349877882870537,0.3256473333333325,1.3386466776030834,1.0081590237134392,0.4819755741404488,18.205067,42.95526620000601,11,18.61030290909091,17.447407320912184,11.94732639985159,-10.939460264331466,0.23072130000000007,0.6466867322626186,-0.06346327778153826,0.3852989420403897,0.03193600000000174,0.8613641719242621,-18.98767985674131
ZTF19aayjsty,SN Ia,0.07,30.99546300014481,12,18.261229,24.99893519980833,5,18.912346199999998,28.313384090823682,8.99881949974224,-21.801474753076015,0.5254002499999997,0.016905759638594482,-0.9614326621130393,0.5624221517163822,18.516258,30.99546300014481,7,19.068895,25.04487014615008,12.06365740019828,-9.972906405290047,0.3850643333333335,1.0026459102753817,0.12764659476163676,0.6372164206161273,-0.2550290000000004,0.8065353048506336,-19.124377273598313
ZTF19aaxyukr,SN Ia,0.087,59.9457870000042,15,18.354488,34.065231499727815,5,18.9028886,17.244381547536765,10.053067099768668,-12.94008242883252,0.4416147500000003,0.20008313377060774,-1.4926705211052427,0.4186655951674965,18.491014,59.9457870000042,10,19.210833899999997,20.29954274797501,15.956990700215101,-6.361467942318317,0.360516333333333,0.6630003418346345,-0.35602008662427753,0.3627512467371517,-0.13652599999999993,0.568267316262366,-19.503224336620118
ZTF19aayabqe,SN Ia,0.033,29.990578700322658,22,18.9381,18.99403929989785,8,19.797323499999997,30.891093135210674,6.02142360014841,-15.977802467673664,0.420928571428572,-0.21080569060473894,-1.4620320913267137,0.4641641855053727,18.479347,29.873391200322658,14,19.118724142857143,32.097586281926006,8.960810100194067,-14.870043517068186,0.22450592307692302,0.25586536508019864,-1.3324129088793204,0.4284889587416336,0.45875299999999797,0.6358179817125248,-16.814585772916466
ZTF19aayfaum,SN Ia,0.0113,122.70973380003124,52,16.366138,115.79424769990146,27,18.39746733333333,158.7154173414401,15.997152800206095,-27.44266847778679,0.2409311923076919,-0.4307154138802804,-1.390377794945376,0.16029677834093872,16.303228,122.70973380003124,25,17.783655120000002,185.3661752704091,15.951863400172442,-27.198211193171687,0.3330093333333333,0.748554499881598,-0.07508288194930346,0.14942095922694182,0.06290999999999869,0.9436435408506442,-17.05937029094413
ZTF19aayqait,SN Ia,0.069,36.81655090022832,54,18.571728,32.915752300061285,27,19.181416259259255,26.37176850988869,11.935960600152612,-15.054207106586853,0.18612569230769233,1.2626264158215217,1.0626474840935964,0.5689265542233467,18.604849,33.91953699989244,27,19.030215777777773,21.65951202632859,10.037175899837166,-9.03836539890647,0.11082076923076957,0.41844424058891655,-0.9890678714483436,0.420275694592606,-0.03312100000000129,0.9704068867498298,-18.782633527213306
ZTF19aayckwk,SN Ia,0.086,35.83543979981914,11,18.614513,24.04193289997056,5,19.1490328,15.269518575312702,11.937002299819142,-20.838110486841074,0.5234715000000003,0.6014348926775256,-0.9968924409730118,0.9861272810328894,18.605263,35.79312499985099,6,19.036909666666666,16.933266491548196,11.957731499802321,-8.831643976095764,0.3681917999999996,0.3624303388606176,-1.5422965984188488,0.5016796345224133,0.009249999999997982,0.671691362519217,-19.218095329744873
ZTF19aaycomi,SN Ia,0.03,103.72797459969297,89,16.874905,94.99715279974043,49,19.116071102040816,112.38144345485178,14.034953699912876,-21.130477197432366,0.16304770833333326,-0.7908014897230304,-0.6999540907499671,0.17335193282741215,16.960255,103.69236110011116,40,18.415455675,102.42355552718281,13.963171300012618,-17.45043133753249,0.1619565128205126,0.030314650458567,-1.138573046578511,0.15561459243218626,-0.08535000000000181,0.9161441767925814,-18.670817347125343
ZTF19aayslow,SN Ia,0.06,49.986851800233126,28,17.858385,42.983101800084114,14,18.74344735714286,43.47992825954318,14.99480320001021,-19.634302458144415,0.31907553846153863,0.676633846771452,-0.3754043762271402,0.5357525805434495,17.91672,49.953750000335276,14,18.614077000000005,29.42477200019731,20.964757000096142,-14.199946336453374,0.27445338461538454,1.4103921510944564,1.3656368666257945,0.723197145893381,-0.058335000000003134,0.8604579596085503,-19.19248732544525
ZTF19aayejww,SN Icn,0.0641,22.05663189990446,15,18.674337,22.020219899713993,8,19.312259750000003,15.128542779438844,3.0168403000570834,-14.260609434869899,0.2715062857142852,0.6679967493731488,-1.0758101542421699,0.15875283047608804,18.72437,21.992939800024033,7,19.350225571428574,18.44330528235467,5.970682899933308,-15.24360356905584,0.32923566666666676,0.4130990904040269,-0.8441839267199605,0.3726493050988029,-0.050032999999999106,1.0012404025991073,-18.520069221121112
ZTF19aaxzdtw,SN Ic,0.041,42.87578699970618,19,19.368855,19.00337959965691,7,19.672391285714284,4.550683922495476,10.003321699798107,-7.166063851471108,0.23022883333333274,0.08494675665702832,-0.7405324462616392,1.1114730384073468,18.890417,42.87578699970618,12,19.4681285,13.885990923368656,15.955497699789703,-6.8863235687217275,0.2756463636363636,0.7711793254603494,-0.6101355900184893,0.5926941394288511,0.4784380000000006,0.4432193769361513,-16.855180357125708
ZTF19aavjzrz,SN IIP,0.018,139.6791203999892,70,18.419077,88.94789350032806,28,18.763344642857145,0.1770549372385202,6.018958299886435,-3.807600051898916,0.0680918148148144,1.696378595540916,2.9343065174318204,0.07257971280275623,17.823767,130.68353009968996,41,18.73515287804878,0.6247135725984253,38.980543999932706,-7.03604832934786,0.10687790000000028,0.4075619033452012,-1.6502357904214324,0.42507387881053843,0.5953100000000013,0.6806358340065921,-16.017401599043552
ZTF19aayogzn,SN Ia,0.06965,51.00711809983477,25,18.453705,40.992233799770474,10,19.274884399999998,23.21183193828196,12.99591439962387,-11.685975210131003,0.34306777777777797,-0.008036753575963783,-1.416779496145875,0.46420081918181777,18.40883,50.94386570015922,15,18.984353666666667,20.23022967288663,15.959456000011414,-8.140449829248324,0.20948300000000003,0.423098910969419,-0.4473807503565519,0.45618766006916467,0.04487500000000111,0.8046549518059513,-18.92101667732694
ZTF19aaxeetj,SN Ia,0.0551,38.99873839970678,10,18.577856,38.98223379999399,4,19.352504250000003,9.936882455252624,29.995786999817938,-20.677192996627856,0.8423646666666672,0.4944920519982856,-0.9822281008860423,3.3378917904716565,17.965874,38.97770829964429,6,18.658539833333332,63.103441221213956,9.020775399636477,-8.29616216171667,0.5566224000000013,1.5190220576922415,0.8092086982259836,0.3011247990489081,0.6119820000000011,1.0001161048339453,-18.288018067785952
ZTF19aayrosj,SN II,0.01506,91.91140039963648,32,18.761751,43.87043979996815,8,19.53691475,0.0,0.0,-5.219943237003404,0.23364000000000015,-0.08415863683439669,-1.4181899410913141,0.0,18.182184,91.91140039963648,24,18.51975704166667,17.60835941119156,12.958379599731416,-4.261858681834377,0.0941278695652175,0.9815553487326535,0.2282749248755973,0.16412772391030536,0.5795670000000008,0.4773122769233931,-15.287489932850438
ZTF19aaypehm,SN Ia,0.11,45.89821759983897,23,18.879562,30.076597300358117,9,19.35056722222222,16.181499726804052,10.091400500386953,-9.073506308464836,0.2593065000000001,0.31145546911409183,-1.5227469923633419,0.5049437641965835,18.972673,45.89821759983897,14,19.493181571428572,10.53740591845091,15.959293900057673,-5.583879313358081,0.18535530769230738,0.27703662137164436,-1.4095471466125618,0.5330617112389466,-0.09311100000000039,0.6552890040868087,-19.48751749931815
ZTF19aayveer,SN Ia,0.08,48.91563649987802,28,18.971985,22.88040510006249,8,19.427260999999998,16.492356567137715,9.87636569980532,-10.470837889041048,0.28472471428571416,0.5700158133375139,-0.7727900764020119,0.7594844490866433,18.95006,48.86797450017184,20,19.505047199999996,12.242318629416703,12.91521990019828,-5.578629619321848,0.16924168421052674,0.4844194071104596,-1.0845894816291057,0.35922754859533845,0.021924999999999528,0.4682085831075735,-18.703581008486747
ZTF19aazdcmj,SN Ia,0.09,49.95246529998258,16,18.822218,25.98273150017485,7,19.26988514285714,15.288034514135186,15.019618100021034,-12.849632823020038,0.3877670000000002,1.459116173282336,0.7610955990825108,1.3700139323388103,18.862,43.95327549986541,9,19.44773711111111,9.702947185226893,12.999097200110555,-6.421899552602069,0.24967525000000101,0.06672363655308192,-0.8308194522378072,0.41994644710738455,-0.039781999999998874,0.5911443733073867,-19.109110620723655
ZTF19aazdirb,SN Ia,0.09,47.986527800094336,10,18.670433,47.986527800094336,4,19.450072249999998,2.1058905719509524,14.017338000237942,-8.878219094603411,0.8197313333333334,0.9308533708820795,-0.8743496982407213,0.4126485819304763,19.169628,26.925983799621463,6,19.471075499999998,0.0,0.0,-4.389363217635702,0.17343139999999976,0.7104079772067152,-1.1320974421455845,0.0,-0.4991950000000003,1.7821643271124954,-19.260895620723655
ZTF19aayvylv,SN Ia,0.071,83.97315969970077,33,18.407436,60.01850689994171,12,19.653892083333332,13.485144649127523,20.995347199961543,-9.867961692049779,0.33524799999999966,0.030800407038099883,-1.4201815121964245,0.5380227373021312,18.292393,78.9872221997939,21,19.238651285714287,7.891918076835916,16.038541600108147,-6.584716879304162,0.14385790000000007,0.4609577087704002,-1.0184306001944552,0.25478757373968236,0.115043,0.7598508369889011,-19.008971817122404
ZTF19aazfvhh,SN II,0.03403,107.69519679993391,43,19.0442,86.97153940005228,16,19.8151241875,11.618072419259521,2.9868866000324488,-2.2671804779150095,0.1880864666666665,0.0015357007216440623,-0.17469398364799504,0.03556467164476679,18.90566,107.69519679993391,27,19.43205418518519,26.917636040222177,5.9754861001856625,-1.709658314302422,0.11043499999999937,0.19309339538794681,-1.2344067832445471,0.05874462342725137,0.138539999999999,0.8075712007994181,-16.77522581900607
ZTF19aaywlmi,SN Ia,0.07,52.95766199985519,26,18.45118,47.00077539961785,12,19.381482916666666,28.04169928428306,10.003321699798107,-9.58546214459805,0.3176036363636363,0.30846663651453343,-1.4490473370582166,0.2703786531084123,18.525866,52.932048600167036,14,19.12542642857143,20.406516635570295,12.992361099924892,-7.256000964410513,0.20998615384615385,0.37836424599180707,-1.1311534624659605,0.3252995181759027,-0.07468599999999981,0.8879455196349519,-18.934426273598312
ZTF19aaziick,SN Ia,0.08,43.99150459980592,14,18.60275,36.97402779990807,5,19.6210908,41.825439649738236,6.077291700057685,-9.845896129806741,0.8258749999999999,-0.0917116439293762,-0.8067488391036668,0.1966968834642412,18.642767,43.9351852000691,9,19.149171777777777,37.28298003928049,5.9345487002283335,-5.306988816765541,0.29174537499999964,0.3882991741124852,-0.6505127546447147,0.15616971837440674,-0.04001699999999886,0.8415584828318857,-19.072816008486747
ZTF19aazgpar,SN Ia,0.09,43.91609960002825,14,18.786478,18.896932900417596,7,19.00542814285714,11.125163705492552,9.896921300329268,-16.22860532233749,0.1987221666666675,0.8896943180338185,-0.7027036251961065,1.0996565049129645,18.83248,43.91609960002825,7,19.379765142857146,24.1918336760333,6.126990799792111,-6.030787517016964,0.3995031666666667,1.027668847496427,0.06349391399892612,0.16213641957478037,-0.04600200000000143,0.43029624835820895,-19.144850620723656
ZTF19aazuqyt,SN II,0.05,67.97642359975725,23,19.13437,26.861111199948937,7,19.47847942857143,5.2912336730833704,0.9671990997157991,-5.371359664479045,0.18250966666666635,0.9951759033347498,-0.03844465293073629,0.03735237441031905,18.999641,67.97642359975725,16,19.237877,21.548954397305494,3.0853703999891877,-1.4191273853244153,0.08376039999999942,0.14449291875023193,-1.5633921235194266,0.0475469305528272,0.1347290000000001,0.39515334549087483,-17.52059609520712
ZTF19aazlsfj,SN Ia,0.07,49.93337959982455,20,18.380833,26.960104200057685,8,18.957589,30.09481267960257,10.994571699760854,-18.784380267917893,0.3861248571428578,0.6575934350307142,-0.9328379250860239,0.6886442215163474,18.471577,46.97583330003545,12,19.279108666666662,18.165525740732804,10.999965300317854,-9.156976210070491,0.2333040909090914,0.29727178982562963,-1.0590011415460538,0.3057595524979189,-0.09074400000000082,0.5739143365028363,-19.004773273598314
ZTF19aazwnwy,SN IIb,0.08528,56.94993049977347,25,17.756872,43.87673610029742,11,18.50039809090909,72.42283511724489,8.872141200117767,-19.24929775367637,0.3913176,0.9841468777448322,-0.2864849481536491,0.2534564740834133,17.963036,56.94993049977347,14,18.608376214285713,41.84006776603318,12.002256900072098,-11.295787315918687,0.25097469230769237,0.6312896546543243,-1.2718748957259927,0.2670273217466774,-0.20616399999999757,0.7704440675387997,-20.057480031939512
ZTF19aayjqpa,SN Ia,0.08,40.06403930019587,15,18.64184,30.005648100282997,8,19.068609125000002,27.00118284345184,9.017592600081116,-10.51987627349485,0.34023528571428635,0.9095788841498802,-0.8027445252188419,0.42965355223090473,18.648394,39.991261600051075,7,19.122706142857144,16.13453630013065,14.991261600051075,-6.361824713027544,0.3266355000000001,0.7941093905646149,-0.16931487233980302,0.599650464002043,-0.006554000000001281,0.7503051141613566,-19.03372600848675
ZTF19aazyvub,SN II,0.02287,151.7571644000709,43,17.982256,97.84126160014421,18,18.8319745,8.044963124748783,8.982176000252366,-6.016994236887483,0.1487235882352947,0.2941150336691949,-0.4426254995071197,0.10108337194349093,18.029064,147.7922454001382,25,18.44759952,0.8064848343293524,20.04127319995314,-3.9524731081729425,0.0894538749999998,1.7371298773397068,1.8352668938991314,0.15687765701343215,-0.04680800000000218,0.662018912665175,-16.97419089656077
ZTF19aazxcvl,SN Ia,0.06,47.9197685001418,23,18.394678,38.93025470012799,12,18.9738315,25.258157467936307,9.958182900212705,-12.123128803045857,0.24328363636363678,0.7739164985750359,-0.4051016191553489,0.34371663058773116,18.400661,47.9197685001418,11,18.93464609090909,18.920581079022128,16.955567100085318,-8.043524109557502,0.23620780000000002,0.4815460741995634,-0.6007190245382357,0.5475861263470011,-0.005983000000000516,0.8124048992434676,-18.65619432544525
ZTF19aazzpje,SN Ia,0.09,36.97188650025055,19,18.716547,28.082638900261372,9,19.288102777777777,22.73889059938379,9.99826390016824,-12.423743887270232,0.3205882500000006,0.300053872739902,-1.4804665152939505,0.5528675389731053,18.795702,30.980104099959135,10,19.3251724,11.731574927257759,7.024652699939907,-8.726406165630475,0.1909283333333344,0.45019589299626367,-0.7159648199770015,0.2932381687424295,-0.07915500000000009,0.9064733549522971,-19.214781620723656
ZTF19aazudta,SN II,0.02389,96.89212970016524,20,18.546988,56.82714120019227,10,18.820770800000002,36.01173426641095,2.873877299949527,-2.814937101878942,0.127326666666667,0.412767020892633,-0.7730282732613172,0.053266050878093336,18.424822,96.89212970016524,10,18.5950192,2.6173626410139668,73.01361119979993,-3.3552689693639164,0.1264625555555558,1.6576082797941558,2.0496524134988716,3.0577111054307196,0.122166,0.5864990415222069,-16.504208822276425
ZTF19abadskf,SN Ia,0.04106,82.89506940031424,37,17.224737,82.89506940031424,21,19.042587952380952,75.43988666368283,14.996539300307631,-18.117476619471166,0.3453441999999999,-0.26847560618753463,-1.2729636076826105,0.2208669212458573,17.293888,76.94003470009193,16,18.345677125,66.08504114491167,11.999305600300431,-17.068735492566667,0.25718966666666676,0.40326750754291624,-0.7612101804028364,0.184773188823637,-0.06915099999999796,1.077398388542905,-19.002473798699892
ZTF19abahvdh,SN Ia,0.07,49.97351850010455,23,18.138979,36.9588310001418,10,18.8198044,35.84903829538328,9.958240699954331,-16.28991600709257,0.3138738888888892,0.5188146670738052,-0.7381678023159703,0.36881566622212664,18.344133,49.97351850010455,13,18.96159976923077,21.520155161702863,12.982754700351506,-8.833664916392483,0.22752199999999986,-0.001209980021142629,-1.3549272025693255,0.3509728744892308,-0.20515400000000028,0.7395683175693238,-19.246627273598314
ZTF19ababigc,SN Ia,0.055,43.95327549986541,15,18.547853,19.94211809989065,6,18.862410833333332,20.67222159731521,8.979004699736834,-16.18845591171617,0.28123280000000006,0.36422456202704895,-1.567711978256818,0.819019595255747,18.457443,43.95327549986541,9,19.12320111111111,24.278371098652492,8.98310189973563,-9.362047608234235,0.3138532499999993,0.5486815166078027,-0.11504219473385202,0.256878962125092,0.09040999999999855,0.4537117626182766,-18.314076520998245
ZTF19abattvp,SN Ia,0.07,46.93371530016884,17,18.698793,28.002013800200075,6,19.045949666666665,0.0,0.0,-8.17226004358075,0.2545414000000001,1.2814199815034992,0.1423818917448072,0.0,18.593805,46.93371530016884,11,19.276220636363636,12.29121927334452,12.999097200110555,-7.924532584629359,0.21331769999999928,0.13753331338305505,-1.2038387205701182,0.38306301729348846,0.10498799999999875,0.5966289611020702,-18.686813273598315
ZTF19abaejrh,SN Ia,0.088,34.96467590006068,12,18.869802,11.987280100118369,4,19.163507000000003,0.0,0.0,-10.219422308388408,0.20508033333333367,0.18107831845791406,-1.0716327464939304,0.0,18.979034,34.96467590006068,8,19.381699625,8.573350730837793,15.976331000216305,-7.500421373485092,0.24470514285714323,0.18638489443898804,-1.429764879539493,0.8413756482981959,-0.10923199999999866,0.3428397315731322,-19.01272743427787
ZTF19abaejto,SN Ia,0.06,65.95074080023915,35,18.118898,52.98510419996455,18,19.20286566666667,45.630821735859016,9.964652800001204,-12.124677533790528,0.292367882352941,0.36949967711678033,-1.0420578029660315,0.23162594709570372,18.1559,65.95074080023915,17,19.018375176470588,29.531098657350984,16.010682900436223,-9.308312822791363,0.2943156250000005,0.6943103310916138,-0.158029461403685,0.32059800436273433,-0.03700199999999754,0.8034042310525862,-18.931974325445246
ZTF19abaeyln,SN Ia,0.0852,50.976007000077516,20,18.55411,38.98291670018807,8,19.319846624999997,18.67879297849047,8.9609375,-9.964421611711861,0.36023628571428495,0.5776596146275087,-1.0501306358266889,0.29847923883525523,18.464334,50.976007000077516,12,18.90243425,12.746573082345352,14.996007000096142,-7.554061371581349,0.1683412727272727,0.5797439907420561,-1.0021393553757834,0.4167872985020541,0.08977600000000052,0.7647306839888184,-19.25820404736053
ZTF19abacxod,SN II,0.01765,61.95468750037253,37,18.08689,60.914479200262576,17,18.870638411764705,9.145790896160689,17.93873850023374,-11.312699757762546,0.26790875000000014,0.18079469022753059,-1.1023498492396684,0.41741545830347265,17.661745,61.95468750037253,20,18.14393345,27.25126602769406,18.005069400183856,-15.453999973563795,0.15448763157894724,0.9949218507910412,0.6293427190703738,0.4096752185454499,0.42514500000000055,0.9832101759837995,-16.30694962214623
ZTF19abafrvy,SN Ia,0.078,31.92503480007872,11,18.783157,15.950428300071508,5,19.034513399999998,10.930794165131344,6.972592600155622,-14.565272865019871,0.22838024999999984,0.5915030729954129,-0.7588943371470211,0.7766451551592717,18.90422,27.99246530001983,6,19.138600666666665,2.076023675698387,3.0196064999327064,-5.777280160673055,0.16707120000000017,1.1800830239752342,-0.015394987632721513,0.12091553170204813,-0.12106299999999948,0.5698114878099074,-18.837432086979437
ZTF19abajuqh,SN Ia,0.068,62.91258110012859,25,17.938475,45.910266200080514,12,18.876553666666663,34.231106127980375,10.99884260026738,-17.596167667488682,0.33116518181818155,0.6479484238226569,-0.7253035806386205,0.31504995975948263,17.920675,59.97557879984379,13,18.67437423076923,15.139721604134156,11.019421299919486,-10.80678249442221,0.16227991666666686,0.22171072561034513,-1.0720846613869095,0.22508754491069943,0.017800000000001148,0.7654826700930495,-19.384185637058213
ZTF19abajxet,SN II,0.01474,224.33331019990146,71,16.408598,76.95826389966533,31,17.111942032258064,80.78367661737232,9.01291669998318,-30.892015027563538,0.0734717333333336,0.19608370835468625,-1.5642105415458214,0.13264950539579173,16.453121,224.26973380008712,40,17.410422099999998,185.56395093650463,5.938553299754858,-11.691467439771042,0.14699048717948762,1.2836595269913427,-0.2603168275049472,0.02719974896002461,-0.04452299999999809,0.34315046705439767,-17.594005491142187
ZTF19abakjci,SN Ia,0.07,33.002476800233126,14,18.356312,33.002476800233126,9,19.034341555555557,18.5168625467978,10.997789300046861,-15.597573753236482,0.27170462500000037,0.3192136020786416,-1.23980307309916,0.49979302364342904,18.360544,20.02052089991048,5,18.5584526,14.40923158588092,10.979849600233138,-14.308548376385723,0.20807349999999936,0.41388861720133335,-1.5911372408305227,1.2144949458150307,-0.00423200000000179,1.6484324741211251,-19.029294273598314
ZTF19abafmwj,SN Ic,0.034,33.960312500130385,15,19.586403,18.084791699890047,5,19.910054199999998,1.2221892360940474,8.999548600055277,-8.327313008479274,0.2186792500000001,0.4029773142761404,-1.7961607656366958,0.9905677262745946,18.98679,33.84364579990506,10,19.5996843,10.012178373328384,8.910069399978966,-7.303505466706416,0.2086121111111115,0.3504266671114879,-1.2088843459278127,0.357352240892541,0.5996130000000015,0.5343629881607135,-16.231107658738306
ZTF19abamqxo,SN Ibn,0.057,36.98261580010876,21,17.93823,33.96172460028902,13,19.01734638461538,46.37510988741443,3.0041550998575985,-18.81091777732449,0.20709699999999978,0.1863476668977487,-1.3168106412705105,0.09704105161794867,18.042822,36.966643599793315,8,19.071532,45.901462524877836,9.00067130010575,-18.573719859687582,0.47825671428571376,0.13526362528138894,-1.2465439259826607,0.321843675008085,-0.10459200000000024,0.9187126904991424,-19.00126035188949
ZTF19abaosan,SN Ia,0.047,64.92778939986601,47,17.386686,59.944178299978375,21,18.455524380952383,65.73594134290337,15.993611100129783,-23.29516976713831,0.3227107999999996,0.8873770858874057,-0.5954694472885693,0.3638999930855245,17.483168,64.90510419989005,26,18.337363846153846,58.382204175457254,15.989710699766874,-17.106514433143346,0.1960087599999997,0.8747266856360295,0.18643693771258318,0.3268850469275405,-0.09648199999999818,0.9235664750705372,-19.133919363205617
ZTF19abasxkg,SN Ia,0.038,63.043738399632275,34,16.85049,47.98134259972721,17,18.297710764705883,98.07362278580872,10.996238499879837,-45.439022902141026,0.23587068750000006,2.783501303679459e-05,-1.4854790334539407,0.29731533187506193,16.964947,63.043738399632275,17,17.939819352941175,85.20705656599179,11.024282399564981,-26.720898323474156,0.18624437500000024,0.11597015364173174,-1.1668030044185056,0.21192613778103947,-0.11445699999999803,0.7610802248999733,-19.208544056611082
ZTF19abdgpuv,SN Ia,0.1,27.853865699842572,13,18.774643,21.92372680036351,4,19.641579,0.0,0.0,-11.210649634093112,0.5736523333333329,-0.005642108272786381,-1.9485066742495891,0.0,18.861914,27.853865699842572,9,19.36742011111111,0.0,0.0,-6.209745037856141,0.1341417500000004,0.11562556365473306,-1.4583095943064293,0.0,-0.08727099999999766,0.787098172893374,-19.385473073527027
ZTF19abauylg,SN Ic,0.044,73.91898149996996,54,16.843922,64.9517244999297,25,18.53849244,127.98616258214312,12.092847199644893,-32.097646869805324,0.23912687500000032,-0.5369294656753146,-1.3315991376603664,0.22877608865861662,16.698881,70.82443290017545,29,17.662056448275862,95.17600340239323,8.907754600048065,-30.446878160344973,0.12158942857142829,0.6931638331533293,-0.859383297071092,0.14386680365619256,0.1450409999999991,0.9170807564598062,-19.533457455957965
ZTF19abakjao,SN Ia,0.06,47.96145830024034,20,18.005985,34.99583330005407,10,18.610773000000002,38.72344402339749,12.997395799960941,-22.64789938189511,0.3860122222222226,0.8804217911399401,-0.7745546505068233,0.5908326807258886,18.14334,47.891273099929094,10,18.8632594,34.647864086931875,12.911157399881631,-11.00481600562452,0.3491662222222224,0.5066764075266663,-0.5179770505102859,0.36909990551758276,-0.13735499999999945,0.7307350804191899,-19.04488732544525
ZTF19abbnamr,SN II,0.0139,214.6362616000697,185,16.833633,110.73587970016524,80,17.7560549625,37.1390562726256,9.00385420024395,-14.988194088233518,0.059151189873417644,-0.40649449282882,-0.4116356440074296,0.08850560240001233,16.721197,209.63944440009072,103,17.355394873786413,42.500033600843295,5.9649074003100395,-9.35363718058541,0.07007379411764696,1.5867741002213442,0.7657855702432261,0.029286465987235617,0.11243599999999887,0.5282206314610769,-17.041557074797502
ZTF19abcegvm,SN Ic,0.073,126.78660879982635,44,18.595005,126.7653588000685,20,19.216269899999997,6.638557289244005,28.018182899802923,-2.694730867103273,0.15618068421052592,0.5642699780872394,-1.0540616762393902,0.2837365488619262,18.16189,126.75901619996876,24,18.644450958333337,6.39327463136041,57.90934030013159,-4.917290643275851,0.1637952608695654,0.9536827699467646,0.14086190624972783,0.8410982265824806,0.4331150000000008,1.000050036678178,-18.881725374129303
ZTF19abbwfgp,SN II,0.02592,106.88209490012378,47,17.163004,91.89932870026678,22,18.269319045454544,13.670941405325943,6.075613500084728,-14.151444517113825,0.11759019047619036,-0.1954857869496813,-1.1466898773094232,0.07079177924089496,17.274338,106.88209490012378,25,17.707549160000003,34.35635097577496,11.936678200028837,-10.398417123353722,0.09823908333333353,1.4108704548183018,1.1366634132925801,0.1257214788759456,-0.11133399999999938,0.8598196806129439,-18.065287059519804
ZTF19abcejsg,SN II,0.134,168.64137730002403,51,19.181,138.7463773000054,21,19.571396857142858,0.08771174696492506,80.93528939969838,-1.2143273838600588,0.15551650000000022,0.23932730759523152,-1.2964246826096348,1.3999959582021382,18.892147,168.62358790030703,30,19.252670166666668,1.7257980589672093,5.003113400191069,-0.865167198733189,0.08494544827586221,0.5253526996098125,-0.70203613455578,0.03057755097872866,0.2888529999999996,0.822817133875923,-19.614640065351065
ZTF19abcejoa,SN Ia,0.09,63.934618099592626,20,18.637985,44.995219899807125,11,19.407263454545454,22.952192347494382,11.035150500014424,-8.519936193127704,0.32856880000000005,0.29505624244745376,-1.2565455142683044,0.324944874820597,18.77862,63.91249999962747,9,19.560170111111113,9.290796567548094,21.99468749994412,-5.449836601786673,0.3557652500000006,-0.10496016882618901,-0.7899431512093824,0.5247098116131482,-0.14063499999999962,0.7040128284775183,-19.293343620723654
ZTF19abauzma,SN Ia,0.07028,47.95417819963768,25,18.52089,39.9922453998588,11,19.473093454545452,23.713413616947506,14.971122699789703,-13.140497646503931,0.4606268,0.5461702010291802,-1.0110020109100415,0.5983393662726556,18.51501,47.91212960006669,14,19.159095428571426,18.76935943372245,17.988981500267982,-8.953917154964362,0.2599469230769231,1.0785379991361261,0.6254318830943499,0.601172758971473,0.005880000000001218,0.8346998084552505,-18.873384837643314
ZTF19abbvzgr,SN Ia,0.0498,41.87297450006008,38,17.765318,34.053483800031245,13,18.533550769230768,43.945236534427636,9.126678199972957,-28.101264480410364,0.2773972500000002,0.983135563485548,-0.3676307410146342,0.3661391012714287,17.84128,41.87297450006008,25,18.567992760000003,48.69511666424788,11.960023100022227,-18.87963552548581,0.14912016666666675,0.38526211444201114,-1.0512720437854277,0.39982758438229843,-0.07596200000000053,0.813256860937414,-18.880944787325618
ZTF19abcncdg,SN Ia,0.09,29.990127300377935,12,18.559008,15.990775500424206,5,18.875159,7.841563846119353,5.9645487000234425,-19.483736218379995,0.2341007500000014,0.7427380660672901,-0.580385707917416,0.5948946516734521,18.66748,29.990127300377935,7,19.199417999999998,22.41651849115775,9.036678200121969,-8.371687907307713,0.2935928333333327,-0.31178051375472804,-0.8254906906131585,0.43127401874909355,-0.10847200000000257,0.5332013212302267,-19.372320620723656
ZTF19abcneik,SN II,0.035,126.31678240001202,16,18.668524,50.95646989997476,9,19.044155555555555,18.10842327501057,9.003611099906266,-5.151119623615412,0.2357718750000002,1.0044384224467675,0.0001533337423214043,0.21461257605385323,18.714996,126.2451621000655,7,19.137419714285716,12.191336404522932,14.974537099711597,-2.1020944016537597,0.3774808333333339,0.9551086145102922,-0.596636878046187,0.13457763088563554,-0.04647199999999785,0.4036310703105218,-17.211932295278405
ZTF18abdcudb,SN Ia,0.087,36.007557899691164,40,18.574526,36.007557899691164,18,19.071219166666662,18.467792531876686,9.04281249968335,-11.30324653465591,0.16912405882352974,1.2064190211858012,1.0436554593133822,0.33535686562353856,18.621218,35.93968749977648,22,18.994059272727274,14.209611437649173,11.92959489999339,-8.31619613299136,0.0861649047619048,0.2890992133321192,-1.3337586670033903,0.49685751316515797,-0.04669200000000018,1.0018884527005167,-19.28318633662012
ZTF19abctnpk,SN Ia,0.08,57.93145829997957,23,19.071857,27.954050899948925,9,19.555507222222225,7.450869959173964,8.996088000014424,-8.477987971047606,0.20174224999999968,0.764286519460524,-0.7258928415499422,0.4745281994430692,18.832827,57.93145829997957,14,19.42322292857143,14.888628209702782,11.85696760006249,-4.755603946652615,0.19311892307692263,0.4169128355817347,-0.8270867489806495,0.2573434327746965,0.23902999999999963,0.48253663415821146,-18.603709008486746
ZTF19abdqaao,SN Ia,0.055,42.00347220012918,21,18.437132,33.94703700020909,12,19.385926666666666,30.14104676965959,11.988078699912876,-16.314627001404062,0.3784373636363641,0.23583220986039577,-1.468230688542312,0.5459311200454878,18.352999,39.11874999990687,9,19.09062888888889,28.781608120697406,9.122939799912274,-11.192079138808975,0.29746412499999986,-0.040162384540090766,-1.0855126670131792,0.30414046958844665,0.08413299999999779,0.8677945230941662,-18.424797520998247
ZTF19abegizf,SN II,0.037,38.9546759002842,24,18.997936,27.952303200028837,8,19.849420375,9.54019121012327,19.024953700136393,-15.794589919110306,0.34746771428571527,-1.0518513461944232,0.6734709695411873,2.131086466410395,18.602682,38.90837959991768,16,19.256842250000002,13.21450494487685,18.873217599932104,-9.783884011828754,0.2008605333333328,-0.14906887453405146,-1.1286149414880946,0.9420047414613214,0.3952539999999978,0.7184134494279473,-17.003188693862004
ZTF19abctxhf,SN II,0.05,66.01309030037373,53,18.974554,41.99062500009313,26,19.775994346153848,11.539054721338351,16.97849540039897,-8.375142226968372,0.16673039999999986,0.109611307751456,-1.4764645700053354,0.6788104680461345,18.671247,62.03039350034669,27,19.432506407407406,8.003802965170205,15.975069400388747,-5.814320078725825,0.12701073076923072,0.5109033666273232,-0.542865301715362,0.346866941283849,0.3033070000000002,0.6769362989750894,-17.68041209520712
ZTF19abcfzdy,SN Ia,0.08751,38.951330999843776,15,18.858496,25.013553199823946,7,19.19322857142857,21.04999733070071,6.9679049998521805,-9.001669344469061,0.281778833333334,0.595575641945223,-1.3277677778762011,0.3861266119475322,18.824486,34.8489815001376,8,19.206076625,8.965057644240325,8.882824100088328,-6.9766783554506775,0.19621900000000028,0.7735079750239027,-0.6964569693670262,0.3420923613469074,0.03400999999999854,0.7177699927822907,-19.011908492733998
ZTF19abcnpkt,SN Ia,0.085,24.9574883999303,10,19.015162,17.978912099730223,5,19.237874799999997,11.261995419395992,9.094502300024033,-8.42946425226557,0.24254725000000033,0.5340818331505088,-1.3779629722385187,1.0236473221130333,18.972668,21.862627299968153,5,19.2275854,8.80620536978041,5.961064800154418,-8.109706382489554,0.2503402500000007,0.9145038505355142,-0.4980204624769482,0.3748728969385394,0.042494000000001364,0.822358257909671,-18.792048702098494
ZTF19abdkcib,SN Ia,0.107,40.02104160003364,14,18.78925,28.99748839996755,7,19.218880857142857,16.0303421180924,10.02009249990806,-10.517687493910552,0.3276088333333333,0.5978105160928578,-1.0628431672652832,0.5280014472310528,18.954498,22.9801620002836,7,19.50480357142857,0.0,0.0,-6.103927598871424,0.16106699999999977,-0.5242554014021183,-0.9895765004557444,0.0,-0.16524800000000184,1.261848737167723,-19.51778496195308
ZTF19abdkdir,SN Ia-91T,0.1,35.98188660014421,16,18.987194,28.996608800254762,7,19.444304000000002,16.193528771016606,6.034965300001204,-6.965099274444975,0.26735966666666694,0.43182344033422126,-1.0899044727277123,0.26282810722736644,18.979185,29.97609949996695,9,19.332151222222222,1.6616522756537258,9.992361099924892,-7.166246775875698,0.12030337499999977,0.21888891868476948,-1.4743405341990856,0.5000246150091647,0.008008999999997712,0.9673242778062814,-19.17292207352703
ZTF19abdkgwo,SN II,0.098,212.70908570010215,202,18.050789,212.66423610039055,88,19.170794136363636,16.077929512509805,21.02787040034309,-2.835268011436207,0.09508545977011472,-0.20856439282980185,-1.3108311722024881,0.10972797529074557,17.973349,212.6826621000655,114,18.973550833333334,14.360150812342926,29.956551000010222,-2.9008819729952235,0.08616147787610624,-0.36534332523631774,-1.1310076844941837,0.1639423660891405,0.07744000000000284,0.9999133638845169,-20.065457451989502
ZTF19abdkgns,SN Ia,0.0862,60.039097199682146,34,18.372816,39.02315969998017,14,19.08695992857143,19.77491202306786,15.044097200036049,-15.822111739105711,0.24840830769230765,0.6970418268825394,-0.7620555719372808,0.6273847111441954,18.520025,60.009965299628675,20,19.18719865,16.257059913847144,14.951064799912274,-6.671185370813714,0.15867631578947364,0.31053539266114555,-1.0050799997547823,0.33181157627240315,-0.14720900000000015,0.6502779914158963,-19.46483640265059
ZTF19abddsvk,SN II,0.058,25.008414399810135,10,18.675549,25.008414399810135,5,18.8345766,0.4484622622468661,5.985729199834168,-8.674635570614152,0.20777450000000108,1.4805244552610228,0.22252813042031416,0.31466268494217264,18.580564,13.060127299744636,5,18.831109199999997,16.777823692251495,6.022372699808329,-16.59798197054545,0.1897720000000005,-0.5924345162261386,-1.251688503377094,0.855723599663852,0.09498500000000121,1.9148675832814528,-18.30170704134171
ZTF19abdyawn,SN Ia,0.041,69.73792829969898,30,18.059074,36.119756900239736,11,18.680037727272726,32.20888884105386,13.116157399956137,-20.476651874205725,0.3018417000000003,0.6707563733654851,-0.9817444348958957,0.5701784801024046,17.76237,69.73792829969898,19,18.798333526315787,32.4869566417499,20.94373849965632,-13.498215868887101,0.23513827777777763,0.0969866985905884,-1.3443707653841308,0.42922607354447784,0.2967039999999983,0.517935616685012,-18.16496135712571
ZTF19abdzehg,SN Ia,0.024,125.72415510006249,43,16.266632,125.72415510006249,20,18.422101450000003,180.38562668175373,17.01391200022772,-27.663973749883525,0.4431557368421052,-0.2175177297011032,-1.3930213931129007,0.1565069814497874,16.2912,104.75348379975185,23,17.726349521739127,161.64708250434214,13.947997699957341,-32.03197798834997,0.2200483636363636,0.3562414814313542,-1.3115827576296177,0.153603028837141,-0.02456799999999859,1.2001906813944103,-18.79454028208506
ZTF19abcttsc,SN Ia,0.025,85.86800919985399,32,17.493181,35.036203699652106,12,18.802646499999998,45.89191826253126,3.025682899635285,-28.06501686930088,0.25002363636363645,-0.16156028846787246,-1.5979417834856557,0.09452151430268811,17.087786,85.86800919985399,20,18.72862335,87.2125032793236,14.974976799916476,-19.621842426071517,0.3009966315789471,-0.03348425219884445,-1.4426712321209079,0.2112334074727727,0.4053949999999986,0.408023943097445,-17.656635116887216
ZTF19abdoior,SN Ic,0.047,39.98004629975185,14,18.939074,30.97952549997717,7,19.469292142857146,18.518095886430817,8.992233799770474,-9.6039125161494,0.46491216666666624,1.0173843175142168,-0.3795969152620122,0.4089741438999484,18.457802,31.025879600085318,7,18.944175857142856,8.811370845307744,3.0184375001117587,-11.087307760629045,0.2630761666666661,0.9233451012533397,-0.5770194680001759,0.10777269446232679,0.4812720000000006,0.9985059537165218,-17.581531363205617
ZTF19abdviwl,SN IIn,0.03,105.77738430025056,38,18.274284,92.80116899963468,19,18.882110684210527,14.145904430902823,19.919687499757856,-4.621656477673085,0.128489611111111,0.22743662007606694,-1.0793090032101393,0.2733161715406611,18.309029,105.77738430025056,19,18.799516894736843,9.921113787285757,28.856458300258964,-4.145007736146484,0.12619883333333348,0.410942786628497,-1.152214511889544,0.3751444476924539,-0.03474499999999736,0.8773252393556763,-17.27143834712534
ZTF19abdoznh,SN Ia,0.037,77.87734960019588,29,17.162014,54.8545949999243,11,18.58242027272727,76.03466492553177,11.900127399712801,-29.436803027702453,0.40100669999999994,0.02776274434227917,-1.134986272534427,0.27704050508716366,17.17919,77.87734960019588,18,18.21695661111111,78.42451175472739,14.842546300031245,-19.222780648792746,0.2973554117647061,0.4195192735022501,-1.166866966767819,0.2354658938071514,-0.017175999999999192,0.7043716212934181,-18.839110693862004
ZTF19abkfqqp,SN II,0.03,167.7311459002085,49,16.668798,95.85170140024275,21,18.34047766666667,56.58237596912485,7.016307900194079,-22.144470753108482,0.2043117000000004,-0.33457383787783535,-1.682197915864127,0.07898099646724968,16.398226,167.70894680032507,28,18.218678750000002,33.84662648024789,10.993703700136393,-16.878253388419648,0.18367340740740734,-0.5087547076372236,-0.4070003219516378,0.0701508256801036,0.2705719999999978,0.5715360046614816,-18.876924347125343
ZTF19abfibel,SN Ia,0.04529,86.86923620011657,42,17.760326,79.90179400006309,18,19.413234833333334,60.739722660619314,12.026516200043261,-10.848545318479948,0.3707389411764709,-0.031032003034775216,-1.5779959050348347,0.17718551716984277,17.693478,86.8472569999285,24,18.856565458333336,49.69578018206757,14.961574099957943,-10.610401411620066,0.22031360869565228,0.277979735601249,-1.089273076380915,0.2081300962359512,0.06684800000000024,0.9200266854729663,-18.679801676941814
ZTF19abeloei,SN Ia,0.06,73.86023150011897,72,17.81731,56.02922450006008,31,18.983787032258068,51.44962729185913,11.983009200077504,-15.517156988371958,0.18559350000000036,0.274269958285488,-1.3068545657183057,0.27205536544889575,17.97382,70.9397686002776,41,18.81284612195122,39.88404642275523,9.03434030013159,-8.982869217913171,0.10030080000000022,0.36406839652240996,-0.6218443506048756,0.1459377723118068,-0.15651000000000082,0.7898140296420536,-19.23356232544525
ZTF19abecaca,SN IIn,0.03241,383.88633099989966,166,16.633144,380.019722300116,80,18.683044137499998,83.19496132210936,18.045648199971765,-5.962647233478813,0.09902251898734164,-0.3271972943966174,-0.5214108139337932,0.04985342733407817,16.441092,383.88633099989966,86,18.061354546511634,90.49472777254846,27.86910879984498,-6.883668507520691,0.08522744705882367,-0.3159108004998092,-0.603354188433495,0.07828022652281875,0.19205200000000033,0.9899277249864239,-19.080367228688075
ZTF19abcvrpm,SN Ia,0.1,33.91694450005889,52,18.736172,24.90045140031725,24,19.2021275,9.993261527420026,8.874687500298023,-12.694769040087275,0.0933509130434789,0.6469294985578011,-0.9219841967676157,0.5537762540160333,18.839453,30.863090300001204,27,19.299152148148153,13.446453974063735,11.936122699640691,-8.464927300156974,0.11289042307692312,0.16433793561222906,-1.2111369602629365,0.6306410488816675,-0.10328099999999907,0.806803568867382,-19.42394407352703
ZTF19abdrwsz,SN Ia,0.02617,108.73878470016643,37,16.402655,108.73878470016643,22,18.594796272727272,178.8242067551437,15.015081000048667,-28.245383462352816,0.3837954761904762,-0.4539881897264972,-1.248951473257418,0.1602058007448312,16.761595,82.83329859981313,15,18.061198733333335,278.42396622878823,2.8326735999435186,-23.079177162636796,0.2518946428571431,0.23254052542350176,-1.30857552902264,0.03540814337323159,-0.3589400000000005,1.312742418064367,-18.846479686726436
ZTF19abetjcx,SN Ia,0.058,25.988576400093734,11,18.4958,20.032870300114155,3,18.970244000000005,6.234731880169639,10.004884200170636,-27.123357205941133,0.711666000000001,0.6471721405980242,-1.5000000000000058,0.9976962573000562,18.362759,25.965486200060695,8,18.795576375,17.345191072300068,5.983229199890047,-13.005089671069753,0.17329657142857155,0.22614144093068156,-0.8326022064176866,0.29942709674082113,0.13304099999999863,0.7715191676274996,-18.481456041341712
ZTF19abexfad,SN Ia,0.046,47.98969900002703,16,18.661665,29.99586800020188,6,19.1985725,16.178667129437592,15.978587900288403,-12.610111697355151,0.4614466000000007,0.6830160212444748,-0.7896203949944658,1.1399207111789849,18.393713,42.094398099929094,10,18.9335417,11.990180246785467,10.125219900161028,-8.392866957398947,0.1529873333333328,-0.14819380134527468,-1.5516118831518344,0.3167181788937723,0.2679519999999975,0.7125857442834516,-17.8122402319349
ZTF19abeytzv,SN Ia,0.07,60.952222200110555,22,18.283623,52.9450463000685,7,19.40230357142857,21.210367438742768,18.028333300258964,-12.386113838452683,0.6793211666666673,-0.08249623068608633,-1.714228106698519,0.5163238962486906,18.146383,60.91607639985159,15,18.8242572,21.442537435095907,20.91723380004987,-10.858343118514828,0.2566622857142856,0.7160251267046619,-0.7039529400714009,0.5229459764456675,0.13723999999999847,0.8691473487645289,-19.101983273598314
ZTF19abfaqqo,SN Ia,0.1,31.978865700308233,11,18.650103,19.044027800206095,6,18.907304166666666,27.570955163980123,6.103136599995196,-5.75260675306716,0.1967271999999994,0.7940443624342021,-0.6941098297456354,0.4716164061325029,18.803408,28.953078700229526,5,19.04238,15.3538657369293,6.038981500081718,-5.283747946880196,0.23957024999999987,0.2974752903415507,-1.4542512455518097,0.2635487423891509,-0.15330499999999958,0.6577548452577903,-19.510013073527027
ZTF19abfdszw,SN Ia,0.04169,41.85787030030042,15,17.788973,41.85787030030042,8,18.62114825,54.94410082165903,11.89305549999699,-22.3749894321112,0.6195070000000003,0.8024509719156893,-0.9328977461349033,0.39690068432782566,17.656866,36.02711799973622,7,18.199715714285713,35.68852588621985,12.964652800001204,-26.97008157584472,0.3679075,0.5018934183686965,-1.0987946991968325,0.5621538152022952,0.13210699999999775,1.161843428625262,-18.471302549158516
ZTF19abfhszx,SN Ia,0.06,44.88098380016163,14,17.939234,27.85097219981253,6,18.397854666666664,28.760376414841247,18.87567130010575,-25.837781285681046,0.4574538000000004,1.5476534215043556,0.7547650282562839,2.1030683551481166,17.917658,44.88098380016163,8,18.569411874999997,31.53671594128609,18.911412000190467,-15.253070326553733,0.4593047142857145,1.2211926244690194,0.4880664062098994,0.7282142403368956,0.021575999999999596,0.6205517313038987,-19.11163832544525
ZTF19abgbkwv,SN Ia,0.09,21.975185099989176,13,18.689087,9.00030090007931,6,18.84744533333333,16.4606068402435,7.004803200252354,-0.22107990558037496,0.09207579999999993,0.752796324745515,-0.9850746822429923,3.5103038208762616,18.703331,18.868969900067896,7,18.843375571428574,10.281068128943103,6.909259300213307,-8.969416272641503,0.1489726666666679,1.0418657442425718,-0.27107549637273376,0.5777112449775593,-0.014243999999997925,0.4769895202412149,-19.242241620723654
ZTF19abggnnp,SN Ia,0.079,28.86554400017485,15,18.873209,21.876863399986178,8,19.221728375,15.20547013917045,12.884722200222313,-11.663525228264449,0.25570771428571454,1.5120205037422116,1.2886696524728816,1.4328869969880667,18.969536,25.988101900089532,7,19.26552614285714,19.60451155661331,5.98166669998318,-4.713774586865616,0.191673166666666,0.2683419219359054,-1.2370688246285633,0.2989871328976879,-0.09632700000000227,0.8418030483369318,-18.775042529979235
ZTF19abfsxpw,SN Ic-BL,0.0292,48.892060100100935,18,17.968163,48.892060100100935,11,19.335375454545453,43.53961657284384,9.893645799718797,-14.789932212683963,0.36330190000000007,-0.2840769723442503,-1.2355482578190653,0.2536935405504898,17.723976,34.025115800090134,7,18.202268714285715,18.265566350238398,15.968703699763864,-30.08230474242377,0.2796574999999996,0.5877062759571495,-1.191007451163185,0.8843785582117567,0.24418700000000015,1.4369402998467213,-17.518867330769115
ZTF19abfvhlx,SN Ia,0.05638,44.954328699968755,17,17.846046,44.954328699968755,10,18.8655234,45.436902298935095,11.036921299993992,-18.52705353360413,0.43280644444444427,0.4918848901840165,-0.9376461655324362,0.32540580622333193,17.96369,38.85107639990747,7,18.478050714285715,19.21262073765881,11.919062499888241,-16.86511329428549,0.29381933333333343,0.5677823819029589,-0.6252386215223953,0.4425611298188039,-0.11764399999999853,1.157093518780237,-19.06969543120494
ZTF19abfdsbu,SN Ia,0.092,20.914236099924892,11,18.85065,20.914236099924892,7,19.124921999999998,14.713852552202258,8.873807900119573,-8.82547253561076,0.19239833333333264,0.5343318454741579,-1.0623405364363812,0.7370010229588888,18.91991,17.968310199677944,4,19.143267,13.39299545263656,6.024999999906868,-6.772754489592125,0.2568919999999994,-0.19406988620018265,-1.745529469901286,0.504466508792709,-0.06925999999999988,1.1639511933793167,-19.128405210254805
ZTF19abfiqjg,SN Ic,0.0888,38.94412040011957,18,19.06959,27.009213000070304,8,19.5037265,11.556079346245204,12.006516200024635,-8.745014765681443,0.264131428571428,0.22100976283454488,-1.3393870933795222,0.800290531765468,18.929087,32.91189819993451,10,19.253736099999998,11.43297600972106,8.956319500226527,-5.167573583791326,0.13274266666666693,0.14837839919920467,-1.6131795243324292,0.37387197414419815,0.1405030000000025,0.8206519367553236,-18.832590902420034
ZTF19abfwtkw,SN Ia,0.11,46.07282410003245,62,18.789774,28.882418900262564,25,19.185759040000004,19.24666356478651,8.019791600294411,-8.955712431313698,0.08787062500000002,0.7631734027434429,-0.4368415444607834,0.38440947465454905,18.902708,46.07282410003245,37,19.381962135135137,10.98101372824943,13.988877300173044,-5.2360803296713785,0.07388430555555568,0.2970979479135353,-1.3049294985346194,0.43600861787472933,-0.1129339999999992,0.6268862277153577,-19.57730549931815
ZTF19abgfrbl,SN Ia,0.092,41.926493000239134,31,18.54811,35.01258100010455,18,19.125305,23.66423682057239,14.009166600182652,-12.42846533356096,0.21435605882352896,1.3536003689230622,1.5524647658507256,0.6669947244498851,18.651804,41.90138889988884,13,19.180146999999998,17.133605073078886,16.942037099972367,-8.477584191769468,0.2504876666666667,1.491996720997229,1.6835348368293532,0.6787851397658917,-0.10369399999999729,0.8355947599674298,-19.430945210254805
ZTF19abgcbey,SN Ia,0.075,48.89177080010995,23,18.476425,44.89444450009614,11,19.64555409090909,21.90021227131153,13.02865740004927,-11.147035873094447,0.37735699999999994,0.07933939230669046,-1.1174433911378627,0.40886036673577425,18.297096,48.89177080010995,12,18.8449,21.026027233211256,15.957604200113565,-11.21028180974081,0.2633194545454545,0.8815239812925288,-0.3117468988417986,0.48453037825208894,0.17932899999999918,0.9182413270250211,-19.05899739048553
ZTF19abgjlef,SN Ia,0.058,54.926539400126785,23,18.5852,19.05806710012257,7,19.10075457142857,22.731056617890832,4.021967600099742,-16.65419114484674,0.25806150000000017,0.5484437098079126,-0.9967170039487439,0.2674874291762725,18.49136,54.926539400126785,16,19.34304225,23.26888465796015,12.93104170029983,-8.007248927688005,0.2425067333333331,0.38932246206451493,-1.016709954006667,0.30791495299633304,0.09384000000000015,0.34697374544733434,-18.39205604134171
ZTF19abgfuhh,SN IIb,0.0354,71.9080671002157,20,18.924044,71.9080671002157,9,19.726952555555556,20.746060877966944,5.967534699942917,-2.927732333270726,0.370476,-0.39597672062603323,-1.0718953154435713,0.09049873397622477,18.488274,54.91774299973622,11,19.45325736363636,27.143748139420065,9.950798599980772,-7.109041915990943,0.29247949999999995,-0.3858151562798098,-1.4041769948879552,0.22129141156486695,0.435769999999998,1.309377683284637,-16.98108838365597
ZTF19abglmpf,SN Ia,0.041,66.82395839970559,61,16.979551,66.82395839970559,30,17.92079046666667,96.76746482360507,13.984918999951333,-28.131756953305704,0.17973220689655156,0.9358389484831973,-0.5312361804623853,0.26467019761938315,16.957298,48.86081020021811,31,17.44251483870968,97.03055347586593,11.029641200322658,-32.35018174741771,0.10586123333333314,0.5381021470867977,-0.2240325961538474,0.2915490451895139,0.02225299999999919,1.3676391800684322,-19.244484357125707
ZTF19abfloxk,SN II,0.016,58.93314820015803,22,18.227694,41.83260409999639,8,18.9079295,64.40594283690125,5.8682407001033425,-10.338328226430736,0.4094512857142857,0.2694110213506443,-1.5961788849012535,0.16316820722929282,18.021963,58.93314820015803,14,18.489554642857144,79.07494379454384,5.976365800015628,-5.546942730989949,0.17452561538461545,1.4959828509578244,2.569484225733513,0.11285364270922091,0.2057310000000001,0.709831484955087,-15.953021986806654
ZTF19abgmkef,SN II,0.06,59.94096060004085,35,18.666298,51.013171299826354,17,19.396666058823534,24.647798308933186,3.0312037002295256,-5.5730595367544735,0.1398137499999994,0.5575109085757698,-1.1748318827051423,0.06317380990968356,18.695866,59.928669000044465,18,19.162079666666667,22.65769643390861,5.97596069984138,-3.015561345145195,0.09770547058823537,-0.03855954967072218,-1.2973195155085877,0.11076294199338434,-0.029567999999997596,0.8512315082417149,-18.384574325445247
ZTF19abgncfz,SN II,0.073,45.961180499754846,31,18.701672,43.00186339998618,15,19.1827972,7.908383671420616,4.079606399871409,-6.180203477636518,0.13819385714285712,0.8190428285526176,-0.6064926841565312,0.10481423006531661,18.726849,45.88337960001081,16,19.0214719375,26.802556807298235,3.973796300124377,-3.5666503665869405,0.07879173333333303,0.4791852802402095,-0.9054567767959192,0.09481832047075364,-0.02517700000000289,0.9371991290714785,-18.775058374129305
ZTF19abgndlf,SN IIn,0.03,52.07398150023073,82,17.593704,50.09942129999399,41,18.664710414634147,74.99146165916302,8.130474499892443,-19.22094917766543,0.12405112500000026,0.2905206776070942,-0.6264441143642139,0.19372595978207321,17.90617,52.01554400008172,41,18.60841682926829,30.30342105805352,15.0189119996503,-14.981271417257604,0.10202310000000007,0.41300132893075386,-0.7099287037595632,0.40595349326595903,-0.3124660000000006,0.9631624981162417,-17.952018347125343
ZTF19abgprpq,SN Ia,0.05,56.941516200080514,18,18.475367,56.941516200080514,6,19.2343865,83.64289088218352,3.02274309983477,-5.978980299505838,0.551153200000001,0.20122001343388973,-1.176571864559196,0.05606105120780267,17.78174,50.95050919987261,12,18.579609333333334,48.36300287612433,12.91261569969356,-16.56788243413976,0.33124818181818194,0.30480114649605966,-1.1048255723850073,0.33946716054696296,0.6936269999999993,1.117584830736547,-18.179599095207124
ZTF19abgpgyp,SN II,0.07,588.3297917000018,159,17.722666,453.918669000268,67,19.848100477611947,47.610743806272104,13.03278940031305,-1.744018188545534,0.11609433333333329,-1.2243262076691213,0.19610622002148892,0.029560459981477667,17.727257,588.2566318996251,92,19.54175946739131,65.1743757334885,9.931226799730211,-1.2813608830208276,0.11774437362637374,-1.2680973894704688,0.9402387249290745,0.017172385498117237,-0.004591000000001344,0.7716337468809373,-19.662940273598313
ZTF19abgnuri,SN Ia,0.07,48.00765040004626,62,18.47298,44.03252310026437,26,19.26178330769231,26.82120411501298,11.941493000369519,-11.056523974396153,0.16257279999999993,0.5454132647129859,-0.6901164403765647,0.37211310958848426,18.39574,46.01457169977948,36,19.03902577777778,22.637723458505402,12.958124999888241,-9.807336485639699,0.10486820000000024,0.37771976312422356,-0.6634212572292726,0.39199993627660157,0.07723999999999975,0.9569256318966323,-18.912626273598313
ZTF18aarwxum,SN Ia,0.09,48.048587900120765,124,18.774448,45.092060199938715,50,19.507614779999997,14.133787932130083,15.107696800027043,-8.446656547070283,0.1034844897959186,0.8276795198494011,-0.6283484625151012,0.5038525113416797,18.821056,48.048587900120765,74,19.366390472972974,12.030881189242319,18.062592499889433,-6.879024536434044,0.09217971232876727,0.3094449718138729,-1.0382708633547955,0.6023676139078606,-0.046607999999999095,0.9384679585937504,-19.156880620723655
ZTF19abgqvyr,SN Ia,0.1,48.96148149995133,19,18.867607,38.01431720005348,8,19.275841125,13.639373353759918,6.076539400033653,-7.537627132772271,0.3678294285714294,1.986216277112351,2.3918435710942907,0.19026180963754716,18.976461,48.96148149995133,11,19.54342727272727,10.897691788010484,12.02373840007931,-4.697466194988143,0.21565269999999934,-0.12137181487674847,-1.287081167839388,0.3255136180781161,-0.1088540000000009,0.776412723542511,-19.29250907352703
ZTF19abhdlxp,SN Ia,0.05,51.94534720014781,21,18.498423,42.002939799800515,8,19.349322625,14.27295362179892,9.021678199991584,-10.544660084670006,0.3797238571428575,0.7964380170403129,-0.9073996311996537,0.27353951190405185,18.286184,51.94534720014781,13,19.06505569230769,19.48976143689941,15.007152799982578,-9.977172628010457,0.21573366666666693,-0.05039320110942306,-0.7191351558600538,0.4062773788400293,0.2122390000000003,0.8085986919667947,-18.156543095207123
ZTF19abhiayh,SN Ia,0.09,36.89119210001081,15,18.822691,24.950323999859393,6,19.23144483333333,10.808131611032945,9.959571700077504,-13.589181682001566,0.3517420000000001,0.9890784410432429,-0.2764600506506034,0.6643810464550477,18.868696,32.95606480026618,9,19.188143555555556,6.035767316811485,8.96692130016163,-7.298679372483502,0.15923124999999994,1.1880414980779779,0.24604426431338444,0.3737908066672973,-0.04600500000000096,0.7570783754393479,-19.108637620723655
ZTF19abgrcxs,SN Ia,0.0825,47.99936340004206,41,19.010609,24.003576300106943,15,19.369071199999997,13.36603695681428,8.00222219992429,-8.88954749018145,0.11395057142857164,0.48534149511932845,-1.194871958358993,0.5000965636922532,18.806711,47.99936340004206,26,19.44486780769231,12.495106507957132,12.075786999892443,-6.624896995991445,0.12292767999999982,0.6761072253911271,-0.1974201282513337,0.3361521376764188,0.2038979999999988,0.5000811385778902,-18.731776816276653
ZTF19abhjhes,SN Ia,0.08,50.91715279966593,25,18.601322,27.0101272999309,12,19.008619083333336,20.65284307775564,11.986030099913478,-15.4787576117746,0.22769018181818204,0.9583527144547614,-0.5019294602937774,0.797787044395558,18.588436,47.960104200057685,13,19.1691296923077,24.45660083962055,8.965752300340682,-7.5263200143756706,0.22874574999999955,0.8652079700298744,0.3530716102933664,0.22992438298239162,0.012885999999998177,0.5631790787455881,-19.074244008486748
ZTF19abguzsx,SN Ia,0.09083,30.963576399721205,10,18.734638,30.963576399721205,6,19.20343616666667,13.982887245298956,9.02228009980172,-9.718998756731773,0.3459229999999998,0.6668779043727655,-0.5748404425990321,0.4112008687396846,18.72401,15.990219899918884,4,18.88256675,17.913594833544856,3.0014119995757937,-7.2073844207323,0.18915566666666686,0.42505827845316346,-1.2975709201040322,0.23107678723129885,0.010628000000000526,1.9364071659751396,-19.216624644468933
ZTF19abgqwed,SN Ia,0.0786,25.976435199845582,12,18.989216,15.997685099951923,5,19.492326399999996,0.0,0.0,-10.808160205956446,0.3105960000000003,0.4596128125381394,-1.450697137297617,0.0,18.833155,25.976435199845582,7,19.08881842857143,9.293957918384242,6.981990700121969,-8.202585347604323,0.18500933333333336,1.2389873089864407,0.31790712419306866,0.3675806734028765,0.15606099999999756,0.6158537527138066,-18.648012803724065
ZTF19abgppki,SN Ia,0.0617,39.97481490019709,13,18.522968,29.950092599727213,5,18.990993800000002,22.735670535257885,7.022233800031245,-13.322357206339504,0.5585867500000008,1.1431073700511154,-0.3322596449201405,0.3062751677502638,18.429806,39.97481490019709,8,18.8618015,21.587632088265032,10.023275500163436,-9.339443021998948,0.30598800000000076,0.8069143495627663,-0.40018263819980504,0.3346497609452479,0.09316199999999952,0.7492240470531747,-18.588573893693237
ZTF19abgsyrp,SN Ia,0.035,62.91472220001742,20,18.04026,41.95854170015082,7,18.79342114285714,17.504035140642056,22.979328699875623,-23.83981271466347,0.4427601666666667,-0.1477373084051743,-1.6408324883569552,1.2107629910440663,17.593552,58.847476799972355,13,18.243789923076925,39.334361177443,8.825023099780083,-14.972701758347254,0.21258175,0.8834471302880361,-0.10087005331107601,0.1764212358048754,0.446708000000001,0.7130049405987535,-17.840196295278407
ZTF19abgrmfu,SN II,0.035,79.92637740029022,27,17.529177,76.94954870035872,14,19.291452928571427,66.74806084479877,13.03278940031305,-14.076671127981248,0.4133844615384618,-0.9499221897353818,0.4444986479754163,0.20390253734756758,17.586529,76.94342599995434,13,18.34812453846154,65.9967749548284,10.03076389990747,-11.226506345055427,0.27760625000000044,0.21777969908206996,-1.2368837166684246,0.14990830711397513,-0.05735199999999807,1.0000795740548956,-18.351279295278406
ZTF19abhduuo,SN II,0.01805,53.91938650002703,21,19.2009,50.98218750022352,9,19.77317988888889,0.0,0.0,-2.9470128689362336,0.17262500000000003,0.6163171092575681,-0.7195938653607641,0.0,18.340456,53.89545139996335,12,18.695381,1.0583360539170679,8.023449100088328,-6.099673697098703,0.10492745454545468,0.9302738834333145,-0.4118736887686092,0.17490950248121584,0.8604440000000011,0.9459460154045243,-15.24160210473541
ZTF19abirbpd,SN Ia,0.07,44.93923609983176,20,18.90059,27.957407400012016,8,19.41836675,16.340463568549744,9.001863399986178,-10.169967202047577,0.30545699999999953,0.44037676486238525,-0.6177100164543736,0.4748934348691817,18.722235,41.92313659982756,12,19.244867666666664,11.794455042777034,12.93842599960044,-8.046150853647783,0.18798509090909088,0.5485902934263022,-0.7724054319412734,0.4463879656434816,0.17835499999999982,0.6668729887001588,-18.485016273598312
ZTF19abhxllw,SN Ia,0.041,36.95341440010816,16,17.648306,36.95341440010816,9,18.678678888888886,49.23402891630114,6.9392129997722805,-26.795195644974672,0.4135808749999996,0.6737155527343526,-1.100915111220315,0.23119765564359232,17.539791,26.015057899989188,7,18.000449857142854,25.687018549893818,3.020034700166434,-28.462218903735096,0.22075933333333295,0.5115641521149281,-1.0508196508531162,0.13133427498301947,0.10851500000000058,1.4204625083737952,-18.575729357125706
ZTF19abhzdjp,SN Ia,0.1,37.05612269975245,27,18.889652,29.08409719960764,10,19.3498499,18.06254859970708,8.993067099712789,-8.604533297759705,0.22313199999999966,0.3803197914691276,-1.3047327146880339,0.4476160283966652,18.918243,34.08319449983537,17,19.377625117647064,9.819953993131765,9.00259259995073,-5.956552292315378,0.13875575000000007,-0.11484419401048654,-1.1015282646227298,0.35894643341841564,-0.0285909999999987,0.853326621122563,-19.270464073527027
ZTF19abhphah,SN Ia,0.09,41.952037000097334,115,18.957542,36.000370300374925,53,19.595176528301888,12.870069259733915,11.010833300184458,-8.15180038664862,0.13148030769230734,0.7494176177174581,-0.7639517936772551,0.44061773934029014,18.889694,41.89243059977889,62,19.37542791935485,15.513627997637553,9.918194499798119,-5.279742708972888,0.10849670491803273,0.3844734782600904,-0.9528760002615284,0.31019332154753443,0.06784800000000146,0.8593526273112675,-18.973786620723654
ZTF19abiahik,SN Ia,0.033,28.991782399825752,22,18.585005,16.05805560015142,10,19.0090883,34.8058550435783,5.998958399984986,-21.187958983808695,0.2470894444444447,0.6695957262367693,-1.142553153021569,0.5963714516930734,18.20386,28.93276620004326,12,18.72366025,37.14519520207126,9.00538200000301,-19.55155061314263,0.24234918181818185,0.6175337760320149,-1.0735950304828443,0.4519098899084216,0.38114500000000007,0.5550128006815819,-17.167680772916466
ZTF19abhzelh,SN Ia,0.05352,62.932742999866605,39,17.671328,34.083587899804115,14,18.49823328571429,59.79941773378617,12.053402799647301,-30.10303490579619,0.28031461538461555,0.39027977771042416,-0.7026685486894269,0.5471312539975665,17.741037,42.08313659997657,24,18.32602204166667,36.84437759255269,13.007893499918282,-19.383328827912724,0.1091027391304348,0.05359002972536569,-0.36242685529286245,0.44738726534988815,-0.06970899999999958,0.809910825416542,-19.131368597325864
ZTF19abhztqq,SN Ia,0.1,38.95715280016884,56,18.924753,33.958946800325066,24,19.26749116666667,9.117805911171423,11.974768500309438,-8.63398900880575,0.09650482608695592,1.2631050450900065,0.5057446376381867,0.544699389574225,18.996847,38.107685199938715,32,19.3673745,10.849022781197148,8.119305599946529,-4.2646690728034065,0.07969058064516184,0.31939231178770805,-1.3826942479888813,0.2707483934860103,-0.07209399999999988,0.89113118842442,-19.23536307352703
ZTF19abhibzk,SN Ia-91bg,0.0596,36.00158559996635,19,18.826927,21.02895830012858,8,19.26944225,17.96330458249782,6.000080999918282,-12.564358809236472,0.22952985714285695,0.5508845851304212,-0.9555210778791281,0.39923680791740335,18.754984,36.00158559996635,11,19.210513,13.248313533474816,9.00414349976927,-7.836939006382405,0.1727999999999998,0.4796781953228756,-0.8064591390887164,0.3335183928296504,0.07194300000000098,0.5841120036709782,-18.209420372228205
ZTF19abidfsb,SN Ia,0.083,46.95327549986541,14,18.989004,23.018506899941713,5,19.2425712,7.7010514506903585,12.916134199593216,-9.295592833117949,0.26050849999999937,0.30809223422383303,-1.739199993733599,1.2785248161699334,18.89004,46.95327549986541,9,19.366118555555556,9.592183891208844,19.08503479976207,-6.374243181686295,0.3154352499999997,0.6291745022143655,-0.8013879493644227,0.684830987543871,0.09896400000000227,0.490242835135276,-18.766502535407398
ZTF19abidbya,TDE,0.117,43.962916700169444,20,18.85895,43.94046299997717,10,19.2972674,11.169170398410571,5.986666699871421,-5.18965829978794,0.18409355555555568,0.9158478249081117,-0.6855256659590436,0.15773564922291425,19.082626,35.96064820000902,10,19.4309597,9.764668597775449,5.979212999809533,-3.466149272326184,0.1436128888888888,-0.14104998233253702,-1.6810532663222566,0.19943051291186187,-0.2236760000000011,1.221904086811376,-19.642095382257843
ZTF19abiahko,SN IIP,0.023,62.81284729996696,18,19.116062,37.932210699655116,7,19.744142857142858,0.0,0.0,-3.5800121054568073,0.19605633333333294,-0.3648450521906,-1.7150496396856205,0.0,18.710611,62.7709143999964,11,18.995506636363636,4.018057048858625,10.044201399665326,-2.6634261617476755,0.10437629999999949,0.597095678059941,-0.8086405666905061,0.19049549702827592,0.40545099999999934,0.6042959715058299,-15.852693253614994
ZTF19abfvnns,SLSN-I,0.14,133.7851041997783,98,18.088034,122.76098380004987,46,19.292363739130433,14.186326547397915,37.04343750001863,-5.431365069324002,0.1385724666666665,-0.4726495303835217,-0.7046095311668483,0.432156998175823,18.26015,127.74767359998077,52,19.123733442307692,13.634311735543507,27.93831010023132,-3.8606645919328795,0.1127589215686271,-0.5389339549794231,-0.596205548450814,0.27991672444941956,-0.17211599999999905,0.9609645353265232,-20.80272225191822
ZTF19abidfxd,SN Ia,0.054,65.87586809974164,20,17.720558,36.885347300209105,9,18.32647411111111,29.24694182818294,5.989826400298625,-23.55623251912915,0.3344851249999996,1.4553800399219472,0.8294109227494451,0.19387361746394705,17.782452,65.87586809974164,11,18.670129545454547,45.03697266470945,15.916527799796313,-13.124509425163458,0.49483,1.0362973763279,-0.014341420231009927,0.3185896311728066,-0.06189399999999878,0.5599219921377213,-19.101526872641873
ZTF19abguqsi,SN II,0.05211,74.79901620000601,19,18.755,45.824895799625665,6,19.235311,17.62566458349244,7.979629599954933,-5.854620254658194,0.3928450000000005,1.0255681752432402,-0.06708182296702114,0.2108488168072222,18.797363,66.87410880019888,13,19.42677307692308,0.0,0.0,-3.578243039080034,0.21410533333333368,0.6776595918634724,-0.010553085098806925,0.0,-0.042363000000001705,0.6852412184891709,-17.98972143936083
ZTF19abgrchq,SN II,0.03,77.91688660020009,15,19.112326,6.018171299714595,3,19.447061,0.0,0.0,-16.734233925286933,0.31927400000000006,-0.17565251821581138,-1.4999999999999936,0.0,18.163568,77.91688660020009,12,19.110031166666666,17.815238226779503,11.029803200159222,-7.069980949502662,0.24676827272727245,0.40701414203457603,-0.9619527569921265,0.16490184112516532,0.948757999999998,0.0772383441165261,-16.433396347125342
ZTF19abheamc,SN Ia,0.037,120.72612260002643,47,16.089392,103.71090280031785,22,18.060238,245.08614812169674,8.96151620009914,-37.182257429113825,0.22476033333333353,-0.3232273567291823,-1.4352224074661228,0.09458125821870444,16.305937,120.72612260002643,25,17.808290279999998,141.5639215559281,13.038032399956137,-26.890808150301833,0.19370425,0.4624071368981067,-1.0315525073982315,0.12107218519460405,-0.216545,0.8590593366766105,-19.911732693862003
ZTF19abhcefa,SN Ibn,0.04168,20.95806710002944,10,18.129625,7.9910415997728705,4,19.04695775,57.93057345088771,7.9910415997728705,0.0,0.6343873333333327,0.009619939034678192,-1.9870685571854987,79.9104159977287,18.265106,15.988854200113565,6,18.497710166666664,20.962807464721188,3.001875000074506,-17.77767550543757,0.1849660000000007,1.215751688138262,0.2725936812242855,0.23114497635181225,-0.13548099999999863,0.49978825873064203,-18.130129624984374
ZTF19abiszzn,SN II,0.04942,57.94490740029141,16,18.06497,32.95188659988344,8,19.053124625,0.0,0.0,-15.025141804066434,0.27875271428571374,-0.12046229727936097,-0.2549897766705205,0.0,18.280422,57.94490740029141,8,19.059903375,0.0,0.0,-6.110436327707837,0.24945314285714254,-0.069074757330723,-0.8138874588207097,0.0,-0.21545200000000264,0.568676145640328,-18.56465977885733
ZTF19abiqfxi,SN II,0.0542,172.671053300146,55,17.872236,121.68134259991348,25,18.384262680000003,9.716121528577872,44.95998840034008,-6.925472293732557,0.13096050000000004,0.6609811249593719,-0.7365302644923992,0.5860166164870703,17.612312,172.671053300146,30,18.239897000000003,12.208176524331622,52.940740799997,-5.943409706715282,0.14031306896551718,0.8996312866632782,-0.4644531774222478,0.44216656329140636,0.2599240000000016,0.7047002973243031,-18.95787650621896
ZTF19abiietd,SN II,0.016,182.32255790010095,33,15.127736,182.32255790010095,18,16.650721722222222,414.62103996184425,14.943680599797517,-52.444799147605835,0.37078841176470584,0.941803744159016,0.9469278541013222,0.08928056419560192,14.895149,158.38217590004206,15,16.184395000000002,351.4699334455256,18.056400400120765,-76.94023558611431,0.37106442857142863,1.1061050388694276,1.060343651855277,0.1286748662944741,0.23258700000000054,1.1511557841910702,-19.052979986806655
ZTF19abimkwn,SN Ia,0.059,74.09967599995434,46,17.54034,71.88582179974765,18,19.32322111111111,69.06361689373293,9.1268981997855,-14.438204525305638,0.2753318823529409,-0.3107531019098691,-1.6342856949725606,0.14542789576765472,17.662533,74.00046300003305,28,18.973470499999998,35.46349870905608,15.047418999951333,-12.594752507899969,0.14854725925925938,-0.5742144095234558,-1.0128485878859634,0.2552441397246676,-0.12219299999999933,0.9714239463571402,-19.474036131737748
ZTF19abimlck,SN Ia,0.04808,75.84212969988585,147,17.935192,71.88782409997657,22,19.499585909090907,42.26667854343681,9.127847199793905,-9.591635047000244,0.2667703809523807,-0.3897112107743917,-1.4017676938121344,0.1454405761543124,17.795694,75.74291669996455,122,19.275105811475406,39.24676597500528,11.9875579001382,-10.354606911183128,0.09918019008264457,-1.0885357185514806,2.590320871222376,0.18802431867375594,0.13949799999999968,0.9491029291193142,-18.634746368500444
ZTF19abipmfl,SN Ia,0.077,26.932916699908674,12,19.356052,17.964918999932706,5,19.620204599999997,12.081849276472575,5.9471064996905625,-5.257790839858394,0.25391725000000065,0.2075978483490403,-1.5800450805545974,0.49485765396745335,18.797838,26.932916699908674,7,19.223190714285714,15.493354939876733,11.980567099992186,-11.138134639303594,0.3166285000000008,0.5841400930908189,-1.140285439360242,0.8012497982296442,0.5582139999999995,0.6670246375504374,-18.236517699389445
ZTF19abjamgc,SN Ia,0.07,44.95464120013639,16,18.414091,41.91857639979571,8,19.349386875,24.693114339589936,13.96130790002644,-12.9192180499251,0.5322454285714286,0.27098167706710824,-1.2369553661645492,0.49938025598393715,18.427814,44.95464120013639,8,19.137548000000002,25.10956374271825,14.064166700001806,-8.507148806056186,0.4239571428571424,0.8882450481716897,0.10972636676899805,0.45529137792753976,-0.013723000000002372,0.9324638186561376,-18.971515273598314
ZTF19abjarhj,SN Ia-91T,0.108,44.94416669989005,23,18.747272,35.95999999996275,12,19.252811666666663,11.768379538157184,14.971689799800515,-11.383406337546102,0.2183651818181822,0.8142394897971108,-0.6108393830199255,0.7133346923605498,18.78843,42.965254600159824,11,19.242281545454542,11.494306392677434,12.93807870009914,-6.605127764609157,0.18643249999999972,0.549607896071739,-0.8750454561534826,0.4308789725401047,-0.041158000000002914,0.8369553569415827,-19.57996285096178
ZTF19abimzvh,SN Ia,0.08,56.95881940005347,49,18.769629,44.984050900209695,22,19.374338636363632,17.657810113905384,13.021527700126171,-8.074799966406244,0.18423328571428618,0.798286092434972,-0.6540102683515716,0.40739986698209557,18.762577,56.00658559985459,27,19.361898851851848,17.637732859092573,12.034710600040853,-5.460634612772875,0.1424535384615379,0.3875308760138084,-0.9154275618073071,0.27369109459380186,0.00705199999999806,0.8031921678211801,-18.90593700848675
ZTF19abkdehm,SN Ia,0.08,55.69261569995433,35,18.55193,54.74613420013338,18,19.387855944444443,17.611527299566713,18.01049769995734,-8.987594018211423,0.24644352941176476,0.5144772325786002,-1.1814431201098956,0.4902731901724646,18.626291,52.746377300005406,17,19.37097023529412,18.63647219475688,11.997338000219315,-6.183922664127514,0.1727547500000004,-0.17206360676472507,-1.42013030726365,0.29442014355126883,-0.07436099999999968,1.037912687135914,-19.12363600848675
ZTF19abitbcj,SN Ia,0.038,86.89071760000661,56,17.134428,69.92848379956558,29,18.639984413793105,67.50357887218561,19.956041699741036,-26.176291449226675,0.245011857142857,0.3195417631471745,-1.0250951585122559,0.39934093394669423,17.240967,83.92291670013219,27,18.419053074074075,75.32192367368164,14.008217599708587,-16.526507990902587,0.2017961923076925,0.14359677647651056,-1.3034663699399456,0.20036155171872452,-0.1065390000000015,0.8332465856665756,-18.924606056611083
ZTF19abjibet,SN Ia,0.0515,71.92298609996215,95,17.538305,66.9123957999982,44,18.674959136363636,58.59512748744224,13.954803199972957,-16.934160516875284,0.1450551627906977,0.5929071782602591,-0.935555864105952,0.2635090175901672,17.656513,71.92298609996215,51,18.56352878431373,45.12516246171049,15.978738400153816,-13.381459212004293,0.11038059999999994,0.35615239122422615,-1.1733268127136531,0.28561896990543606,-0.1182079999999992,0.9303339506371442,-19.180847218732985
ZTF19abhzewi,SN Ia,0.03692,72.91086810035631,23,16.904724,56.93424770003185,13,18.038649615384617,150.09253059048717,10.000057900324464,-34.55532555349128,0.43346366666666647,0.6851161034794396,-0.7211603228876617,0.21306552734797204,17.072,69.93980329995975,10,17.9892563,62.67706874185677,14.00363429961726,-23.34396349961699,0.36424033333333367,0.5688092503039339,-0.6823631186366512,0.25035025726433857,-0.16727599999999754,0.8140464372747902,-19.091700535296397
ZTF19abitljz,SN Ia,0.08,34.044999999925494,15,18.632942,25.977661999873817,7,19.126411571428577,0.0,0.0,-10.02605159227388,0.24337633333333328,0.8089420767569451,-0.5786390356412081,0.0,18.595543,34.044999999925494,8,18.971991625,13.706045924680616,15.964062499813735,-10.831278524375024,0.2616814285714284,0.6701657686786643,-1.0337228985405424,0.8829222765531411,0.037399000000000626,0.7630389778214325,-19.042624008486747
ZTF19abjozed,SN Ia,0.08,53.992997700348496,26,18.422913,43.04937499994412,12,19.44618608333333,26.217134957222473,12.992731499951333,-12.47986620706938,0.36473399999999984,0.18030085013352115,-1.404017995868328,0.4322748646220078,18.534313,50.955497700255364,14,19.186775285714287,21.167387023850303,9.937951399944723,-7.5685745964017475,0.20941892307692347,0.5533835173745246,-0.18088115000541993,0.24228537044083154,-0.11139999999999972,0.84484259683187,-19.252653008486746
ZTF19ablpfhz,SN Ia,0.06,65.91706020012498,28,18.461187,42.00399300036952,13,19.247587461538465,20.50402304684652,16.045879600103945,-13.692743391317384,0.33044766666666714,0.7102366002719556,-0.9368048201080397,0.6181450613410057,18.286915,62.89399310015142,15,18.90045913333333,21.35283236456706,12.936817100271583,-7.775796539691126,0.19104135714285725,0.6231254016274379,-0.5956758752295279,0.25895813446906407,0.17427199999999843,0.667853811308864,-18.58968532544525
ZTF19abjpkdz,SN Ia,0.05643,18.99141199979931,13,19.073826,16.04649299988523,6,19.492009000000003,15.6703025633891,6.021967600099742,-14.113377718298121,0.3122245999999997,0.3852637581505633,-1.182604345949815,0.6007234617040926,18.90268,18.95920139970258,7,19.159613857142855,11.449457903842292,9.971562500111759,-9.173268574793223,0.16444099999999948,0.2677461738331665,-1.1350761913468959,1.1094752038342055,0.17114600000000024,0.846369668299265,-17.843840324877238
ZTF19abjpntj,SN II,0.05468,118.7518171002157,74,19.050581,99.73353009996936,30,19.74861276666666,13.91299509089287,5.999375000130385,-1.6634796195385617,0.1339726206896553,0.1461369541253678,-1.4181410165048514,0.06400415082144045,18.971445,118.74112269980833,44,19.27916509090909,6.69094774490043,18.954629599582404,-1.3893580011247384,0.09726600000000035,0.9685077944541204,0.20967505431244904,0.18995185631530614,0.07913600000000187,0.8399240956488813,-17.79867760300595
ZTF19abjpelp,SN Ia,0.065,32.93762730015442,12,18.23767,26.984131900127977,7,18.670256000000002,30.795656235056583,8.016747700050473,-17.99344470155376,0.32321666666666654,0.5653146526122262,-1.2694052571294108,0.4226596359037065,18.563248,32.91532409982756,5,18.9762464,9.18703079703268,17.93603009963408,-9.507983918608687,0.2861784999999992,-1.1402252879287236,-0.19171792498775364,1.1973882146516661,-0.32557800000000015,0.8198045329369655,-18.98701285674131
ZTF19ablojrw,SN IIn,0.0488,27.98638889985159,15,18.70462,21.996574100106955,6,19.293788333333328,31.983766210920802,7.060023199766874,-16.485848688126943,0.5490046000000006,0.5638504775778309,-1.4201018020819618,0.4726675687628882,18.648664,27.919016200117767,9,19.370384333333334,33.12893310997534,6.957881900016218,-12.078566258709126,0.326724,-0.14459637520972574,-1.336098536397577,0.3319420504825691,0.05595599999999834,0.7878706736097015,-17.89759518354058
ZTF19abjsmmv,SN II,0.02,87.88488420005888,51,17.484266,83.89258099999279,29,18.371437379310347,63.448603927392355,13.931365699972957,-10.718527040799367,0.1649965357142856,0.32854987791569795,-0.07745084711181782,0.19912984130178493,17.536484,84.93813649984077,22,18.11230490909091,59.823613814967345,7.9837615001015365,-6.615628134706946,0.10107347619047603,-0.753741458400742,-0.5715609488226541,0.10374668756816738,-0.052217999999999876,0.9876903880526041,-17.181000051846933
ZTF19abjswdz,SN Ia-91T,0.09,30.93068279977888,12,18.903234,30.854617999866605,8,19.35512275,9.669350970642125,16.931030000094324,-12.357091242126595,0.29342285714285665,0.3224543967064593,-1.4955933219448643,1.2159961929619887,18.771381,28.046759199816734,4,19.090227000000002,13.163733098380586,9.96898140013218,-7.545385574959119,0.4089629999999988,-0.00572820060580361,-1.980778759753784,0.5514494928854659,0.13185299999999955,1.1001134847718241,-19.028094620723653
ZTF18aaxgwpl,SN Ia,0.05453,34.959351799916476,20,18.122395,22.010509199928492,12,18.744709,49.389743512604404,7.987118000164628,-22.66675007820275,0.22301727272727234,-0.0728829917389734,-1.1828796371313526,0.5695568130695178,18.120247,28.980254599824548,8,18.644166,28.52282314106731,3.976481500081718,-16.577296667242493,0.2400908571428571,0.7363453792901536,-0.918574489335501,0.15903525776766136,0.002148000000001815,0.7595002012184444,-18.720898561961132
ZTF19abinjcy,SN Ia,0.08,45.94400469958782,129,18.800823,37.96987269958481,57,19.34662863157895,20.881102914626652,10.98358799982816,-8.35435802854114,0.09889907142857167,0.7282586080690259,-0.9007684904982205,0.4070063042033794,18.8101,43.922754699829966,71,19.24892015492959,21.497417288094063,7.933622700162232,-4.507879285037548,0.06935844285714284,0.13262695709299369,-1.5021568830080925,0.22044495822337362,-0.009276999999997315,0.8644692929455948,-18.874743008486746
ZTF19abixauz,SN Ia,0.09,25.979143499862403,12,19.049866,18.849178199656308,5,19.2401842,5.31098584045529,8.989560099784285,-9.57241907563584,0.1959142499999995,0.9006802890768331,-0.5985377236444722,0.9117554056075426,18.97349,25.979143499862403,7,19.298425714285717,14.906593260039324,9.032384300138801,-6.547097687542309,0.2360386666666662,0.41412110600680985,-1.0829048194973023,0.5329859351684255,0.07637599999999978,0.7255504093026062,-18.881462620723653
ZTF19abisbgx,SN Ia,0.085,28.935104199685156,10,18.787903,16.97606479981914,5,19.273849600000002,23.391151415428904,9.017476900015026,-13.546409089216802,0.43672500000000003,0.8343191710708712,-0.5118111875643914,1.1330498592893563,19.021763,25.9175116000697,5,19.311227199999998,6.751633874404265,10.981678199954331,-5.935870145045265,0.21843850000000042,-0.6360306111984342,-0.9764556309990375,0.7352571433924473,-0.23385999999999996,0.6550036539685965,-19.019307702098494
ZTF19ablfcjr,SN Ia,0.0831,41.9002777999267,16,18.878193,34.898969900328666,7,19.56575728571429,24.968425200290334,8.027418999932706,-7.12475271999372,0.43296816666666693,-0.17692550039840496,-1.6486715218140107,0.29873299943452164,18.719124,39.9145601997152,9,19.194841111111113,21.2041535647854,10.044814799912274,-5.18385995869569,0.2598307499999999,0.29444388927368687,-0.9207211601895491,0.3362872587450494,0.1590689999999988,0.874341837307221,-18.879928192447583
ZTF18abugthp,SN Ia,0.06443,39.93650459963828,16,18.544807,24.041979199741036,6,19.223470666666667,25.53381837811378,11.97589119989425,-19.27010517200046,0.5537204000000002,0.5746347299584608,-0.8738903533471212,0.9925247685949512,18.397432,39.89681709976867,10,18.9446839,23.956218538945844,12.0211227000691,-9.28785321258328,0.2722672222222222,0.13247352040757904,-1.3929097060030993,0.43124029585424994,0.14737500000000026,0.6026039405504465,-18.660749730258765
ZTF19abkdrir,SN Ia,0.083,30.936967599671334,26,18.386177,29.977685199584812,14,18.896721142857146,24.062651346028293,11.9763541999273,-16.61626643348909,0.1845230769230773,0.3022331476509072,-1.262848647346358,0.6653038155986999,18.52169,26.87653939984739,12,18.8193375,17.123996806726744,8.000833400059491,-9.111103447776522,0.12446127272727284,0.33454634114288434,-1.2075072786561243,0.4238693588546778,-0.13551299999999955,1.1153848623738751,-19.3693295354074
ZTF19abjslyw,SN Ia,0.0443,39.904675900004804,10,18.409489,31.934675900265574,6,19.25947283333333,24.226158131987752,13.935937500093132,-17.49341524941582,0.6114271999999993,-0.04758430105738897,-1.4713983738709375,0.77427301793328,18.220362,35.94805559981614,4,18.643663,32.29833497880239,6.997407400049269,-9.985276287887208,0.507225333333332,0.1181544075952395,-1.6394460891317753,0.24170123417497838,0.18912699999999916,0.8883561396413581,-17.982645704642373
ZTF19ablusdf,SN Ia,0.057,21.015092600136995,23,19.17905,11.948576400056481,9,19.43251488888889,15.951548833920837,7.9136458998546,-13.596257022964808,0.17910312499999925,1.8362266839960182,2.2955112930164763,1.9612843144283785,18.754282,20.04706020001322,14,19.030597571428572,20.060146218712337,7.918321799952537,-9.998850068954354,0.11692276923076943,0.5784333171180543,-0.9017328292392812,0.6528561783402731,0.42476800000000026,0.5960263640076564,-17.76044035188949
ZTF19abjioie,SN II,0.087,42.97862259997055,18,18.981758,32.935347199905664,8,19.65154625,20.886235357370804,6.036585600115359,-6.441517074770447,0.28144257142857143,-0.3200805421748597,-1.157482892172327,0.22441871822687995,19.056404,42.97862259997055,10,19.467806100000004,21.101387287562286,5.978830999694765,-2.902756219412867,0.2622207777777774,0.3732947635438571,-1.2144026809032704,0.16159093716760828,-0.07464600000000132,0.7663192817149108,-18.87595433662012
ZTF19ablfaey,SN Ia,0.074,63.91762729967013,17,18.440142,32.960729100275785,4,19.124608000000002,26.658543709338954,4.978275400120765,-11.31310459398154,0.6425776666666655,0.3380250314313674,-1.1997638903128478,0.17790703608287167,18.377012,63.91762729967013,13,19.037627692307694,29.57870692959577,11.125983799807727,-6.976124193772337,0.2794489999999999,0.6767603716442527,-0.520888486522443,0.21075274536275285,0.06313000000000102,0.5156751039231066,-19.066132672181908
ZTF19abnagzk,SN Ia,0.09,42.81827550008893,20,18.892307,13.92957179993391,3,19.13722966666667,7.301820615087791,2.9916087999008596,-11.368246193316033,0.36738400000000127,0.6559323339064229,-1.5000000000000002,0.27350694090771926,18.876146,42.81827550008893,17,19.445802235294117,10.358925387284067,11.955972200259566,-5.817181302343208,0.12091237500000052,-0.07397196867106855,0.48040095184835563,0.38739727505450544,0.016161000000000314,0.32531837485853393,-19.039021620723656
ZTF19ablpnmk,SN Ia,0.06,36.96357640018687,26,19.485785,25.980636599939317,9,19.843729444444445,8.779824935170904,10.004016200080514,-5.3219654214306304,0.2537080000000005,0.7282035905134328,-0.8124429446937733,0.6261659818974561,18.795492,36.93546300008893,17,19.320955411764704,15.100445954787718,12.95261579984799,-7.910695415046757,0.15648293750000009,0.2515020803582657,-1.3820845794757703,0.540078318962807,0.6902930000000005,0.7034062792140108,-17.565087325445248
ZTF19ablovot,SN Ia,0.04,63.85791669972241,49,17.48094,40.036782399751246,19,18.62331447368421,79.54198540856065,10.978587999939919,-31.076125172231727,0.2713008333333329,0.14925608961241613,-1.443805394499775,0.3778138396655231,17.401564,63.81498839985579,30,18.45370923333334,57.27184649608448,15.915242999792099,-19.550408296107186,0.19410727586206902,0.22799391076118655,-1.3233661524104077,0.3322615363999604,0.07937599999999989,0.6273883832570237,-18.68947603016684
ZTF19ablqnuw,SN Ia,0.041,39.97870370000601,14,19.745354,13.023796299938112,4,20.052507000000002,6.689523672909356,10.021863400004804,-10.257494424119981,0.37446400000000085,0.7786970293838367,-0.9868288868524631,3.3384701570869395,18.977749,39.935324100311846,10,19.539948199999998,9.105536612839728,15.914791699964553,-7.0754351357008405,0.26143466666666704,-0.14948593839053342,-1.263020694769709,0.6625494986836534,0.7676049999999996,0.3261222136879168,-16.47868135712571
ZTF19ablrkfz,SN Ia,0.103,27.002488399855793,10,18.95037,16.017870400100946,5,19.2007876,0.0,0.0,-7.976071694032561,0.18059225000000012,0.9278706687361101,-0.5447936135321316,0.0,18.999233,26.985706000123173,5,19.632918,13.42149780977151,14.10466430010274,-6.653525903573719,0.49286025000000055,0.5886072907241389,-0.8757852138259299,1.0949940717978086,-0.04886300000000077,0.5935686989263069,-19.273932197052893
ZTF19abjrjdw,SN II,0.0224,83.93870369996876,24,18.11071,71.8460069000721,13,18.767762153846153,0.0,0.0,-5.867721597829878,0.1218357499999998,0.2683611605127407,-1.101521119772349,0.0,17.89683,83.93870369996876,11,18.192301909090904,10.174576309471533,13.121238400228322,-4.031255694639889,0.10086539999999929,0.16711570382328336,-0.9747764200588867,0.18528251956903088,0.21387999999999963,0.8559341964212254,-16.800646165197836
ZTF19abmpoxa,SN Ia,0.063,50.834386500064284,16,18.042936,24.93991900002584,7,18.65966785714286,47.69216412199484,9.959629599936306,-21.308116035533605,0.41183966666666666,0.869733620720366,-0.13747402786006502,0.6648489447658321,18.183949,37.895613400265574,9,18.870486444444442,13.874453320924463,3.033205999992788,-12.885622844621563,0.26281312500000054,0.973971807372239,0.29581417788881836,0.08700506437111552,-0.1410129999999974,0.6581215281199554,-19.113882820794938
ZTF19abmylxw,SN Ia,0.041,83.7930092997849,104,17.015783,83.7930092997849,52,18.46985103846154,96.61579682136208,14.88812500005588,-21.734966407672225,0.1293469803921566,0.11720062230965851,-1.4228265112348149,0.21606777445984957,17.079842,63.83694439986721,52,18.013399211538466,76.87852425514357,16.978518499992788,-26.76947319621798,0.09130880392156865,0.38801813172940286,-0.9553623408596983,0.36233650990052335,-0.06405900000000031,1.3126099641441986,-19.20825235712571
ZTF19ablesob,SN Ic-BL,0.0558,81.78609950002283,43,18.386349,62.76969909993932,18,19.473381777777778,25.500285785545273,11.025439799763262,-7.555076831551678,0.2539125882352938,0.1172942796430106,-1.5974922855700695,0.21307561358262112,18.07234,81.70636569987983,25,19.333326239999998,27.36324893867696,16.881898100022227,-7.740261325884024,0.19820391666666648,-0.9236572556867613,-0.38268015945825473,0.2604247859655281,0.31400899999999865,0.7682351131673408,-18.506938068214925
ZTF19abnkrcd,SN Ia,0.075,36.93215279979631,11,18.66144,26.913726899772882,5,19.178029600000002,15.021413579576583,15.931249999906868,-15.64707804387804,0.5131424999999998,0.5263305809250755,-1.0838519944713467,1.4506062835516846,18.536764,33.00855330005288,6,18.848899333333332,8.470547752314653,15.142442199867219,-8.922709688540067,0.20416239999999916,-0.01856600086157184,-1.6986957967051968,0.847551104711862,0.12467599999999734,0.8153561489085245,-18.87398239048553
ZTF19abnktws,SN Ia,0.0763,36.9988656998612,11,18.58563,16.01976849976927,5,18.8446402,14.016474394239381,2.9961804999038577,-13.013648170938806,0.20048500000000136,0.8054537870624863,-0.6459789772649596,0.23005799169436414,18.635775,36.9988656998612,6,18.995158166666666,11.385588986163414,17.968425899744034,-8.59495572051303,0.3256500000000003,0.6301185023264446,-1.107224587772864,0.9441939381576145,-0.05014500000000055,0.43297998997383774,-18.987108763301432
ZTF19abnimpq,SN Ia,0.0705,92.91763889975846,41,17.912748,90.82076390041038,17,19.35905829411765,44.62559232992243,12.021597200073302,-8.180692363267852,0.2983131874999998,0.11004585590624177,-1.2494367140960743,0.15255995340394732,17.945942,92.91763889975846,24,19.178087166666668,30.093091010367853,18.012083400040865,-7.8928225050037755,0.21338252173913058,0.11016538952635715,-1.5786382313286085,0.24046391859558097,-0.03319399999999817,0.977432971563018,-19.488313658484024
ZTF19abmolyr,SN Ia,0.03137,73.7249075002037,51,17.106201,63.88173620030284,25,18.95626132,106.04936456724246,11.998877400066704,-25.766663368438696,0.24719862499999992,-0.696677064690193,-0.844362845414838,0.2312686246967581,17.026442,70.78479170007631,26,18.226871653846157,77.6683982628998,12.960763900075108,-23.877653724439316,0.1630905199999998,0.07621492546085058,-0.5042414122449381,0.22414149261450855,0.07975899999999925,0.902478267803308,-18.536487667015756
ZTF19ablfdwt,SN II,0.026,94.83030090015382,30,18.416132,90.78905089991167,13,19.837776230769233,19.330063685043573,20.046620400156826,-5.299948141467875,0.4185903333333328,-0.5130412232870096,-1.2710719877165177,0.2833747760507931,18.04413,94.83030090015382,17,19.250569352941177,27.758175798937852,19.980937500018626,-6.854727779370847,0.3126803125000004,-0.14752522804817958,-1.1571624822764177,0.2669486631863931,0.37200200000000194,0.9573844018010957,-16.818850813381122
ZTF19abocled,SN Ia,0.075,34.026678299997,17,19.016424,33.98462969996035,8,19.726465375,20.61365868480633,6.982581099960953,-6.974935896114761,0.3573429999999997,0.25564885651752056,-1.1887753578047013,0.2585944941955666,18.876926,30.026169000193477,9,19.22483233333333,17.197607011499954,5.9655440002679825,-5.916817811289116,0.15727574999999971,0.1047650200066923,-1.3006344913581118,0.24793803154683036,0.13949799999999968,1.1318336914623164,-18.518998390485528
ZTF19abnmrqt,SN Ia,0.08,36.98572919983417,90,18.881268,33.995219899807125,42,19.448411023809523,20.30015911146614,10.846296300180256,-9.501951871884529,0.10256736585365865,0.9654957083873381,0.28859395330299975,0.46854430416605136,18.760984,36.98187499959022,47,19.251576063829788,21.150535987953855,10.888796299695969,-5.964969405687763,0.10135717391304333,0.7311736421916305,0.25192799580463143,0.41730592334204314,0.12028399999999806,0.9192400304252776,-18.79429800848675
ZTF19abmzord,SN Ia,0.06,33.99356480035931,12,18.905293,27.923182900063694,5,19.3550744,23.20101618826317,3.0263195000588894,-8.312161151593042,0.4621579999999996,1.3428722350563196,0.05352629124412678,0.1215542476751632,18.595234,33.99356480035931,7,18.949971285714287,20.828078171636463,10.979861100204289,-6.62631919729492,0.27650666666666623,0.9459500874484601,-0.2672649852348572,0.4771010022228768,0.310058999999999,0.8214255569856724,-18.145579325445247
ZTF19abnishu,SN Ia,0.091,50.83680559974164,22,18.431015,33.979004699736834,9,19.02042422222222,34.562667657763654,9.984004700090736,-10.66505344274324,0.35331887500000025,1.0458734447929856,0.3482395973424084,0.41608688061004334,18.450857,46.87643519975245,13,18.980344692307693,16.004322168367203,14.03560179984197,-8.238355803970347,0.16498025000000016,0.017838370808607756,-1.4350042740841467,0.42738263152238487,-0.01984200000000058,0.7248632400254761,-19.524308035132496
ZTF19abomiel,SN Ia,0.066,29.91466430015862,20,18.606228,23.869247700087726,11,19.309831545454543,21.453342184127216,12.861354200169444,-21.149375508989124,0.26932999999999935,0.40581012701315206,-0.9900333562545951,1.1683756024951477,18.668587,28.028900399804115,9,19.087821777777776,17.449046070086126,11.175474499817938,-9.352884785163186,0.19945087500000058,-0.0829555005665159,-1.4747252388152559,0.6630980885510704,-0.06235899999999717,0.8515941531639444,-18.65160775123637
ZTF19abopflp,SN Ia,0.07,71.70353010017425,59,17.932247,56.88581019965932,22,18.74678927272727,40.466022835412474,14.93740739999339,-14.359488631823123,0.24164642857142837,0.9342646598555283,-0.3194618545781185,0.3560900154251487,18.108572,71.70353010017425,37,19.06244435135135,33.389326022146975,15.050046300049871,-8.450140387839882,0.16232238888888884,0.2911423810274048,-0.9488367691887798,0.2656508530551625,-0.1763249999999985,0.7933474142791344,-19.453359273598313
ZTF19abopyyu,SN Ia,0.07,59.89421289972961,27,18.297062,52.93855319963768,12,19.247809583333336,32.38861216163186,9.040300899650902,-9.836657498210062,0.32556827272727257,0.7627225550555967,-0.8392893329825046,0.20593760402743014,18.257853,59.89421289972961,15,19.02006953333333,28.72810186842879,15.019571700133383,-8.99647115218777,0.28590764285714293,0.8145772816388204,-0.30764543061296834,0.3347006527211749,0.039208999999999605,0.8838675831380142,-19.088544273598313
ZTF19abnoxud,SN Ia,0.05677,30.97763890028,10,18.933407,27.923182900063694,5,19.486243,24.516913928363593,3.0263195000588894,-8.548161454856503,0.5209650000000012,1.2834340294395028,0.00419302105020547,0.1215542476751632,18.552551,30.92584490031004,5,18.876858,15.60494213675051,7.91214120015502,-8.291497540935842,0.296716749999999,0.3954826583521136,-1.0488854836975356,0.3438012978372414,0.38085599999999786,0.902907680940473,-17.99730354465409
ZTF19abornyn,SN Ia,0.06,39.94339119968936,15,18.20657,33.86103009991348,8,19.08011425,32.66854093418923,8.915833299979568,-16.00859384373136,0.351739428571429,-0.253344794427915,-1.3931272966304467,0.357416835452795,18.151148,39.94339119968936,7,18.778765571428575,28.620140277055157,15.143784699961543,-12.826973486203041,0.4387486666666671,0.586141154748299,-0.8221510488941752,0.6106461689272268,0.05542200000000008,0.8477254705448449,-18.84430232544525
ZTF19abormur,SN II,0.0564,60.93902779975906,25,19.2295,36.977789300028235,12,19.639333333333333,0.0,0.0,-3.9259400338139785,0.18676690909090835,0.9965773801688236,-0.10758529756683766,0.0,18.986187,60.93902779975906,13,19.525302,18.04206873787015,11.098205999936908,-2.793327476413545,0.3235869166666667,1.5620042905535632,2.447498352175505,0.22267301379000357,0.24331300000000056,0.6067997904648954,-17.687011593443742
ZTF19abotfag,SN Ia,0.1,27.9287153002806,12,19.097654,27.9287153002806,8,19.52096725,10.299658080643447,9.874641200061888,-8.068599073966265,0.24688028571428586,0.4126936775801945,-0.8248376735739273,0.5469480819258553,18.951292,26.79031250020489,4,19.334692,10.954291567544145,10.926458300091326,-8.334233288978135,0.4732906666666672,-0.010271516843488497,-1.8984417019542292,0.6887644176667425,0.14636199999999988,1.0424930765576923,-19.06246207352703
ZTF19abovstj,SN II,0.04457,55.955219900235534,13,18.21885,40.9769791001454,7,18.54078785714286,3.991735284185689,7.0002083000727,-9.013311446385744,0.17308366666666686,0.9927201857472482,-0.41325543468298065,0.20602924101479714,18.31312,55.955219900235534,6,18.60645,32.50924197304643,7.084583400283009,-3.8176926606548442,0.28803359999999856,0.5612554240620116,-1.193389753835777,0.14496605544087585,-0.09427000000000163,0.7323173632988066,-18.186479243957915
ZTF19abowcic,SN Ia,0.083,42.84188660001382,52,18.72711,30.97991900006309,25,19.2453736,19.923687822772774,13.003333400003612,-11.872589086628562,0.1251446666666669,0.9923095153049831,-0.0026879592734654345,0.7233483426330186,18.742706,38.95663189981133,27,19.14844740740741,19.370701869166762,6.987488399725407,-6.305842259019226,0.0951146153846155,0.5746923183719497,-0.6569140650670717,0.2185697718084511,-0.015595999999998611,0.7952412077034086,-19.0283965354074
ZTF19abpbopt,SLSN-I,0.1075,91.8481365996413,80,17.076195,87.91630779998377,42,18.328185523809523,48.24086627279832,28.08113419963047,-22.754121534783845,0.14217892682926841,0.12714857394631318,-1.5074988198891195,0.4693081428523617,17.245728,88.87583339959383,38,18.364725210526313,42.84344700735784,25.93768520001322,-16.58807703078594,0.1734277027027025,-0.14382879199459603,-1.2646152786179938,0.4121138918444705,-0.16953300000000127,0.9892037513134089,-21.240963394785155
ZTF19aboxjlj,SN Ia,0.07,56.75689810002223,25,18.748375,41.7870139000006,10,19.621477499999997,10.629973111676764,19.914791599847376,-11.536910025517571,0.32539966666666703,-0.20091471977683265,-1.4370929106020507,0.9105060897130632,18.31898,46.796157400123775,15,19.254829400000002,20.957497974387753,5.95950230024755,-9.203941183533251,0.17369428571428586,-0.2739824088616123,0.37467646538973787,0.14593512337560705,0.4293949999999995,0.892958230367224,-18.637231273598314
ZTF19abpbmli,SN Ia,0.037,31.002673600334674,11,17.971132,20.979432800319046,6,18.531846166666668,52.602705694020635,8.981180500239134,-32.1093545713854,0.47964679999999904,0.4483747396160874,-1.2291049166587067,0.7485407270673343,17.982304,27.915451400447637,5,18.292913,12.86735408400297,14.908205999992788,-20.871454343470983,0.24588175000000057,-0.20157863933324577,-1.7393441155051905,1.1461462854749758,-0.011171999999998405,0.7515347862145848,-18.029992693862003
ZTF19abpbqor,SN Ia,0.053,36.954988500103354,15,18.589989,36.954988500103354,9,19.239113666666665,21.119672330109246,11.99052090011537,-11.258139252935612,0.3571080000000002,0.25667159942009865,-1.4601945506371348,0.4803034894331631,18.331076,28.01988420030102,6,18.576129166666668,5.077902230273159,12.99807870015502,-11.354062326219726,0.13242520000000013,-0.06795499460488477,-1.6659220112734525,0.8652807214171884,0.2589129999999997,1.3188844120814154,-18.19150642153097
ZTF19abpmetl,SN Ia,0.068,36.02751149982214,23,18.64898,30.971724499948323,10,19.050072600000004,14.096414559995555,6.029803199693561,-11.133137356194917,0.23687099999999953,1.727991937705636,1.9825954324593456,0.24175375774407445,18.655224,35.903136500157416,13,18.988231,7.228955615013924,7.949305499903858,-6.643662293751149,0.11532283333333293,0.8552503428922076,-0.7813451978916199,0.2843726679120208,-0.006243999999998806,0.8626467634606946,-18.67368063705821
ZTF19abozuxh,SN Ia,0.063,30.01582180010155,13,19.150064,18.95565970009193,5,19.5666622,15.428736526105233,7.001203699968755,-8.811081149313434,0.3630602499999993,-0.2205943910199744,-1.5732638023130097,0.5856564029259564,18.790894,30.01582180010155,8,19.172567500000003,15.426507001915667,9.977152800187469,-7.442553050965443,0.2135479999999999,0.05312889518148665,-1.2482100680158785,0.4978949849528553,0.3591699999999989,0.6315222627030588,-18.00675482079494
ZTF19abpbbxx,SN Ia,0.073,72.85126159992069,22,18.28683,49.95181709993631,8,19.316740625,31.57223360423335,11.9755903002806,-11.302273789554205,0.571905714285715,0.25761692208736714,-1.384269391388772,0.3153443959416519,18.33503,72.83291669981554,14,19.266614,29.60458095078126,11.980416699778289,-6.402654300227019,0.285504846153846,0.40696800159452073,-1.0048071185744796,0.19687632718082174,-0.04820000000000135,0.685841228984625,-19.189900374129305
ZTF19abpgggu,SN Ia,0.0491,68.65302089974284,24,18.168304,46.940821800380945,10,18.872662899999995,42.22592318196604,8.943252300377935,-12.755756148666082,0.41898100000000027,1.271098335147227,0.8123602026779473,0.23536379873921218,18.021366,68.65302089974284,14,18.954367142857144,45.5939067465269,11.979097299743444,-8.900650698683208,0.39658469230769267,0.4226655351900378,-0.5924872924347873,0.21136876607116664,0.14693799999999868,0.6837400770598395,-18.447219534141873
ZTF19abnacvf,SLSN-I,0.19,65.0361110996455,30,18.453709,64.92317129997537,14,19.19900892857143,10.080916714574032,33.9848726997152,-10.781330357180869,0.28103246153846145,0.4040417332011395,-1.1302000401818373,1.0984725805002544,18.466494,65.0361110996455,16,18.985283312500002,9.06936673104315,37.03866899991408,-8.505110282270918,0.1942023333333329,1.0954472477443997,0.3273245143149457,1.3229304615748951,-0.012785000000000935,0.9982634293816078,-21.100175078291176
ZTF19abpidqn,SN IIn,0.01458,17.0302199004218,16,18.138569,17.000127300154418,8,18.667643124999998,30.22511788920933,7.0168519001454115,-39.80353630376082,0.2696012857142855,0.7265397157697847,-0.9867398662930058,0.7028606964142331,18.074974,13.09356479998678,8,18.24036875,25.034745466007106,7.156724600121379,-29.039364523079563,0.11986557142857025,0.6338107725034078,-1.2191838192040256,1.2054770482593813,0.0635949999999994,1.2983574419833765,-15.840334693436805
ZTF19abplfxs,SN Ia,0.0485,57.96045129979029,30,17.79737,53.959328699857,17,19.02268735294118,42.39189771804548,10.941377399954945,-16.40736584532721,0.2524060625000002,0.22841442906464882,-1.3519053894820245,0.25434445549664886,17.868477,51.87947909999639,13,18.585834153846154,40.113192964334566,14.988310100045055,-14.781152659944357,0.29947075000000023,0.7845465377747258,0.0925149822979634,0.4062844986035771,-0.07110699999999781,1.040090024725417,-18.79145476653835
ZTF19aboudfp,SN Ia,0.083,21.005694500170648,11,19.23845,11.956006999593228,3,19.471135333333333,0.0,0.0,-7.522220261350437,0.32058999999999926,0.6867317126972147,-1.4999999999999996,0.0,18.573534,21.005694500170648,8,19.20125375,16.148227402697707,12.049004700034857,-25.85417989255653,0.28357071428571395,-0.31079168683671526,-0.7500331982562636,1.3452519813572401,0.6649160000000016,0.5691793241825972,-18.5170565354074
ZTF19abpelgt,SN Ia,0.0769,30.01627320004627,15,19.086226,21.008634299971163,6,19.595458166666667,10.301483011576428,8.94609950017184,-12.809531525545038,0.3480330000000002,0.5685177432000748,-0.4985671603946473,0.741643414808691,18.96069,30.01627320004627,9,19.439204333333333,19.524530978550278,9.017870400100946,-6.152523564085205,0.24596462500000005,0.634873843272869,-0.07365042019112833,0.4294550631310124,0.12553600000000031,0.6999081518200859,-18.50352177253418
ZTF19abpxcaf,SN Ia,0.063,46.935023200232536,10,18.450258,37.976226799655706,3,19.398523333333333,0.0,0.0,-9.398236266694754,1.0534429999999997,0.3474822143115518,-1.499999999999998,0.0,18.509737,46.935023200232536,7,18.924663,8.947982586345182,17.980162099935114,-8.206929889373933,0.26163699999999973,0.42796387561324645,-0.7331318304868226,0.6209721413497101,-0.059478999999999616,0.8091234266070961,-18.706560820794937
ZTF19abpfxfs,SN Ia,0.054,32.033125000074506,14,18.860964,21.00422460027039,6,19.438080999999997,22.127281536813545,9.035879700444639,-14.19439058976684,0.4579433999999999,0.2394854153697024,-1.2433836711520296,0.7549815597790963,18.591158,32.016180499922484,8,19.08935925,21.81312067298029,11.991932800039649,-11.316296977141395,0.3441759999999999,0.728751804356387,-0.8242228711140598,0.5988705782994193,0.2698059999999991,0.6560502930798146,-17.961120872641875
ZTF19abpxttd,SN Ia,0.076,44.96318279998377,13,18.555483,30.95825230004266,6,19.11437433333333,8.400883391972506,8.9868981000036,-13.738913922258085,0.39566580000000046,1.018693573536124,-0.23127399704924922,0.40902795604595116,18.589975,41.81197910010815,7,19.093324571428575,20.070249229364006,2.991678200196475,-7.0261137028354534,0.2791808333333338,0.846402736300889,-0.32244584974228774,0.0770647864865798,-0.03449200000000019,0.7404158560856686,-19.00870103493099
ZTF19abqqrgy,SN Ib,0.0296,101.77532409969717,20,18.436272,33.81328700017184,7,18.949146857142857,14.154368521940563,8.916608800180256,-13.39794330104809,0.3467760000000002,1.267437620080903,0.43382615401480074,0.3581445174554761,18.080614,101.77532409969717,13,19.051043076923083,30.55468276738468,13.979120399802923,-5.353838701580723,0.2676400833333335,-0.371659306972052,-1.1542018579123858,0.15922237876692794,0.35565799999999825,0.3322346285731204,-17.080302628821723
ZTF19abpvbzf,SLSN-II,0.057,460.88998850015923,104,17.197021,460.8437616000883,50,18.679650379999998,46.05825148577693,20.935451400000602,-2.7078719926873154,0.12438893877551052,-0.5267493514283802,-0.6966010185363407,0.04759048855084899,17.03453,460.78913199994713,54,18.376047981481484,40.14070426771303,29.000705999787897,-3.1724072266202117,0.09356581132075441,-0.31542892074626944,-1.1124683409022318,0.06716415784562323,0.16249099999999927,1.000118556615917,-19.74246935188949
ZTF19abqwsuf,SN II,0.04,52.02672460023314,28,18.940065,27.788495399989188,6,19.652505833333333,0.0,0.0,-7.040349298337702,0.29004699999999983,0.10552513317569753,-1.276763872551565,0.0,18.407133,52.02672460023314,22,19.452973999999994,28.401496439580853,8.938020899891853,-7.869561911905182,0.15845014285714246,-0.6848883887302534,-0.36840809335949487,0.20743304235956997,0.5329319999999989,0.5341196397334739,-17.23035103016684
ZTF19abpztlw,SN Ia,0.065,56.02466439967975,22,18.44588,40.89612259995192,7,19.060800142857143,21.568204830566977,13.998055499978364,-12.802309237132246,0.5445900000000007,0.8965914266701877,-0.8301735701344071,0.5204112045654062,18.433079,56.02466439967975,15,19.03958253333333,22.85513959958705,13.991134299896657,-7.498793846240031,0.2149435714285714,0.6243077701478275,-0.6786027039743421,0.3328565139944993,0.012800999999999618,0.729966400301823,-18.77880285674131
ZTF19abpxiff,SN II,0.055,62.90228009968996,16,18.865093,38.966273200232536,6,19.475972499999997,0.0,0.0,-5.128720853995528,0.2633613999999994,0.23026981682550648,-0.9280676745557406,0.0,18.783987,62.90228009968996,10,19.3259544,14.734303077606977,3.0012269001454115,-3.2331058448758023,0.1625152222222223,-0.2077982935280743,-1.3000023074711415,0.050103073983484334,0.0811060000000019,0.619473143715574,-17.996836520998244
ZTF19abqanpy,SN Ia,0.043,82.98320600017905,198,17.58138,78.81069439975545,22,19.242235727272725,52.90290248357879,14.982071700040251,-13.515903920071088,0.2678365714285716,-0.5386971137834712,-1.3620660542928325,0.23472340568155642,17.531715,82.98320600017905,172,19.62544597674419,40.77740189961726,20.037685200106353,-13.519083562209909,0.1140798011695907,-2.5261377877786315,5.84206889848452,0.3183337741179387,0.04966500000000096,0.949718602093843,-18.746078351424966
ZTF19abqgtqo,SN II,0.036,117.64465270005167,127,19.054993,98.72149300016463,53,19.39562203773586,4.537355976674343,25.76031249994412,-2.0027836835022943,0.08685819230769215,1.3514029762619628,0.5934829061988487,0.35306874591847187,18.651493,94.76687500020489,72,19.009166305555556,5.631369474028601,23.795601800084114,-2.8053379569840358,0.0648806760563377,0.9344979126011294,0.30809661677947364,0.3352849783740898,0.4035000000000011,1.041729961022258,-16.886635577363467
ZTF19abqykei,SN IIb,0.0355,79.9646528000012,33,19.00278,76.84766199998558,17,19.442726117647055,31.871930013357805,2.9984837998636067,-1.6218379892584778,0.23553674999999963,0.6505988431040222,-0.3410946282307621,0.04060280524365611,18.30942,79.9646528000012,16,18.869910875,8.900641638255665,31.992627299856395,-4.729490002855004,0.20541586666666684,-0.04215439067437618,-1.0838571930119634,0.6669017404687201,0.693360000000002,0.961020392249917,-16.908477838802497
ZTF19abqhobb,SN II,0.01815,283.0973726999946,196,17.176922,90.89031249983236,71,17.87810804225353,110.51967615437471,6.104467599652708,-11.58685305168166,0.05376544285714289,-0.20573859957593632,-1.3120439782042013,0.0719986644803698,16.971306,283.0973726999946,125,18.390976727999995,162.97170129666165,7.0847105998545885,-5.643202621850092,0.0865150241935487,0.4497078355797887,-1.5888650201621362,0.025668063725584403,0.20561600000000269,0.3210567149846039,-17.27757722038768
ZTF19abqhikf,SN Ia,0.04,70.89436340006068,25,16.450796,70.89436340006068,13,17.451887461538462,114.9463020566108,19.9423378999345,-48.01139939413413,0.43645425,0.7682530955223745,-1.047760770694171,0.3913944088421983,16.622618,53.94821759965271,12,17.427191666666666,42.55057120970244,3.9866897999309003,-36.10877345673191,0.16864772727272737,0.06114811707813429,-1.5439660465760996,0.07979519393226199,-0.1718219999999988,1.3141187337488063,-19.71962003016684
ZTF19abqlrtb,SN Ia,0.057,58.00729160010815,20,18.134504,47.96394670009613,9,19.20694922222222,34.662303661193356,13.986655100248754,-14.530355259752659,0.5708990000000003,0.3511391136613171,-1.3535019881253856,0.41164714553974574,18.129578,55.03925919998437,11,18.913779090909088,28.845534837675984,14.053425900172442,-10.81472196870839,0.3099936000000003,0.30138349760097777,-1.1127157593188277,0.3428849621617167,0.004926000000001096,0.8714497142089033,-18.80498635188949
ZTF19abqkpoi,SN Ia,0.0788,29.88329860009253,12,18.574808,21.829062500037253,9,19.034132555555555,15.825232789456162,8.93934030039236,-19.57978188385514,0.21931662499999982,0.5076634412392722,-0.8901910847907999,0.6935246673228253,18.623066,27.029363399837166,3,19.078757666666668,0.0,0.0,-8.918667072413525,0.6155289999999987,0.6749353085214558,-1.4999999999999885,0.0,-0.04825800000000058,0.8076054984028502,-19.067939160974806
ZTF19abqmjdq,SN Ia,0.067,34.81800929969177,21,18.461536,22.966967599932104,10,18.9010395,30.58951127771356,9.009004699997604,-17.1407740087498,0.23773388888888924,0.5847140553174968,-0.9579563136225548,0.6454383612124288,18.466557,29.840509299654514,11,19.028005909090908,15.587787476156262,6.037766200024635,-10.462986880440926,0.19095730000000052,-0.09844072449739931,-1.1463485151760107,0.2536584197356026,-0.005021000000002829,0.7696573597086029,-18.82895408703116
ZTF19abqmsnk,SN IIb,0.03561,48.97107640001923,13,18.663317,36.98172459984198,7,19.529927285714287,17.957622035611724,15.002141200006008,-11.8733604243138,0.5391766666666667,-0.2111169487808884,-1.500546554293778,0.6825489331211785,18.504353,48.88303240016103,6,19.088042,14.117477250370499,20.97589119989425,-9.106985008382562,0.5207182000000004,0.4444804269828548,-1.38979904601566,0.7516316719569158,0.158964000000001,0.7565349935148491,-17.254658941898292
ZTF19abqsojs,SN Ia-91T,0.063,42.934930600225925,15,17.851034,31.962430600076914,8,18.389272875,50.523650605285475,8.97385419998318,-21.536818518966125,0.3314558571428573,0.25655371956431194,-1.6368924677961478,0.39036145796077176,18.115662,36.962534700054675,7,18.389354285714283,6.012411345187439,9.987534699961543,-13.981672341858205,0.22698366666666617,1.68300474906533,1.299516263227897,0.3702515180695852,-0.26462800000000186,0.8647250752538255,-19.30578482079494
ZTF19abqqmui,SN Ia,0.05,61.8260995997116,19,17.950409,28.94956019986421,7,18.63214842857143,0.0,0.0,-19.004363000124894,0.32389699999999993,0.661740768649854,-0.8646917441493951,0.0,17.94753,61.8260995997116,12,18.929802249999998,32.50004535086741,15.018148200120777,-11.374308861389697,0.29427772727272744,-0.04478935522833387,-1.0143706150331244,0.3208460902702967,0.002879000000000076,0.46824173588979323,-18.70455709520712
ZTF19abqrhvt,SN II,0.02104,115.6530209002085,28,16.761557,69.7087267995812,13,17.54851607692308,140.61750135919834,2.911701399832964,-26.15961638600377,0.21682750000000026,0.7984325229038419,-0.2496484809939501,0.04359028538183885,16.801903,115.6530209002085,15,17.660627600000005,73.81550015148639,11.906007000245154,-16.841776479017327,0.2726626428571429,1.3739712622243752,1.1563607695678275,0.1147599969645908,-0.04034599999999955,0.6027402160098312,-18.01378775093554
ZTF19abpzuzd,SN Ia,0.064,73.7341088000685,40,17.646536,60.74784730002284,14,18.852680785714284,34.941271698866814,8.987511599902064,-15.851843790417961,0.28190899999999997,0.547079262573282,-1.1832270772617384,0.1736370423092347,17.75841,73.7341088000685,26,18.987659884615386,45.29325961982092,15.080856500193477,-11.828461546124212,0.20674779999999998,-0.2437111353132131,-1.2791006805769465,0.25711884522771145,-0.11187400000000025,0.8238771484272203,-19.544479943446465
ZTF19abqrrto,SN Ia-91T,0.04,96.79246519971639,190,17.691465,86.76407410018146,25,19.29008996,57.36688878569048,9.028495400212705,-9.80120385173392,0.2226113333333335,-0.49515646820225206,-1.3536024020115829,0.11614367000546089,17.518667,96.79246519971639,160,19.56824665625,47.37171791214234,17.044907399918884,-10.951354235180707,0.14126574213836482,-2.3536865254343304,5.818767623292905,0.2137357916678693,0.17279800000000023,0.8963928537325412,-18.47895103016684
ZTF19abqsvgf,SN Ia,0.05365,44.96483789989725,28,18.262669,38.08585639996454,16,18.9008703125,36.74537822369336,11.007893499918282,-14.332720521429195,0.257330466666667,0.8296025337655044,-0.3164277573152998,0.40652590966876156,17.962648,41.81986110005528,12,18.493262833333333,35.61270246089634,10.843310200143605,-12.604943875604478,0.178248727272727,-0.2924439370430036,-1.5837612268060557,0.35004898496218717,0.30002099999999743,0.9107121687669641,-18.545295705036875
ZTF19abpyqog,SN II,0.031,76.90924769965932,53,18.93096,23.103842599783093,19,19.13317952631579,5.059415918405954,4.106516199652106,-3.885394374046367,0.05840138888888882,0.5092616638465277,-1.2026453399468977,0.2161628490851108,18.854168,76.90924769965932,33,19.121207090909095,13.857037428012005,5.084768499713391,-1.9296980546967712,0.06971859374999978,1.1157596702903314,0.15024992489535727,0.07079436643819367,0.07679199999999753,0.30040396039246964,-16.685964542698393
ZTF19abqviuy,SN Ia,0.056,60.82277779979631,30,18.078302,34.80555550009012,14,18.804611071428575,27.05919578377538,6.966794000007212,-17.79259233820026,0.19631684615384598,0.5359113349023188,-1.457421030996027,0.2502551702950745,18.157576,60.82277779979631,16,18.7832679375,29.464980321915395,9.104884299915284,-8.713135785698482,0.17556906666666686,0.8855754149179902,0.15648859335025733,0.17604901676701562,-0.07927399999999807,0.5722454113269171,-18.82275420855803
ZTF19abqrhvy,SN II,0.03201,133.7733448999934,172,17.811531,118.74436340015382,84,18.607877595238097,26.46681504976831,6.0333217000588775,-5.465567373649839,0.07200281927710858,0.18542227054483149,-1.038482931752106,0.05352910956242005,17.74254,120.77050920017064,86,18.02137172093024,13.701815464880637,21.84269669977948,-4.583480783161784,0.04037597647058813,0.9493415437595928,0.6053715825932313,0.2207942958376151,0.06899099999999692,0.9832231741553843,-17.87501344424769
ZTF19abqwtfu,SN Ib,0.01435,156.72146990010515,82,16.55129,155.6986921997741,38,18.064426000000005,129.80784824879873,15.963090300094336,-16.24279332385148,0.1565716486486487,-0.14807809884639275,-1.3110018854953147,0.11423781830170025,16.304123,156.70427080010995,44,17.394599045454544,135.22421825827,20.01195600023493,-20.645325379545767,0.1295708139534882,0.3863068435364606,-0.9291283256806206,0.14640147128632303,0.24716700000000102,0.9935829534498228,-17.393085578877084
ZTF19abqxhhr,SN Ia,0.086,46.89569450030103,17,18.796083,40.86891199974343,6,19.227699833333332,7.81928632070415,2.9332291996106505,-6.497956655861833,0.38153080000000017,1.5894943476449102,0.8003370808979517,0.07732111255423044,18.51502,46.89569450030103,11,19.049571818181818,15.808276153494068,9.065451400354505,-7.709996458897633,0.19675849999999998,0.8733774091490148,-0.30548907620093324,0.23963502894770766,0.2810629999999996,0.8714853769674119,-19.036525329744872
ZTF19abqysic,SN Ia-pec,0.02665,89.83468749979511,40,16.302925,87.02646990027279,19,17.745105105263157,148.573080305475,18.01400460023433,-41.194788769950236,0.3159668333333337,0.04668829178924541,-1.583006952677185,0.2610253745017901,16.306837,89.83468749979511,21,17.648039571428573,145.3699791850886,19.02141199959442,-38.98513577621461,0.2863398499999999,0.16727382722902462,-1.373846752860574,0.2686136443376428,-0.003912000000003246,0.9687401639870041,-18.985677140339984
ZTF19abqyoxt,SN II,0.02,120.00409730011597,51,18.477423,87.94665509974584,21,19.041338666666665,0.45150813547745977,2.9998841998167336,-3.0892261685117974,0.07467479999999985,-0.2552486399630498,-1.0261355592778776,0.035314870336280633,18.313597,120.00409730011597,30,18.57198783333333,6.052115167429186,24.976481500081718,-2.4313274198367556,0.07243662068965505,1.1125661849470458,-0.09262528413084281,0.2628339276936033,0.16382600000000025,0.7328637694744848,-16.187843051846933
ZTF19abqyoxj,SN IIP,0.0379,90.01682880008593,37,18.624739,70.04364580009133,12,19.439786416666664,0.0,0.0,-3.941555952199936,0.155199545454545,-0.23689177111485663,-0.723843910216158,0.0,18.265963,90.01682880008593,25,18.660028880000002,1.155669336139438,10.01715279975906,-3.4802432357210282,0.06443595833333389,0.12264490650426618,-1.0619690957516448,0.12521491711689095,0.3587760000000024,0.778117233563603,-17.42857312336739
ZTF19abqjypm,SN Ia,0.082,35.91456020018086,11,18.395887,29.897812499664724,6,18.98688083333333,26.537292187396524,5.878275399561971,-15.016259131814257,0.4717628000000012,1.0576121357222645,-0.20761453895828286,0.24472892108885916,18.491428,35.91456020018086,5,19.004001,13.39146976249888,17.893194500356913,-10.216041780747389,0.413450000000001,-0.18547341387323574,-1.2501121543427929,0.9928878198466232,-0.09554100000000076,0.83247051705548,-19.333298335445615
ZTF19abrirmk,SN Ib,0.065,45.98159720003605,16,18.127739,30.902291599661112,8,18.589174875,27.186865960579112,13.959375000093132,-22.58839942534529,0.35293071428571465,0.6978878578658324,-1.195817219135289,0.8239062571109556,18.006924,38.02173610031605,8,18.7455475,22.777130598870276,6.085069400258362,-14.213423603285634,0.2384444285714282,-0.1685720518377286,-1.213094069990061,0.1905355201094725,0.12081499999999679,0.8127533029562067,-19.096943856741312
ZTF19abqqcyo,SN Ia,0.06934,44.83923609973863,10,18.394804,21.98469900013879,4,19.057775,0.0,0.0,-14.770333509949928,0.487998666666666,0.17379136527170116,-1.6944214696811672,0.0,18.536077,44.83923609973863,6,19.293570666666664,14.585286105301476,15.862951399758458,-9.186954057842609,0.4546122000000004,-0.6903732741395282,-0.44340071423653526,0.5474460084860125,-0.1412729999999982,0.49030048039259394,-18.97023126012892
ZTF19abqykyd,SN Ia,0.08,52.938703699968755,20,18.287954,42.936203700024635,9,19.15914788888889,39.879722843126224,8.97136570001021,-12.26647645041787,0.45009900000000025,0.3815146597644417,-1.4533097738608232,0.2641368611858652,18.258322,46.94615740003064,11,18.91621672727273,12.798547546229274,10.018136600032449,-9.428770252279959,0.19467570000000087,-0.07015356334893408,-0.9334215515208162,0.2712882083307573,0.029631999999999437,0.9145839846733996,-19.387612008486748
ZTF19abrlvij,SN II,0.045,72.84854169981554,78,19.102652,56.87616899982095,28,19.60183675,11.507865697973585,6.998518500011414,-3.025753405547691,0.08886562962962961,0.4259875004550546,-1.0810982675084937,0.14031371626131706,18.927576,72.84854169981554,50,19.416769799999997,14.349340366907414,11.000023200176656,-1.9297659751253606,0.11465487755102051,0.0003692465395570062,-0.29154144221723666,0.17785427148494887,0.17507600000000068,0.7807454709826396,-17.32352664240375
ZTF19abqmsbk,SN Ic,0.02723,42.96248850040138,14,18.441168,39.97571760043502,11,18.990354727272724,17.456215266551403,13.957638900261372,-11.600696362303603,0.24086720000000028,0.430658977326971,-0.9845060646425927,0.5364592467071068,18.27336,17.013356500305235,3,18.416744333333337,0.0,0.0,-9.166542332769088,0.20771850000000036,0.7040075778263174,-1.5000000000000002,0.0,0.16780800000000085,2.3496667221261025,-16.89418628022685
ZTF19abrmlxu,SN Ia,0.065,45.03928239969537,18,18.269,27.83245369978249,6,18.785957166666662,25.61616804530925,10.986435200087726,-22.28310684375135,0.49589500000000086,0.8998180055060289,-0.6749845016727667,0.6521680597873493,18.151278,45.03928239969537,12,18.765200333333333,21.28329509009936,14.022152800112963,-13.807223338333957,0.2309141818181815,0.5865280253791834,-0.5305620849000188,0.4520777061298976,0.117721999999997,0.6179595281467172,-18.955682856741312
ZTF19abqxibq,SN Ib,0.082,111.68711800035089,37,18.481474,74.70545140001923,16,19.157780624999997,9.85771502101857,13.957349499687552,-4.727326258058634,0.1655660666666672,0.4114599162340187,-1.4560921867353678,0.22975778770153388,18.077929,111.68711800035089,21,18.786918523809526,14.100718752782166,23.97097220038995,-5.737825974614488,0.16818715000000015,0.9597125694893822,0.8984111954172871,0.27327890414903094,0.4035449999999976,0.668881539228047,-19.247711335445615
ZTF19abrogbl,SN Ia,0.0358,55.91126159997657,52,17.442177,43.920775400009006,29,18.625768448275863,61.757248106310364,12.938715199939907,-31.327801803634497,0.17024639285714294,0.3145728494222806,-1.249308857118041,0.41761958747698286,17.346,55.91126159997657,23,18.294083826086954,64.22302627955592,13.018587999977171,-23.619055120327502,0.20541181818181833,0.32375253271184495,-1.004061387130346,0.30351542366846895,0.09617700000000085,0.7855443455067272,-18.487354206746396
ZTF19abqmpsr,SN Ia,0.033,81.83343749959022,35,17.355574,77.79950229963288,15,18.5860612,79.64160327376993,12.95407409965992,-16.890235742532667,0.4300649999999998,0.3791354816552088,-1.4837667193264312,0.19976850271867466,17.236944,74.85214119963348,20,18.640097700000002,57.713051287628126,6.034895800054073,-17.01658458855949,0.19626347368421043,0.022565151622038135,-1.4816972727917754,0.08769452722225579,0.11862999999999957,1.039375775398845,-18.397111772916464
ZTF19abqshry,SN Ic-BL,0.03082,59.93631949974224,14,18.927912,42.972661999985576,8,19.728406500000002,24.135829505979608,9.012060199864209,-5.929336828505111,0.4729537142857149,0.2649615328497324,-1.324928069153526,0.2653680948560812,18.481495,47.9584143999964,6,18.993915166666667,10.940278168503111,10.040706000290811,-7.472610800754559,0.32993760000000094,0.6289012011404715,-1.3449069811483718,0.2648025533201466,0.4464170000000003,0.8960400909332149,-16.67636724543903
ZTF19abrsssx,SN Ia,0.037,64.86162039963529,19,17.043962,56.72236110037193,5,18.4911152,106.34807442715915,11.900787000078708,-30.557878602825475,1.1081944999999997,-0.37990202717756144,-1.652949871359594,0.2655147044467779,16.99037,64.86162039963529,14,17.819808642857147,87.9794897892399,14.933483799919486,-25.99697759230842,0.2834582307692311,0.2568793158173747,-1.138194554083739,0.2990995622296966,0.05359200000000186,0.8745134757794437,-18.957162693862003
ZTF19abrtjsf,SN IIP,0.05374,40.94418979994953,13,18.424967,24.984143499750644,5,19.1072888,0.0,0.0,-12.616986142954685,0.36453325000000003,0.01533330550100399,-1.437564162224361,0.0,18.34708,40.94418979994953,8,18.684042,11.009675607049672,5.9792245998978615,-7.431706542576401,0.15386185714285766,0.7074492322680274,-0.8737377737850789,0.17100616476200659,0.07788700000000048,0.6101999727390245,-18.386637384012776
ZTF19abrbmvt,SN II,0.039,110.68586809979752,68,18.827374,70.87496529985219,26,19.30141726923077,1.5765393004145989,17.80052089970559,-3.8827047950132787,0.0860963200000009,0.6211846143530338,-0.7402257633527638,0.33538779540490904,18.649399,87.7688079001382,41,18.92900112195122,3.7700147014745493,19.79763890011236,-2.4486091180652374,0.07046779999999986,0.604060654173353,-0.25243575563980825,0.291265240709702,0.177975,0.8075188326642476,-17.28806510865953
ZTF19abtnftd,SN Ia,0.08,41.83526619989425,30,18.832603,24.847534699831158,15,19.271274133333335,18.183841209787502,10.996458299923688,-11.628041607760014,0.16879578571428638,0.7555813269767946,-0.6649526150366087,0.7939064071581576,18.886106,40.83673609979451,15,19.352652866666666,15.637964857617275,10.975659700110555,-6.082067887781398,0.1710114999999998,0.31750439112399653,-1.2979717441702272,0.36755740326315633,-0.05350300000000274,0.6084603490129612,-18.84296300848675
ZTF19abszdld,SN Ia,0.088,55.967256899923086,47,18.524137,43.124166700057685,27,19.17654377777778,19.89345477728464,16.09046299988404,-11.005880022923858,0.16816330769230825,0.5794915806297792,-0.8255312290050125,0.5952000946056343,18.45416,49.974409699905664,20,18.9027087,15.526333441389028,11.986238499637693,-7.260670407084595,0.2015695789473686,0.41778318658336205,0.08229405158361391,0.3155255470564253,0.06997699999999796,0.8629249841872387,-19.35839243427787
