ztf_id,label,redshift,dq_total_points,dq_g_frac,dq_r_frac,dq_span,dq_max_gap,dq_mean_gap,dq_frac_imputed,dq_log_n,dq_sampling_density,g_peak,g_duration,g_nobs,g_wmean,g_rise,g_time_to_peak,g_fall,g_stability,g_skew,g_kurt,g_asymmetry,r_peak,r_duration,r_nobs,r_wmean,r_rise,r_time_to_peak,r_fall,r_stability,r_skew,r_kurt,r_asymmetry,peak_color,duration_ratio,abs_mag_g
ZTF19acdgwhq,SN Ia,0.02859,24,0.4166666666666667,0.5833333333333334,55.896145899780095,10.956122700124979,2.4302672130339174,0.0,1.380211241711606,0.42936770708719685,18.238953,19.825555599760264,10,18.687926,24.293936304284454,3.9074189998209476,-18.979400500121645,0.18158222222222284,0.4771919462905279,-0.9056236492118921,0.2454696236138496,17.756826,55.896145899780095,14,18.522506,31.838882474852927,21.935983799863607,-16.379691918495265,0.293742615384615,0.9983638181869137,0.6489754756719304,0.6459328355184014,0.4821269999999984,0.35468555623328335,-17.202233850316976
ZTF18aaxcntm,SN Ia,0.02679,32,0.4375,0.5625,101.94767360016704,14.989930500276387,3.2886346322634528,0.0,1.505149978319906,0.313886515208794,16.961105,101.94767360016704,14,18.91652807142857,64.06750217145819,14.982951400335878,-17.935878228386137,0.32434400000000024,-0.36488463876966604,-1.4434953647335231,0.17228769346157893,16.848843,95.78184020007029,18,18.408205111111112,129.6439619975717,8.920983700081706,-20.035584499134917,0.26290864705882366,0.0025387726457831053,-1.182525705072697,0.10270430271526138,0.1122620000000012,1.0643737203964496,-18.338874641568072
ZTF18aawyjjq,SN II,0.04,51,0.27450980392156865,0.7254901960784313,108.82571760006249,17.878194500226527,2.17651435200125,0.0,1.7075701760979363,0.46863922540282626,18.67445,34.90674770018086,14,19.11762628571429,20.66114941654841,3.0631597000174224,-8.073317192096027,0.1536652307692306,1.364382717765356,1.2805334692850137,0.0961939245037871,18.74385,105.83298610011116,37,19.277245999999995,4.111728011893229,11.999930600170046,-2.393482575621264,0.0951177222222219,0.3112522701357877,-1.271585410521355,0.12788596232142924,-0.06939999999999813,0.3298286194737181,-17.49596603016684
ZTF18aaxdrjn,SN Ia,0.0339,34,0.38235294117647056,0.6176470588235294,43.02238419977948,6.0209605996496975,1.3037086121145298,0.0,1.5314789170422551,0.7902862807908789,16.928713,31.00430559972301,13,17.83070930769231,88.25509190478932,6.996724599972367,-62.88226416983698,0.2586800000000003,0.6650206995387489,-1.019112452485241,0.2914381336480772,17.034039,43.02238419977948,21,17.742447238095238,111.45605445363148,10.000960600096732,-38.247491253113125,0.18416760000000015,0.43784068462898373,-0.3089311331056148,0.30286279360144897,-0.10532600000000159,0.7206552164973211,-18.882401564542445
ZTF18aaxsioa,SN Ia,0.03,41,0.43902439024390244,0.5609756097560976,95.94071759982035,7.879409800283611,2.3985179399955086,0.0,1.6127838567197355,0.42734723093291493,16.848797,95.94071759982035,18,18.862622499999997,139.18674416673585,11.999548600055277,-20.78385287034996,0.3726002941176469,-0.4079774377046063,-1.426538642259761,0.14295188812641937,16.853004,92.85092590004206,23,18.450779956521735,110.08242644980257,14.97741900011897,-22.17338194522642,0.27137640909090927,-0.07290353109570608,-1.4415321920648987,0.19233009525777198,-0.004206999999997407,1.0332769077941621,-18.69692534712534
ZTF18aayjvve,SN Ia,0.04727,24,0.375,0.625,76.90377310011536,9.970636599697173,3.3436423087006677,0.0,1.380211241711606,0.31207831595929847,17.695168,69.89902770007029,9,18.983108333333334,63.88917277987721,11.957129599992186,-13.303001892432455,0.6808065000000001,0.4212668619990604,-1.5191572752105702,0.20636413359016395,17.590485,73.90653929999098,15,18.77516486666667,49.55838208171238,15.012708299793303,-13.767328091636235,0.3288164285714283,-0.04941493646665979,-1.5671193929407174,0.25491138961129756,0.10468299999999786,0.9457759538211638,-18.837876085041596
ZTF18aayjyub,SN Ia,0.03,32,0.28125,0.71875,71.92434029979631,13.951805599965155,2.320140009670849,0.0,1.505149978319906,0.4449119709213464,17.20425,27.000740699935704,9,17.837720999999995,110.60420373358106,8.995972199831158,-30.171446266771724,0.29778587499999976,0.7927870885161054,-0.7284443840082173,0.4996438693326672,17.262241,71.90369219984859,23,18.011315521739128,65.93727016686472,14.994965299963951,-18.58774635951841,0.17980172727272728,0.5129062210254601,-0.9437202354598795,0.26349149096839747,-0.057991000000001236,0.3755125762511617,-18.341472347125343
ZTF18aaykjei,SN Ia-pec,0.097,35,0.22857142857142856,0.7714285714285715,95.84944439958781,8.98569449968636,2.81910130587023,0.0,1.5440680443502757,0.365156002929846,19.158302,86.93203700007871,8,19.851489125,3.698494085657868,17.916527800261974,-2.3837077524234336,0.27638071428571465,0.31713723593516124,-1.5941750396625576,0.25960147230659786,18.520172,95.84944439958781,27,19.310748444444442,12.705969204663875,21.06358789978549,-4.032601304714856,0.14352157692307715,0.05758469196858138,-1.048450446930238,0.28165202466914535,0.6381300000000003,0.9069644330713779,-18.93567274485826
ZTF18aaxwjmp,SN Ia,0.08,28,0.32142857142857145,0.6785714285714286,45.89146990003064,6.029803200159222,1.6996840703715053,0.0,1.4471580313422192,0.6101351745976936,18.689339,23.83363420004025,9,18.993438666666666,12.492655523799268,11.83672450017184,-14.270264120463342,0.22717374999999906,0.4879596314088962,-1.464099473470432,0.9866477948318367,18.714363,45.89146990003064,19,19.205653315789473,17.93333623384904,11.880277799908072,-6.34711795692216,0.1718734444444444,0.33496533569606757,-1.227011561726664,0.3493049512917619,-0.02502399999999838,0.5193478058549686,-18.986227008486747
ZTF18aaytovs,SN Ia-91T,0.076,25,0.4,0.6,83.85399310011417,14.98842589976266,3.4939163791714236,0.0,1.3979400086720377,0.2981372630657223,18.255867,42.03268520021811,10,18.999592900000003,19.686891568877478,18.883125000167638,-16.188894505945665,0.3333233333333337,0.05511127049544446,-1.5086254519367164,0.8157012417076704,18.169638,83.83123840019107,15,18.858668400000003,22.76523131069033,15.910995300393552,-6.194660490710107,0.23936092857142835,0.4000918626405898,-1.2852882931490976,0.23425998751233834,0.08622899999999944,0.5013964484165644,-19.30831703493099
ZTF18aazsabq,SN Ia,0.05,24,0.3333333333333333,0.6666666666666666,63.96230320027098,8.888286999892443,2.7809697043596078,0.0,1.380211241711606,0.3752210098634835,18.366161,29.955671299714595,8,19.017555,41.756194737341815,9.019479099661112,-14.94646630157838,0.4648155714285705,0.7776254214004495,-0.5652650208795986,0.4308080004939041,18.233671,63.96230320027098,16,19.329343625,34.85692724115414,11.964444400276989,-8.51289327041875,0.2716862666666666,0.13559301199032717,-1.2769367104907943,0.23009494383792534,0.13249000000000066,0.4683332181757283,-18.28880509520712
ZTF18abauprj,SN Ia-91T,0.028,49,0.40816326530612246,0.5918367346938775,105.96104170009494,7.879409800283611,2.207521702085311,0.0,1.6901960800285136,0.4624341098748947,15.568087,105.86162040010095,20,17.8687199,386.68133881206955,14.927025499753654,-61.92897986182628,0.3833781578947365,-0.8533608812514213,-0.23630119209635003,0.16415122887072592,15.686948,105.91917830007151,29,17.44119124137931,244.37999483251144,21.0482986997813,-58.88247120441658,0.2436277857142858,-0.057635376491983546,-0.853268973061962,0.24800377701881773,-0.118860999999999,0.9994565866078804,-19.827819230238127
ZTF18abckutn,SN IIP,0.0401,32,0.34375,0.65625,90.87925919983536,8.00240739993751,2.931589006446302,0.0,1.505149978319906,0.3521155462946156,19.033085,84.9544329000637,11,19.780827636363636,3.111190605366083,5.97811339981854,-2.245130319045513,0.19532570000000044,0.16578004832409082,-1.8557103605220382,0.0756950113356445,19.016418,90.87925919983536,21,19.364135857142852,7.802246686077727,17.979999999981374,-1.716783053583187,0.10666224999999976,0.6751127775244959,0.7884196128041379,0.2466417381648425,0.01666699999999821,0.9348055172110998,-17.142752936627943
ZTF18abclfee,SN Iax,0.03,32,0.28125,0.71875,55.81106479978189,8.935891200322658,1.8003569290252222,0.0,1.505149978319906,0.5733630081203012,18.535975,25.167638899758458,9,19.125994000000002,28.55929495312728,5.975833300035447,-17.397461913049227,0.3732810000000004,1.5843506159643683,1.715660000234772,0.3113742096325577,18.564842,55.81106479978189,23,19.49238947826087,25.930998297442517,11.95813659997657,-6.756827762679536,0.20152031818181806,0.016319512770813217,-1.6926986419210703,0.27268730027541593,-0.0288669999999982,0.4509435358390943,-17.00974734712534
ZTF18abcrxoj,SN Ia,0.0309,27,0.3333333333333333,0.6666666666666666,75.8643403002061,14.996249999850988,2.917859242315619,0.0,1.4313637641589874,0.3558984351957339,16.985289,66.03525459999219,9,18.903313999999998,0.0,0.0,-22.311610766300696,0.33797137499999996,-1.2136349182619457,0.23436505701632138,0.0,16.933338,75.8643403002061,18,18.28446977777778,67.34632106152324,20.912916699890047,-27.100782128800486,0.2638188823529414,-0.5214782731547533,-1.069671885332005,0.38057097213710345,0.05195100000000252,0.8704386585144113,-18.624619470651197
ZTF18abcflnz,SN Ia,0.024,27,0.3333333333333333,0.6666666666666666,97.81430559977889,9.056770900264382,3.7620886769145727,0.0,1.4313637641589874,0.27603324313801636,16.24954,88.77347220014781,9,17.88000522222222,165.0253733830275,14.974398099817336,-41.033685305401235,0.63389075,0.055891390627160906,-1.6017396621937992,0.20290766899676158,16.453867,97.81430559977889,18,17.893105833333333,159.8577681625352,15.008888899814337,-29.706729730449407,0.33593382352941203,0.002885297609967344,-1.072541434425556,0.1812549166221485,-0.20432699999999926,0.9075714605936791,-18.81163228208506
ZTF18abdfwur,SN Ia,0.07,35,0.42857142857142855,0.5714285714285714,48.92987270001322,3.976006899960339,1.4391139029415654,0.0,1.5440680443502757,0.7153094432634921,18.413471,35.92965279985219,15,19.120828333333336,31.92743699176125,7.888622699771076,-13.181445495865535,0.2255792857142855,1.0432116232081066,-0.17442735177517443,0.2813242834380844,18.545078,48.87990740034729,20,19.17032265,13.89902468322708,14.889178300276399,-7.511439704370724,0.1421874210526315,0.20885565671570844,-0.9707919308895789,0.4380364497755167,-0.13160699999999892,0.7350597558537296,-18.97213527359831
ZTF18abdiwpt,SN Ia,0.073,35,0.4,0.6,67.81946759996936,7.955428299959749,1.9946902235285104,0.0,1.5440680443502757,0.5160760064712718,17.962704,47.05111109977588,14,19.133000857142857,15.177128364570304,16.966817199718207,-18.430268697375286,0.22140515384615392,-0.2958197869498208,-1.3410620112215554,0.5639759156749123,17.86917,67.81946759996936,21,18.78402814285714,28.138111640378952,19.94751159986481,-12.02862561119337,0.20345765,0.05192850170311989,-1.365868009471552,0.41668469948922177,0.09353399999999823,0.6937699861830992,-19.514026374129305
ZTF18abdkimx,SN Ia,0.08,22,0.45454545454545453,0.5454545454545454,47.04048610012978,5.876076400279999,2.240023147625228,0.0,1.3424226808222062,0.4676822419132974,18.489197,40.9765625,10,19.221144300000002,26.59946834213832,10.133402800187469,-10.86243176034066,0.34995533333333345,0.5377821057052399,-1.0336714697129148,0.3285461962656524,18.627623,43.85280090011656,12,19.18709475,12.839657265161767,9.861608800012618,-7.757483927619127,0.1785640000000002,0.6591896507906332,-0.5487539531107828,0.2901224755804449,-0.13842599999999905,0.9344115235269062,-19.186369008486746
ZTF18abecbks,SN Ic,0.03048,27,0.4444444444444444,0.5555555555555556,75.85306710004807,8.924618100281805,2.917425657694156,0.0,1.4313637641589874,0.355951328433269,18.43128,75.7446297002025,12,19.593978666666665,39.40357865617294,2.9115277999080718,-4.845588814000438,0.2738616363636362,-0.33275120596634966,-1.6042911314248351,0.03997533709183272,17.907724,75.85306710004807,15,18.937616066666667,32.5742364917498,11.882291700225323,-8.922769716410754,0.24466328571428594,-0.2067462958922237,-1.3176772196077928,0.18574562565421474,0.5235559999999992,0.9985704282767822,-17.148910886864847
ZTF18abeajml,SN II,0.03651,51,0.35294117647058826,0.6470588235294118,76.9065161999315,12.925254600122571,1.5381303239986301,0.0,1.7075701760979363,0.6631427676091434,17.877586,65.95004629995674,18,19.308843333333336,4.727863640221761,2.9933448997326195,-10.19624205325512,0.2085521764705877,-0.27030713231432507,-1.5581648919371596,0.04754608855225003,17.882742,76.9065161999315,33,18.622688333333333,21.8337153735804,8.001701300032437,-7.770325740145059,0.08516903125000097,-0.20676418654689524,-1.16631836174088,0.11612688186822424,-0.005155999999999494,0.8575352201432247,-18.094589238275667
ZTF18ablrljh,SN Ia,0.094,49,0.40816326530612246,0.5918367346938775,43.96206020005047,3.9385879999026656,0.9158762541677182,0.0,1.6901960800285136,1.1145974455479168,18.903112,41.03491900023073,20,19.507675250000002,13.030767856101274,13.01631940016523,-8.220787298658863,0.23509421052631577,0.8038785524552513,-0.8722456751899772,0.4645599560991193,18.856071,43.83462959993631,29,19.323037,9.94836116176895,15.88734949985519,-6.983582035975354,0.11336628571428596,0.4757876791305525,-0.5330264743760611,0.5684756957729521,0.04704100000000011,0.9361301640904103,-19.122643341525524
ZTF18abeecwe,SN Ia,0.04,24,0.4583333333333333,0.5416666666666666,68.95212970022112,8.978391200304031,2.9979186826183097,0.0,1.380211241711606,0.34806756664867794,17.341581,65.99447919987142,11,18.893973,53.15607857745672,19.058993100188673,-22.90511526626697,0.5210045999999995,-0.004328442244970077,-1.4145202971134017,0.4060678749488332,17.245377,68.82944450015202,13,18.216662999999997,70.80432713350565,15.916736099869013,-21.027545175264116,0.3927178333333332,0.7145597794917864,-0.5255906570684825,0.3008112149440432,0.09620400000000018,0.9588117364469745,-18.82883503016684
ZTF18abfgygp,SN Ia,0.07,44,0.4090909090909091,0.5909090909090909,61.809675900265574,5.869479199871421,1.4374343232619902,0.0,1.6434526764861874,0.7118626551447578,18.02126,55.87513880012557,18,18.941074722222222,27.61363674958138,12.044444399885833,-13.14178518135012,0.23078076470588205,1.039918602340499,-0.43050163960432686,0.2747947429238072,18.175657,61.76756950002164,26,19.163393923076924,24.084157415976293,11.869548599701375,-9.126521215429259,0.13433167999999968,-0.032033911602912794,-1.0560301223177389,0.23787613988564407,-0.15439699999999945,0.9046031639646432,-19.36434627359831
ZTF18abdkkwa,SN Ic,0.02531,32,0.53125,0.46875,82.8710532002151,8.976053199730814,2.6732597806521,0.0,1.505149978319906,0.386142069688538,18.308111,82.81200229981914,17,19.515343176470587,29.70396812140563,9.016469900030643,-5.7307033997840024,0.2256838124999998,-0.05488079446193562,-1.578105148547379,0.12218178535773372,18.097975,82.83516200026497,15,18.955403400000005,16.246030764697537,20.940358799882233,-7.278100927131729,0.1977755000000003,-0.19943809062174414,-0.9988214349548294,0.3383217607476413,0.21013599999999855,0.9997204122031444,-16.868465799318297
ZTF18abfzhct,SN Ic,0.04,29,0.4827586206896552,0.5172413793103449,59.918171300087124,6.978819400072098,2.139934689288826,0.0,1.462397997898956,0.4839934091906746,18.114376,56.892581100109965,14,19.274388142857145,30.917835967236304,7.879409800283611,-10.507930322794452,0.2903471538461538,0.4207331651040876,-1.3485424139517428,0.1607610687356508,17.883156,59.918171300087124,15,18.818164133333333,30.035062104674594,11.023877399973571,-11.965001083794878,0.19600707142857157,0.032471827509721274,-1.4682454954243336,0.22546347478694173,0.23122000000000043,0.9495046304930744,-18.05604003016684
ZTF18abgmcmv,SN Ia-91T,0.01850,54,0.46296296296296297,0.5370370370370371,76.00077550020069,5.869479199871421,1.4339768962302017,0.0,1.7323937598229686,0.7105190656884469,17.028,72.8702429998666,25,18.354978720000002,108.44960577249424,12.122824000194669,-23.732128975608948,0.2155352916666667,0.11628965712280656,-1.7143704888025406,0.1995611369144776,16.372156,76.00077550020069,29,17.51033503448276,134.86260210538717,18.11263890005648,-43.30850696323727,0.16315982142857127,0.15127732991948936,-1.0492483276856486,0.3128903427168074,0.6558439999999983,0.9588092031991724,-17.4679747155421
ZTF18abfzfcv,SN IIb,0.038,33,0.2727272727272727,0.7272727272727273,56.98144680028781,5.896087999921292,1.7806702125089942,0.0,1.5185139398778875,0.5791358740970635,18.993534,53.95811339979991,9,19.54139911111111,7.490357890767364,13.941284699831158,-4.912410051451987,0.2938855,0.7805883397384616,-0.7474929532940551,0.34838554560027,18.663336,56.98144680028781,24,19.351995000000006,9.207095034016392,16.120509300380945,-6.3297134566738285,0.13180013043478264,0.1420073655694059,-1.2116120015483676,0.39452127843169743,0.3301979999999993,0.9469417929824725,-17.065500056611082
ZTF18abjgyyr,SN Ia,0.05,23,0.43478260869565216,0.5652173913043478,57.87677079997957,6.955462999641895,2.6307623090899805,0.0,1.3617278360175928,0.39739604822610664,18.158607,57.87677079997957,10,19.511832499999997,23.814148522541437,18.994560199789703,-12.842078390931945,0.512142888888889,-0.1045578225518199,-1.6388086998564984,0.4885154394924488,17.989454,44.96150460001081,13,18.68151476923077,31.15820203438422,6.000868000090122,-12.530322214469798,0.17276766666666651,0.1414398687244721,-0.560291494357188,0.15402386931486478,0.16915300000000144,1.287251645932811,-18.496359095207122
ZTF18abimsyv,SN Ia,0.085,27,0.2962962962962963,0.7037037037037037,55.965115800034255,5.984421299770474,2.152504453847471,0.0,1.4313637641589874,0.482443386635206,18.56944,49.84790510032326,8,19.549266499999998,17.563246071450724,8.83216440025717,-8.044610708056497,0.4258399999999999,0.4899791675534518,-1.542815901932136,0.21533597222694892,18.661427,55.965115800034255,19,19.262667526315788,19.520661732809252,9.048680600244552,-5.495470327023207,0.15184022222222182,0.2611416228061874,0.028253126108173543,0.19286803359444307,-0.0919869999999996,0.8906960056766782,-19.237770702098494
ZTF18abjrfqx,SN Ia,0.04,33,0.42424242424242425,0.5757575757575758,57.8621642999351,3.982615699991584,1.808192634372972,0.0,1.5185139398778875,0.5703208720112983,17.690443,48.90362269990146,14,19.058906142857143,42.73778038214313,5.94944450026378,-18.540793523728013,0.2788538461538464,0.2705684655058871,-1.7175250971577745,0.1385067704615977,17.584896,57.8621642999351,19,18.560112684210527,32.968903598961305,8.979675900191069,-16.537222414138427,0.163833222222222,0.3190366818472498,-1.0757500033552205,0.18369923860582535,0.10554699999999784,0.8451744467490704,-18.479973030166843
ZTF22aamjqvc,SN II,0.03,34,0.47058823529411764,0.5294117647058824,49.9581250003539,4.9791204002685845,1.5138825757683,0.0,1.5314789170422551,0.6805699773512145,18.171558,49.92319450015202,16,19.167503125,28.40452969786018,14.99872690020129,-13.326241017023989,0.26520613333333287,0.017838087149142832,-1.1162819828954398,0.429461862440029,17.864988,47.999282400123775,18,18.444639666666667,33.66921415946267,14.98059029970318,-16.03654710567361,0.16446694117647057,0.5909779158528654,-0.8161282412525517,0.4537002935834747,0.3065700000000007,1.0400821013112331,-17.37416434712534
ZTF18abkhcwl,SN Ia,0.03164,30,0.4666666666666667,0.5333333333333333,49.90291659999639,7.963298600167036,1.7207902275860822,0.0,1.4771212547196624,0.6011672672455015,16.413445,42.94350690022111,14,17.40541285714286,0.0,0.0,-58.08171289087902,0.2179773076923073,0.45643631074772373,-1.0873766759422694,0.0,16.661526,41.91925919987261,16,17.132121625,104.9855876397475,6.93983789999038,-41.387731589286986,0.11415973333333322,0.3808674168928815,-0.6781687995666688,0.19839773335569003,-0.2480809999999991,1.0244338215869904,-19.247853447655228
ZTF18abkhcrj,SN Ia,0.03823,32,0.4375,0.5625,58.94310180004686,6.0108333001844585,1.901390380646673,0.0,1.505149978319906,0.5428964377978249,17.62713,58.94310180004686,14,18.771154428571432,63.38361546127557,10.136979100294411,-16.681255487134415,0.3131733846153843,0.14464691808101815,-1.381223202389379,0.20769892258509254,17.410471,58.80959490034729,18,18.190180666666667,60.776951613247334,12.849791700020432,-19.524215504309936,0.19461964705882362,0.5154828612505332,-0.3676416798343771,0.279587613637324,0.21665899999999993,1.002270155064421,-18.44500756362217
ZTF18abjtgdo,SN Ia,0.07393,24,0.4166666666666667,0.5833333333333334,34.812245400156826,7.925706000067294,1.5135758869633402,0.0,1.380211241711606,0.689412582386653,18.363695,17.083171300124377,10,18.6997955,8.553629762383478,3.06115740025416,-16.28041082383597,0.11026655555555583,0.24952950791913944,-1.5186705854297042,0.21831082340336955,18.413212,34.812245400156826,14,18.97736528571429,19.99252916945234,5.860544000286609,-9.76400770036017,0.13516969230769285,0.18346171339294176,-0.9990585517895063,0.20242485646501177,-0.04951700000000159,0.49072305172384595,-19.140524604514617
ZTF18ablhvfr,SN Ia,0.085,21,0.42857142857142855,0.5714285714285714,44.93753470014781,5.996666700113565,2.2468767350073904,0.0,1.3222192947339193,0.4673153554178157,18.404037,41.916539300233126,9,19.181623333333334,30.333886203898103,7.925706000067294,-11.145739223236784,0.38901675000000013,0.6547519783620344,-0.509182084635114,0.23317186519309682,18.64276,44.93753470014781,12,19.118045833333333,13.462322556615488,13.95553239993751,-6.883279167686697,0.18157618181818239,0.14787250514526906,-1.5044230286166986,0.45043997688434695,-0.23872300000000024,0.9327734505225374,-19.403173702098496
ZTF18aasprui,SN Ia,0.038,24,0.4166666666666667,0.5833333333333334,25.03623849991709,3.0050232000648975,1.0885321086920474,0.0,1.380211241711606,0.9586104558030744,17.363016,17.96214129962027,10,18.060973299999997,88.12224173194556,11.969097299966961,-21.76436503684978,0.3471207777777789,1.2100923935203975,-0.03589436452689032,1.9971649299853895,17.480255,23.017627300228924,14,17.899936214285713,81.25961932590879,9.973738400265574,-30.36794428970249,0.19998107692307643,1.5273110361806237,1.1368992527628432,0.764629205044333,-0.11723900000000143,0.7803645903781589,-18.696018056611084
ZTF18abmmdif,SN Ia,0.075,23,0.391304347826087,0.6086956521739131,44.869247700087726,5.8871875000186265,2.0395112590948967,0.0,1.3617278360175928,0.5126005266175887,18.274078,32.91131949983537,9,18.87847577777778,28.245984206115274,9.036898199934512,-15.775892131043362,0.29830562500000024,0.7236457353843087,-0.26891696031061674,0.3785179999304125,18.492077,44.84791670041159,14,18.984874357142857,14.840533153526598,14.902754700277,-8.327625402274933,0.14818530769230792,-0.14179030373789045,-1.4319962891889584,0.4976681942882801,-0.21799899999999894,0.7338427717765835,-19.26134439048553
ZTF18abltfho,SN IIn,0.055,24,0.4166666666666667,0.5833333333333334,45.98165509989485,5.980046299751848,1.9992023956476022,0.0,1.380211241711606,0.5219472841475618,18.339235,42.98521990003064,10,18.594213399999997,17.05673349087851,16.045706099830568,-6.264668498741085,0.16329833333333355,1.5338211286592889,1.4652801736392282,0.5956197360811835,18.315676,45.96271999971941,14,18.59829435714286,16.10576428716874,18.996296299621463,-5.630484682173958,0.12047315384615367,1.4478340004249683,1.1586927240597067,0.7044425508879201,0.023558999999998775,0.9352192363788099,-18.522694520998247
ZTF18abmxdhb,SN Ia,0.07,39,0.358974358974359,0.6410256410256411,44.0394561002031,5.984618000220507,1.1589330552685027,0.0,1.591064607026499,0.885569520006405,18.30366,25.082117999903858,13,18.705764076923078,29.70715719513843,6.962534700054675,-13.418021166949842,0.13989674999999982,0.12499547452659164,-1.3715356857355558,0.38425468096237225,18.429642,40.97233800031245,24,18.841250208333335,29.540305310803436,10.017858800012618,-7.1981540773483506,0.11719086956521722,0.7099797180304577,-0.49275902491848145,0.32363196082832446,-0.12598200000000048,0.6121719975978082,-19.081946273598312
ZTF18abobkii,SN Ia,0.0597,24,0.375,0.625,42.00277779996395,4.010960699990392,1.8262077304332152,0.0,1.380211241711606,0.5713907807311877,18.82018,37.879965299740434,9,19.47539888888889,6.796735831058444,11.966655099764466,-9.41979437721344,0.3147059999999997,0.8185754231341109,-0.18490505605093066,0.4617956952398758,18.16555,42.00277779996395,15,18.701686266666666,32.23562137689809,13.039699099957943,-9.819683336971154,0.1958349999999999,1.2057366052202108,1.5366584634993146,0.4502179908089411,0.6546300000000009,0.9018442894453743,-18.219807729173873
ZTF18abokpvh,SN Ia,0.08,26,0.38461538461538464,0.6153846153846154,33.04215280013159,4.087337900418788,1.3216861120052636,0.0,1.414973347970818,0.7868736688336014,18.635424,16.99519670009613,10,18.9911103,0.0,0.0,-12.19314649698216,0.11315155555555576,0.7307441692687247,-0.6100730959273166,0.0,18.642075,33.04215280013159,16,18.999315625,9.346121701872244,12.00069440016523,-9.482061359907046,0.10048100000000014,0.634977053800117,-1.0474677783672652,0.5703356759807303,-0.006650999999997964,0.5143489530751292,-19.040142008486747
ZTF18abntsgz,SN Ia,0.05,42,0.3333333333333333,0.6666666666666666,42.89380789967254,3.0007060999050736,1.0461904365773789,0.0,1.6232492903979006,0.9791623093532957,18.993082,30.966307900380343,14,19.747108071428574,14.229820161607117,13.013935199938715,-10.593402803764066,0.22669969230769219,0.20129653245637874,-1.042677373169246,0.7249144955428968,18.647617,41.85065979976207,27,19.188337259259264,20.810795698866386,13.912963000126183,-7.3686831076207335,0.13919238461538413,1.2066005768791852,2.0338958581782443,0.49799964184261286,0.3454650000000008,0.7399240071373114,-17.66188409520712
ZTF18abmwnov,SN Ia,0.04777,26,0.3076923076923077,0.6923076923076923,85.89881950011477,23.086689800024033,3.4359527800045906,0.0,1.414973347970818,0.3026816916845436,17.978445,36.04715280001983,8,18.733502375,27.540249398773035,20.943634300027043,-24.921248377607387,0.4876824285714285,1.3079172186192478,0.8609161540555346,1.3866725359416776,17.822495,82.91124999988824,18,18.547803222222225,42.29408575834105,14.975000000093132,-9.12875772344125,0.2408960588235292,0.8179386221878524,-0.7806750776671505,0.2204272387736782,0.1559500000000007,0.4347679331823898,-18.577447279943797
ZTF18abokyfk,SN II,0.01718,39,0.38461538461538464,0.6153846153846154,137.72852999996394,22.97302080038935,3.624434999999051,0.0,1.591064607026499,0.28316573189309585,17.768456,76.82050919998437,15,18.546720399999998,32.727695472531344,9.002175900153816,-9.057758643422492,0.16270271428571448,0.41991056786728126,-1.0704194597331316,0.13273956262467318,17.541605,137.66498839994892,24,18.094338833333335,34.38632525766921,14.890613399911672,-6.978393592900318,0.1419221739130437,1.4508080820504587,1.4365796532966382,0.121284375505126,0.2268509999999999,0.5580250294054641,-16.566775871003145
ZTF18abquher,SN Ia,0.05,45,0.4888888888888889,0.5111111111111111,41.93430549977347,17.925659699831158,0.9530523977221244,0.0,1.6532125137753437,1.0731070769788493,18.004923,15.932939799968153,22,18.432481,50.15742091839216,5.936851799953729,-35.892641830522884,0.13074928571428554,0.23632958845969057,-1.1250857647186607,0.593917520528547,17.774326,41.93430549977347,23,18.377713000000004,49.64351234577204,9.998437500093132,-20.270090358998615,0.1692492272727275,1.4518316817574721,1.2283069027226192,0.31307862057149066,0.23059700000000305,0.3799500101427511,-18.65004309520712
ZTF20acfkzcg,SN IIP,0.0187,172,0.42441860465116277,0.5755813953488372,183.6877314997837,17.84818289987743,1.0741972602326533,0.0,2.2355284469075487,0.9363717358565264,18.08067,112.89179399982095,73,18.717780356164386,32.43576450094053,4.052268600091338,-4.24814936669397,0.059311111111110995,0.43122393881274584,-0.2993469509264086,0.03723159013427125,17.7716,183.65326389996335,98,18.249242163265308,5.662332997047903,71.93229170003906,-6.0777886050533425,0.09361635051546399,2.2474154385750884,3.5371105495040664,0.6438566572023422,0.30907000000000195,0.6147007224511597,-16.438654106209523
ZTF18abqyvzy,SN II,0.0148,41,0.4146341463414634,0.5853658536585366,131.72881950018927,22.93990739993751,3.293220487504732,0.0,1.6127838567197355,0.31124548261772805,16.409985,76.97659720014781,17,17.267071705882355,94.71129728578715,5.911874999757856,-32.59827870349647,0.14658900000000008,0.40602881782169914,-1.4525373898718776,0.08319001069317367,16.339384,131.72881950018927,24,17.144639500000004,125.30058412180996,17.960324100218713,-24.160864751411797,0.2062305217391306,1.1785283395147343,0.7510865365755235,0.1578672903871713,0.07060099999999991,0.5843565401422064,-17.601439650501817
ZTF18abvptts,SN Ia-pec,0.05,21,0.5714285714285714,0.42857142857142855,24.9642244996503,11.860358800273389,1.248211224982515,0.0,1.3222192947339193,0.8412037794442271,17.946459,24.9642244996503,12,18.436956499999997,52.399651206448134,10.056435199920088,-19.245768229180804,0.2123866363636363,1.132607527959713,0.34826093823145676,0.6745758876604246,17.768219,21.91339119989425,9,18.096090333333333,43.510137770014744,9.97134259995073,-25.953740532462227,0.19457262500000017,0.9738578593291509,0.3571419642766047,0.8349775598801273,0.1782400000000024,1.1392223262901806,-18.70850709520712
ZTF18aaklpdo,SN Ia,0.046,21,0.6190476190476191,0.38095238095238093,27.022175999823958,4.036828699987382,1.351108799991198,0.0,1.3222192947339193,0.7771394872173436,17.227959,27.022175999823958,13,17.665962999999998,84.4820273214517,11.029432899784297,-50.28142068076388,0.2317769166666667,0.9508868448111253,-0.6082121595755021,0.6896523523695535,17.160463,19.99663189984858,8,17.578693875,72.36565518331943,6.992986099794507,-57.27144988999002,0.1937514285714284,0.16191476710326672,-0.10663256210644523,0.5377711918118708,0.06749599999999845,1.3513363718031224,-19.2459462319349
ZTF18accndxn,SN Ia,0.032,29,0.4482758620689655,0.5517241379310345,66.97980319987983,15.012361099943519,2.392135828567137,0.0,1.462397997898956,0.43296633633662324,17.3084,66.97980319987983,13,18.44354523076923,80.92857964083562,9.980659699998796,-19.389383668868483,0.3992221666666674,0.42459110808987033,-1.388632496575255,0.17510192411960765,17.1889,61.89916669996455,16,18.0671226875,65.70606745654091,5.009004699997604,-19.842204613144638,0.1717967333333334,0.2038571322573653,-1.4342064951194198,0.08804694034797289,0.11949999999999861,1.0820792390395488,-18.37746596512656
ZTF18acefuhk,SN II,0.057,31,0.3225806451612903,0.6774193548387096,63.93475690018386,8.013888800051063,2.131158563339462,0.0,1.4913616938342726,0.48486928711401506,18.727438,57.086192100308836,10,19.444572899999997,7.034020859424177,34.08766200020909,-6.627255906756775,0.2424164444444447,0.06808555964380832,-1.414439026507353,1.4821669842309295,18.491072,63.93475690018386,21,18.994445428571428,9.13061090339049,35.011608799919486,-7.208110667454908,0.1407148000000001,1.2377474538594508,0.48115606316610826,1.2105047721136366,0.2363660000000003,0.8928819763784019,-18.21205235188949
ZTF18acnbeuu,SN Ia,0.102,26,0.34615384615384615,0.6538461538461539,42.95299769984558,8.914502299856395,1.7181199079938232,0.0,1.414973347970818,0.6053128161551684,18.684122,30.938182899728417,9,19.131652000000003,13.224507309381584,12.971504699904472,-11.91993713211487,0.23689424999999975,0.3138307019514773,-1.420398692194197,0.7219756794014143,18.639841,42.9220833000727,17,19.07946288235294,12.027967895231527,18.004560200031847,-8.814849172623925,0.18218599999999996,0.5220138877454155,-1.25223344782405,0.7225662088380818,0.044280999999998016,0.7207987245967629,-19.51899493233662
ZTF18achtnvk,SN II,0.04,33,0.24242424242424243,0.7575757575757576,68.87304400000721,12.953877300024033,2.1522826250002254,0.0,1.5185139398778875,0.47914246392240983,19.034178,27.996666599996388,8,19.393319625,0.7491918338771482,3.0770254000090063,-5.250933175167795,0.16904557142857207,0.47322372313394184,-1.672372158844916,0.12347791749146711,18.813484,55.91916669998318,24,19.084299125,3.89071583268443,17.9974768999964,-3.85573556325393,0.06837778260869536,0.8859586899889863,0.018217725491127545,0.4745958578038544,0.22069400000000172,0.5006631581297296,-17.13623803016684
ZTF18acnmifq,SN IIb,0.073,26,0.3076923076923077,0.6923076923076923,49.98187500005588,11.789699099957943,1.9992750000022352,0.0,1.414973347970818,0.5201885683554475,18.77831,36.981886599678546,8,19.286054125,7.551318727848581,7.1514121000654995,-7.177778293337675,0.24093328571428582,0.5744972589569094,-0.7023056620693091,0.23973511048770832,18.796564,49.8673379002139,18,19.21042322222222,16.43557160996711,6.955578700173646,-3.9140447714418154,0.1416125882352943,0.38154475378585173,-1.2054070328199145,0.1620902715208917,-0.018253999999998882,0.7416053905600587,-18.698420374129302
ZTF18acnbgpw,SN Ia-91T,0.055,21,0.47619047619047616,0.5238095238095238,85.0205207997933,12.021689800079912,4.251026039989665,0.0,1.3222192947339193,0.24699919269432485,17.617193,73.96732639987022,10,19.1657549,32.465504597919775,12.990219899918884,-13.697884742738047,0.4175615555555557,-0.07429573465124101,-1.6166108509295287,0.21303437708919906,17.774101,84.98227999964729,11,19.09777718181818,34.53101714717875,9.938298599794507,-9.62770356509355,0.36131020000000047,0.32417275095686143,-0.9947572673692426,0.13243298682196522,-0.15690800000000138,0.8703852897354273,-19.244736520998245
ZTF18acqtjcz,SN Ia,0.06268,80,0.4375,0.4625,44.906481499783695,6.910833300091326,0.5684364746808063,0.0,1.9030899869919435,1.781480029790028,18.149967,29.833657399751246,34,18.463098411764705,21.032621338769,8.039351900108159,-18.939857529342202,0.09089548484848496,2.263972003144613,5.262253247141851,0.36887396573567416,18.102472,41.83013889985159,36,18.437218833333333,25.66483201644915,9.908148099668324,-10.471051630687729,0.12422779999999989,1.0619876216569357,-0.006305573841058454,0.3103862839159593,0.0474950000000014,0.7132096183371051,-18.995794012509794
ZTF18acqsfxh,SN Ia,0.04184,28,0.2857142857142857,0.7142857142857143,43.019814800005406,7.9149073995649815,1.5933264740742743,0.0,1.4471580313422192,0.650862867033925,19.59749,29.01821759995073,8,19.872186624999998,7.013163574760677,6.986273100133985,-2.8154396240324773,0.17747042857142908,0.25672265970281133,-1.4611286143645523,0.3170974355074331,18.589064,43.019814800005406,20,19.019314249999997,17.275354300921887,12.03626159997657,-7.427121044640599,0.15829568421052617,0.6966580323805853,-1.0925212759989915,0.38847260423202096,1.008426,0.6745314394042228,-16.670584452823114
ZTF18acrtvmm,SN II,0.02345,21,0.38095238095238093,0.6190476190476191,89.78483800031245,16.975358800031245,4.489241900015623,0.0,1.3222192947339193,0.23389249752755495,17.768167,43.76748849963769,8,18.223389375,3.7077833973914025,11.844293999951333,-13.76761129838938,0.14393642857142858,0.03188758925503548,-1.696858657646686,0.37102471057737346,17.65167,89.78483800031245,13,17.93429276923077,53.949468824803056,5.912129700183868,-4.238874909598629,0.09721425000000039,-0.08010506907543416,-1.0449769037177379,0.07048931434320697,0.11649699999999896,0.48747081884232374,-17.242663308782546
ZTF18acszayr,SN II,0.021,20,0.55,0.45,57.950682800263166,9.007800900377333,3.050035936855956,0.0,1.3010299956639813,0.3451210414367918,17.0066,45.006145799998194,11,17.768033272727273,0.0,0.0,-31.304708305903283,0.2748744000000006,1.225449058259305,1.0669187118191577,0.0,17.177567,53.89047450013459,9,17.73462211111111,56.98391794047734,16.03755780030042,-24.65347214359209,0.35058800000000057,0.518680844883017,-1.4422506165047917,0.42368089961138133,-0.17096700000000098,0.8351410192145514,-17.764612547196627
ZTF18acsxwdi,SLSN-II,0.1193,20,0.4,0.6,57.991747700143605,11.009606500156224,3.0521972473759793,0.0,1.3010299956639813,0.3448766556133723,18.115664,44.987303299829364,8,18.200271125,3.383011204134781,13.933009299915284,-4.5063206770015345,0.06039242857142873,1.5241012746646747,1.2785008263264865,0.44866611039213555,18.082174,46.93115740036592,12,18.428214916666665,9.404764819933176,33.947511500213295,-3.614689436527843,0.0921116363636365,0.5553469652436532,-1.2934927822938613,2.61463627098874,0.033490000000000464,0.9585807338192474,-20.427654291878742
ZTF18acvwmpw,SN Ia,0.08,26,0.46153846153846156,0.5384615384615384,46.89685190003365,8.832824100274593,1.8758740760013461,0.0,1.414973347970818,0.5544082160444834,18.025705,39.93979170033708,12,18.707479916666664,23.91249683304413,10.997094899881631,-18.359938667027222,0.25066872727272743,1.2519599999323423,0.30378093178546983,0.37996096133338125,18.144382,46.89685190003365,14,18.619084,21.153596073268083,18.945740699768066,-11.71387667630324,0.18714307692307733,0.7566810085838847,-0.2616668746128852,0.6778170844094401,-0.1186770000000017,0.8516518717604672,-19.64986100848675
ZTF18acvguyi,SN Ia,0.045,58,0.46551724137931033,0.5344827586206896,81.81781250005588,22.87578700017184,1.435400219299226,0.0,1.7634279935629373,0.7088920887485276,17.346973,81.79143520025536,27,18.540326592592592,47.61691877241897,16.97820600029081,-16.5778673337613,0.21022119230769207,0.4909358350283245,-0.84482135859772,0.26195587243321766,17.425367,58.94202549988404,31,18.077904419354844,68.26866663799338,10.969247700180858,-17.589511455058936,0.13485560000000021,0.7838715237894913,-0.31354632546938843,0.22865567105536105,-0.07839400000000296,1.3876590515271023,-19.07920564240375
ZTF18acybdar,SN Ia,0.0713,34,0.38235294117647056,0.6176470588235294,71.83179390011355,16.84789349976927,2.176721027276168,0.0,1.5314789170422551,0.47332800914423845,17.831491,39.9508102000691,13,18.615328,40.6636948205279,15.036006900016218,-23.23839346883719,0.32308383333333346,0.3576151724799429,-1.639970482593496,0.6034969138200784,17.987131,71.80009249970317,21,18.777330095238096,35.34420284291035,14.96709489962086,-9.501262238158745,0.21723854999999972,0.4381905585688872,-0.8567416078918106,0.2633521991034164,-0.15564000000000178,0.5564172525297828,-19.594072722786358
ZTF18adazgdh,SN Ia,0.0767,28,0.35714285714285715,0.6428571428571429,42.758448999840766,9.792731399647892,1.5836462592533618,0.0,1.4471580313422192,0.6548413390790735,18.723942,13.982905100099742,10,18.958508400000003,12.49468908532813,10.975254600401968,-18.041616994186203,0.09040877777777784,0.6115706507909774,-0.9258019481607156,3.649112355808902,18.659672,42.758448999840766,18,19.13491733333333,13.861970674726642,12.025243000127375,-7.542759821692054,0.14797741176470555,0.2531989803124491,-1.0214101619994824,0.39127850834174344,0.0642700000000005,0.3270208678558901,-18.860150893271936
ZTF18adbmrug,SN IIn,0.02396,23,0.6086956521739131,0.391304347826087,55.92209490016103,15.969074100255966,2.541913404552774,0.0,1.3617278360175928,0.4112864520018861,17.9008,39.009884199593216,14,18.481761857142857,51.688097994905036,9.065844899974763,-19.728721645896186,0.2637368461538458,1.2329782638941977,0.6856763495617555,0.30275958461256364,17.825842,55.92209490016103,9,18.555511222222222,56.16356963572703,10.937465299852192,-13.983929686463307,0.49670687499999966,0.9464092377457178,-0.6353422178457793,0.24313783167789166,0.07495799999999875,0.6975755158893535,-17.156750142113392
ZTF19aabyheu,SN Ia,0.021,35,0.4857142857142857,0.5142857142857142,120.74156249966472,17.967280100099742,3.5512224264607273,0.0,1.5440680443502757,0.2898753277281565,16.245071,120.72187499981374,17,18.589817294117644,235.42539642739348,10.986516200006008,-27.906784611776537,0.34359756250000006,-0.6140129254890058,-0.9882620602518983,0.10011828748880218,16.217697,120.66597219975665,18,18.45903416666667,232.84128049700283,10.988830999936908,-28.702070805126343,0.36835017647058793,-0.7827071933552734,-0.4798535180035737,0.10019253674670879,0.027373999999998233,1.0004632855397257,-18.526141547196627
ZTF19aadgimr,SN IIn,0.035,86,0.45348837209302323,0.5465116279069767,226.64931719982997,14.957164399791509,2.6664625552921173,0.0,1.9344984512435677,0.3794408077751955,16.389992,226.64931719982997,39,18.747344923076923,133.94630945097654,19.999745400156826,-13.09224622193863,0.20497573684210507,-0.6714760735630755,-0.11649698642786177,0.09678096705443287,16.307175,205.7266551000066,47,18.022719297872335,35.45076842167093,20.960810199845582,-15.096691218099448,0.07386089130434786,-0.5116358538488975,-0.6958678480516598,0.11344526479540545,0.08281699999999859,1.1017012700160442,-19.490464295278407
ZTF19aadnxog,SN IIP,0.02014,64,0.390625,0.609375,171.7263889000751,10.980752300005406,2.725815696826589,0.0,1.806179973983887,0.37268587786610125,16.735233,154.70346069987863,25,18.495807120000002,95.90724340203414,8.997905099764466,-13.596134364257956,0.2289089999999998,0.22614969341026933,-0.4812149095549576,0.06175402895726933,16.709757,171.67052080016583,39,17.627945282051286,46.18989531530555,23.972395800054073,-12.68685197374484,0.10638752631578934,1.031094913383052,-0.2626193546207034,0.1623067036229196,0.025476000000001164,0.9011649756684911,-17.945180404615023
ZTF19aadyppr,ILRT,0.0015,54,0.25925925925925924,0.7407407407407407,189.65539349988103,15.918761599808931,3.5784036509411514,0.0,1.7323937598229686,0.28472694081349115,17.736965,105.73634260008112,14,18.894645500000003,5.290390879024048,15.938599599990994,-7.748939924303388,0.17839284615384607,-0.37365684660068343,-1.2175890513491152,0.17749443435315515,16.611526,189.65539349988103,40,17.761015,76.62984157481011,25.94746519997716,-12.729240288440367,0.14029905128205128,0.37547137275851583,-0.959822087173436,0.15849852520546737,1.125439,0.557518247432006,-11.303607368805434
ZTF19aafljiq,SLSN-II,0.106,62,0.4838709677419355,0.5161290322580645,167.82129629980773,16.0815162002109,2.7511687918001266,0.0,1.792391689498254,0.3694405976297481,17.96768,156.72129630018026,30,18.352613866666665,5.945087894214237,68.72600689996034,-4.835831201161798,0.1308406206896551,0.9605968281313166,-0.3429600464770819,0.7810191587345194,17.710802,167.82129629980773,32,18.11342684375,6.87840873897567,94.8628819999285,-5.922003875209428,0.08792635483870966,1.712858401902513,2.0961653172271264,1.3002322338039842,0.2568780000000004,0.9338582155878616,-20.318965399850875
ZTF19aailepg,SN II,0.02981,56,0.4642857142857143,0.5357142857142857,146.73612270038575,13.830520799849182,2.667929503643377,0.0,1.7481880270062005,0.3816374521108481,18.256062,124.7594792000018,26,18.92732746153846,31.848959596455884,7.9527662000618875,-3.1744771111970858,0.13418164000000046,0.296192871627596,1.0928711836072154,0.06808483858342952,18.174257,120.9465972003527,30,18.481422900000005,0.6578246241797028,47.022928200196475,-5.587751859780541,0.09243099999999979,1.9601582114360916,2.4141602155270157,0.6361011139760542,0.08180499999999924,1.0315253350479379,-17.275863953690184
ZTF19aakirwj,SN Ib,0.03165,26,0.4230769230769231,0.5769230769230769,98.8809722000733,21.97820599982515,3.955238888002932,0.0,1.414973347970818,0.26294239853742785,19.184381,90.94337960006669,11,19.789182636363638,3.8588280679048506,33.97969899978489,-1.2623423409345988,0.24457480000000018,-0.7811147148829953,0.7312740342140223,0.5965151591629559,18.539322,98.8455324000679,15,19.055545533333333,0.429625489203361,41.937962899915874,-3.926911059842239,0.19283228571428523,0.10066842745863365,-1.1931881255582526,0.7369487621467271,0.6450589999999998,0.9200555391009683,-16.4776036452939
ZTF19aailltc,SN Ia,0.088,46,0.4782608695652174,0.5217391304347826,110.6630903002806,20.94012730009854,2.45917978445068,0.0,1.662757831681574,0.4156760838250634,18.540234,85.81564809987321,22,19.93906081818182,14.684221197177145,11.857766199856997,-4.594285205770392,0.19498280952380923,-0.3775905183480285,-1.1707245706738991,0.1603313385297801,18.661184,110.6630903002806,24,19.468886416666667,10.642652736744903,20.807037100195885,-3.1956761465674277,0.17446534782608641,0.29354748557630883,-0.929810934276182,0.23155965969108766,-0.120949999999997,0.7754676637622835,-19.34229543427787
ZTF19aalcyfd,SN Ia,0.03518,23,0.4782608695652174,0.5217391304347826,92.94130779989064,16.95189809985459,4.224604899995029,0.0,1.3617278360175928,0.2474680047489827,16.834724,66.94858790002763,11,18.603073636363636,68.58887836154406,18.059259200002998,-35.30577795556249,0.4180311999999997,-0.47548549262427947,-1.1270597406813476,0.36939061509334853,16.85085,87.88056709989905,12,17.954162500000002,43.08794232734922,9.903506899718195,-21.858850896234944,0.2999371818181816,0.7041420110879204,-0.7085356800309204,0.12700538946062018,-0.016125999999999863,0.7618133349540542,-19.05687124913424
ZTF19aaloqmd,SN II,0.0335,34,0.35294117647058826,0.6470588235294118,98.8625000002794,11.886840200051665,2.9958333333417997,0.0,1.5314789170422551,0.34391199898752217,18.36238,85.92004629969597,12,19.31436808333333,0.18239247656450536,12.012928199954331,-5.298842442735528,0.19930881818181784,0.1382081972342251,-1.0207294324608085,0.16254088251340335,18.375546,98.8625000002794,22,18.875997090909088,13.401596784734902,23.945613500196487,-4.050786768094134,0.14867947619047617,0.830773889169489,-0.4819243771065187,0.3196290531931007,-0.013165999999998235,0.869086319883203,-17.42296010871125
ZTF19aafmyow,SN Ic,0.0265,81,0.3950617283950617,0.6049382716049383,232.6365278000012,17.97359950002283,2.9079565975000152,0.0,1.9084850188786497,0.3481826382382912,17.297962,214.66292829997838,32,19.633899562499998,95.46201764011862,11.017048599664122,-5.698120513907717,0.21456938709677423,-1.0812516129037866,1.1500851016786457,0.054099049859868686,16.962145,232.57662039995193,49,18.916868530612245,56.45744613672766,26.95907409954816,-7.603576195805948,0.1558300208333329,-0.7297517875687919,-0.012266809430820036,0.13111271185077467,0.3358169999999987,0.9229772447928422,-17.978383443211065
ZTF19aakzwao,SN Ia,0.01951,61,0.4426229508196721,0.5573770491803278,142.8718056003563,11.822800899855793,2.3811967600059387,0.0,1.7853298350107671,0.42695617755843546,16.103865,135.83827550010756,27,18.72989688888889,128.82248139196648,12.012928199954331,-28.43904666703829,0.21462038461538463,-0.9838597367972439,-0.5212317421678581,0.09701509797372049,16.153593,136.88921299995854,34,18.171722441176474,169.69212940035632,18.982419000007212,-28.731733245618155,0.23074736363636397,0.10986812155904445,-1.214083813040912,0.16099512467462262,-0.04972800000000177,0.9923227150129696,-18.507537420499617
ZTF19aalouag,SN Ib,0.0549,56,0.5892857142857143,0.4107142857142857,145.94320610025898,13.014710700139403,2.653512838186527,0.0,1.7481880270062005,0.38371090711498784,18.48864,145.94320610025898,33,19.04625312121212,7.278192664549248,38.007963000331074,-2.4324378318963755,0.09799087499999992,0.33701510278674096,-1.1497345329560154,0.35213672484290226,18.242365,122.97136570001021,23,18.7573192173913,6.850580177059485,27.989270800258964,-3.401047992009277,0.13432409090909078,0.28453122938231784,-1.097102053086564,0.29467944279182523,0.2462750000000007,1.1868064184656515,-18.369337795777486
ZTF19aamhmsx,SN II,0.047,39,0.38461538461538464,0.6153846153846154,112.67885420005769,11.977268599905074,2.965233005264676,0.0,1.591064607026499,0.3461164055747031,18.715572,99.72410880029202,15,19.657335733333333,0.0,0.0,-2.7776017261396624,0.15397342857142857,0.14103750920007954,-1.3880246658957254,0.0,18.543844,112.67885420005769,24,19.150639166666668,5.975883027659397,11.978229200001806,-2.730748784929748,0.07994499999999984,0.28003148591419313,-0.96135086359706,0.11894890622570772,0.17172800000000166,0.8850294894127612,-17.805033363205617
ZTF19aamjvie,SN Ia,0.042,41,0.43902439024390244,0.5609756097560976,84.97590279998258,22.00627320026979,2.1243975699995645,0.0,1.6127838567197355,0.4824897253107902,17.11381,79.02439819974825,18,18.384691222222223,3.4156890801606052,11.997824099846184,-20.092249800235116,0.2246808823529408,0.5341816094619868,-1.029577862798215,0.17900100461592464,17.12797,84.97590279998258,23,18.103322391304346,62.03597681793309,9.98128469986841,-17.269729933520058,0.19729049999999984,0.8917261588096288,-0.15010431010179914,0.13309334659913705,-0.014160000000000394,0.9299624434206594,-19.16255252551653
ZTF19aamfxby,SN Ia-91T,0.07,28,0.5,0.5,47.0287268999964,5.9438194003887475,1.7418046999998666,0.0,1.4471580313422192,0.5953807777858886,18.12858,39.06488429987803,14,18.861294285714287,51.228090977349204,3.080902799963951,-13.305415558640519,0.21075723076923117,0.7157876018469986,-0.042476789078718546,0.08561873009998372,18.073029,46.96369220037013,14,18.747484714285708,16.785816538688728,15.995057899970561,-13.464593139250518,0.17778107692307707,0.10965613526546247,-1.2066572099856516,0.5164921948064137,0.05555100000000124,0.8318103298439161,-19.257026273598314
ZTF19aamhhae,SN Ia,0.04,36,0.4444444444444444,0.5555555555555556,84.86283560004085,8.89652769966051,2.424652445715453,0.0,1.5563025007672873,0.424213965341298,17.418907,84.75240739993751,16,19.164960625,52.519983247340086,15.892430499661714,-14.80275917792706,0.3532098666666665,-0.12298957788483295,-1.5041108385684283,0.23079343350169004,17.437996,84.86283560004085,20,18.7506476,52.601034499634935,15.944560199975967,-14.045868842414436,0.23103647368421076,0.10251982064423475,-1.3275793722785345,0.2313546023521209,-0.01908899999999747,0.9986987448707961,-18.75150903016684
ZTF19aamhhey,SN Ia,0.045,34,0.47058823529411764,0.5294117647058824,84.8768750000745,10.043437500018626,2.572026515153773,0.0,1.5314789170422551,0.400580252276844,17.209658,84.75826389994472,16,18.77826675,59.68097447978155,10.935324099846184,-16.73661528818273,0.2975013333333332,0.19502523531400556,-1.5044743267365186,0.1481290792463346,17.304375,84.8768750000745,18,18.518034555555552,39.75644943258987,15.943171299993992,-15.73918667021113,0.2010691764705884,0.10414420334452151,-1.553096699749142,0.23128267370284022,-0.09471699999999927,0.9986025510466817,-19.216520642403747
ZTF19aamhhgu,SN Ia,0.0382,20,0.4,0.6,59.88222219981253,10.043437500018626,3.151695905253291,0.0,1.3010299956639813,0.3339889413800447,17.496351,52.04204860003665,8,19.328151625,75.92830502452405,7.135509300045669,-21.227474095984768,0.594768857142857,-0.080643967658165,-1.2080631602653655,0.15889688698516793,17.56548,59.88222219981253,12,18.690017166666667,73.68517810207486,10.961203699931502,-17.18939000567918,0.41336145454545464,0.23370589832661312,-1.5387683018561333,0.2240591883825591,-0.06912900000000022,0.869073435958754,-18.574081888085576
ZTF19aamhgwm,SN II,0.03422,37,0.4594594594594595,0.5405405405405406,88.85721069993451,10.066886600106955,2.468255852775959,0.0,1.568201724066995,0.4163983959044898,18.106506,82.84287039982155,17,18.980214470588237,7.207689868960847,15.96063659992069,-7.659628162686661,0.18108362500000008,0.7617116783817595,-0.9814821364445314,0.23863791164140735,18.07856,88.85721069993451,20,18.672864649999998,15.111399413479592,15.942465300206095,-6.339171423186502,0.13269642105263127,0.656760064569083,-0.5096306178363599,0.21864528515881612,0.027946000000000026,0.9323145499083577,-17.72501009955244
ZTF19aamqebl,SN Ia,0.09,29,0.3103448275862069,0.6896551724137931,50.008043999783695,7.980567099992186,1.7860015714208461,0.0,1.462397997898956,0.5799067046118708,19.108139,18.917638899758458,9,19.775541555555552,0.0,0.0,-7.967778652633889,0.15875762500000024,-0.18626615053402407,-1.611138552408799,0.0,18.696392,50.008043999783695,20,19.4257997,18.923819242730428,9.026377299800515,-6.337837270610697,0.16929936842105175,0.28961726932655824,-0.6808017328371148,0.22025403129356425,0.41174700000000186,0.37829191839297466,-18.823189620723653
ZTF19aanejfr,SN Ia,0.0428,36,0.4722222222222222,0.5277777777777778,50.064594900235534,8.028437499888241,1.4304169971495866,0.0,1.5563025007672873,0.7190710335664902,17.054047,42.01427090028301,17,17.88683394117647,81.57250686748212,8.03480330016464,-38.94580287503478,0.1898718125000003,0.691103827311624,-0.9438312763095498,0.23646054125158367,17.202793,50.02245370019227,19,17.75552057894737,65.47100647674603,7.936666700057685,-23.590606049326926,0.12304822222222159,0.513334044904531,-0.7884679490681772,0.18858306487252582,-0.14874599999999916,0.839908237050785,-19.26328791859289
ZTF19aamvape,SN II,0.03,58,0.3620689655172414,0.6379310344827587,123.74744210019708,15.002118000295013,2.1710077561438084,0.0,1.7634279935629373,0.46869655659660403,18.096989,84.82932869996876,21,19.56960014285714,27.395285185846415,3.1027661999687552,-6.4722956521792,0.19357289999999985,-0.4818180751155358,-1.5417824318825513,0.03796521112666099,17.730743,123.74744210019708,37,19.12524289189189,34.37273581210927,20.040080999955535,-6.823468198680276,0.15879088888888898,-0.7023389312368934,-0.8547731030539674,0.19323682318543597,0.3662460000000003,0.6855036941392557,-17.44873334712534
ZTF19aanfyey,SN Ia,0.0849,21,0.42857142857142855,0.5714285714285714,40.98121530003846,6.958391199819744,2.049060765001923,0.0,1.3222192947339193,0.5124298985828342,18.60937,30.000080999918282,9,19.113621555555554,23.76805598237387,8.020578699652106,-12.914750934020676,0.31325275000000063,1.0513333483522023,0.018810119203092057,0.3649117523263925,18.606014,40.98121530003846,12,19.09999583333333,13.629310396046193,14.989166699815542,-9.185899233039573,0.1920279999999999,0.13525495711945112,-1.3625870676570078,0.5766827744269065,0.0033560000000001367,0.7320446887745208,-19.195284524746796
ZTF19aanhhal,SN II,0.02597,48,0.4583333333333333,0.5416666666666666,114.9195023002103,6.048055499792099,2.445095793621496,0.0,1.6812412373755872,0.4176836745655847,18.215462,97.8454167000018,22,19.05146663636364,0.0,0.0,-4.04305606240337,0.10741961904761917,-0.17672032028852427,-0.6936373204048216,0.0,18.115599,108.88052080012858,25,18.45517296,3.178401135856431,21.956169000361115,-4.421517217204349,0.07654366666666663,1.3435332225529035,2.212885071857637,0.2525893900358064,0.09986299999999915,0.8986494184723468,-17.01701382167354
ZTF19aanijpu,SN Ic,0.05,46,0.5,0.5,148.8506482001394,22.895115800201893,3.3077921822253202,0.0,1.662757831681574,0.3090345964644373,18.073753,125.95553239993751,23,18.88250152173913,14.502116596968646,32.942164400126785,-4.744832359730976,0.1558748636363635,-0.0315611268254737,-1.487487780046655,0.3541659130136414,17.498571,143.7849653000012,23,18.141794782608695,16.91601114931289,43.93822919996455,-8.367400789959676,0.17401768181818172,0.714939014988812,0.40593056799494587,0.4400567401216075,0.5751820000000016,0.8759993239706019,-18.581213095207122
ZTF19aangier,SN Ia,0.0604,23,0.5217391304347826,0.4782608695652174,48.87466430012137,6.003333299886435,2.2215756500055166,0.0,1.3617278360175928,0.4705914675703028,17.790703,44.95958330016583,12,18.753405166666667,23.856548729765876,8.001041600015014,-19.013506760514517,0.2757373636363635,0.6661187463950213,-0.8074104108050779,0.216486940013176,17.90041,48.85550930025056,11,18.40043836363636,28.43797155853805,8.064386600162834,-12.129014663421575,0.18018849999999986,0.5109236042000108,-0.5637804099551214,0.19769954995981248,-0.10970700000000022,0.9202561582944189,-19.274597766632688
ZTF19aaniore,SN II,0.03,67,0.3880597014925373,0.6119402985074627,123.65024300012738,9.891192100010812,1.8734885303049602,0.0,1.8260748027008264,0.5418509367582155,18.533068,109.78494209982455,26,19.560887423076924,19.080089800620218,2.951886599883437,-2.8761169207757615,0.1157798800000002,-0.5792863031183901,-0.6302095166645088,0.027630835662891477,18.484331,123.65024300012738,41,18.89156958536585,11.234110620458527,18.81906249979511,-2.6781616812133744,0.08189252499999986,0.9581676802511991,0.05767415690527411,0.17951779623177536,0.04873699999999914,0.8878667719214386,-17.01265434712534
ZTF19aamrais,SLSN-II,0.1173,55,0.41818181818181815,0.5818181818181818,149.80399300018325,10.977824100293219,2.7741480185219123,0.0,1.7403626894942439,0.3671464217908579,18.776117,116.71145830024034,23,19.41220947826087,3.9715750309632925,28.99739579996094,-2.5095955091111795,0.10255331818181804,0.06553599090978376,-1.3660068986230933,0.33059004421176563,18.465477,143.8041898002848,32,19.06252428125,4.9581696289450266,34.8781829001382,-2.7561340371789655,0.07924854838709652,0.5245971572785222,-1.0155124693762851,0.3202006930457969,0.31063999999999936,0.8115998460290285,-19.73048913410468
ZTF19aalbrgu,SLSN-II,0.097,150,0.43333333333333335,0.5666666666666667,212.68841439997777,10.860208299942315,1.4274390228186429,0.0,2.1760912590556813,0.7052570325617872,17.925251,212.6153124999255,65,19.442876092307692,0.0,0.0,-2.852903750081665,0.08518728125000025,-0.8766102824362769,0.11028664278468536,0.0,17.871433,197.76586809987202,85,18.921251952941184,3.824375997476125,12.086087999865413,-3.02038515957583,0.05964860714285728,-0.7328101963323481,-0.7110674003655326,0.06509102926207624,0.0538179999999997,1.0750859819377654,-20.16872374485826
ZTF19aaniqrr,other,0.519,71,0.38028169014084506,0.6197183098591549,163.83775469986722,9.161944400053471,2.340539352855246,0.0,1.8512583487190752,0.4333555481766959,19.2926,99.85137740010396,27,19.946800407407405,0.0,0.0,-1.244258306539102,0.08342276923076894,-0.31040336500851956,-0.9279891838076026,0.0,18.939917,163.83775469986722,44,19.75580590909091,6.6326267765810485,12.086087999865413,-1.2617946384984335,0.10127702325581392,-0.36893831662455084,-1.158345954370781,0.07964385672124726,0.35268299999999897,0.6094527942171859,-22.443352862769316
ZTF19aanircs,SN Ia,0.06,20,0.4,0.6,68.83508099988103,14.940208399668336,3.622898999993738,0.0,1.3010299956639813,0.29054952372373277,17.817587,59.857962999958545,8,18.547988750000002,30.639686929339437,10.917465299833566,-14.037894672062977,0.48486085714285715,1.2203503214140894,0.1343900256387025,0.2230763031207524,17.998575,68.83508099988103,12,18.946031583333337,21.46418618067104,13.924305600114167,-9.828170009831922,0.2532924545454546,0.33074034182219103,-1.2439188664336407,0.2535805677253883,-0.18098799999999926,0.8695851320355387,-19.233285325445248
ZTF19aanovps,SN II,0.035,57,0.3333333333333333,0.6666666666666666,129.0563542000018,16.954062500037253,2.304577753571461,0.0,1.7558748556724915,0.441667520776743,18.833225,99.95614580018446,19,19.609732789473682,13.11797049090962,5.081469899974763,-2.259133910020391,0.18110972222222227,-0.2695858502081654,-1.6250961478202925,0.053559813003414246,18.562822,124.0119675998576,38,19.043798921052634,1.2062040351679608,11.087546300143003,-2.3509589491013614,0.06783305405405397,0.8759668016003793,0.20250737371392846,0.0981855489940069,0.2704029999999982,0.8060201586568427,-17.047231295278408
ZTF19aanmeyw,SN Ia,0.06,20,0.5,0.5,37.94070600019768,7.9995833998546,1.9968792631682988,0.0,1.3010299956639813,0.5271383194581513,18.544996,18.943125000223517,10,18.7491496,24.8112058599668,5.0454861000180244,-7.695636914896486,0.08754166666666624,0.03349990252533228,-1.1825728045065917,0.36304627974924725,18.370258,37.87512730015442,10,18.7739829,20.936784595811243,4.955266200006008,-7.795553075986641,0.15058344444444513,0.18118897674838433,-1.4397030367794663,0.15052512478503954,0.1747380000000014,0.5001468338337779,-18.505876325445247
ZTF19aanrrqu,SN II,0.02377,39,0.358974358974359,0.6410256410256411,103.93614579970017,15.93895829981193,2.7351617315710572,0.0,1.591064607026499,0.37523038496307703,17.132767,66.96920139994472,14,18.200534357142857,0.0,0.0,-18.520688128712756,0.1801861538461536,0.23365257204485604,-1.0897695282383968,0.0,17.126205,103.89905089978129,25,18.085203679999996,34.80439046351221,8.052754600066692,-13.146289815371778,0.12323779166666693,0.5806711780589675,-1.2519937957145755,0.08401737898025248,0.006562000000002399,0.6445602805798653,-17.907494982167925
ZTF19aanramr,SN Ia,0.04529,52,0.4230769230769231,0.5769230769230769,68.01883100019768,16.931990699842572,1.333702568631327,0.0,1.7160033436347992,0.764494173677417,17.63228,65.01643510023132,22,18.666058454545453,49.51030888516391,13.95275460043922,-16.21503848580038,0.2248341904761903,0.5118424434397681,-1.1085659823947704,0.27324224309479667,17.59324,67.99782409984618,30,18.370612000000005,42.143682271704556,16.969849499873817,-16.066137962147117,0.17991544827586148,0.771901315435136,-0.6069009623741577,0.3325597308712897,0.039039999999999964,0.9561546411362065,-18.80784767694181
ZTF19aansyyn,SN Ia,0.078,32,0.375,0.625,68.89715280011296,10.021967600099742,2.222488800003644,0.0,1.505149978319906,0.4644604123604297,18.076614,68.81611109990627,12,19.018601166666663,30.424689371116727,10.97761580022052,-8.869246827739538,0.30265245454545436,0.5201782703940241,-1.3180337280481027,0.1897977418558495,18.169125,68.86469910014421,20,18.833443600000003,22.836793698674,13.921157400123775,-7.458595213230925,0.13797389473684218,0.2533384935389005,-1.2392289073239482,0.25337204281679204,-0.09251100000000179,0.9992944425682121,-19.543975086979437
ZTF19aaomkvl,SN Ia,0.03961,28,0.2857142857142857,0.7142857142857143,96.70369210001081,15.944120399653912,3.5816182259263263,0.0,1.4471580313422192,0.2895442706679952,17.955791,56.85684029990807,8,18.769484,31.571654525965943,16.970104199834168,-14.997659295950978,0.6358899999999993,0.9206814461025481,-0.6194768539595872,0.4254573289039492,17.795778,96.70369210001081,20,19.25948935,49.63800359285257,13.898206000216305,-8.218393811126601,0.28194757894736805,-0.3732677817219927,-1.3259854517415133,0.16784160874880483,0.16001300000000285,0.5879490127544129,-18.19334928554849
ZTF19aanuhox,SN Ia,0.06,29,0.3103448275862069,0.6896551724137931,71.86236110003665,9.15462960023433,2.5665128964298805,0.0,1.462397997898956,0.40354922321060793,17.792738,65.8759721997194,9,18.889546444444445,51.620845455280346,11.966817100066692,-13.165982082058536,0.5843942499999999,0.4358536159132418,-1.1790709453489823,0.22198116586961283,17.98312,71.86236110003665,20,19.008789250000003,44.069991578957286,11.939756900072098,-9.478675843136852,0.22837263157894733,0.3043213815891105,-1.1135977046037835,0.19925297071917247,-0.1903819999999996,0.9166964623944954,-19.258134325445248
ZTF19aaokist,SN Ia,0.07459,37,0.43243243243243246,0.5675675675675675,65.94078700011596,8.979131900239736,1.8316885277809989,0.0,1.568201724066995,0.5611094693172972,18.178535,62.85427080001682,16,19.269488937499997,37.58575212418722,11.062974500004202,-9.533798830033584,0.3225438000000004,0.5644693480861925,-1.1456814353112177,0.21360682760129152,18.252436,65.86127310013399,21,19.095647285714286,33.56732726782305,10.921064800117165,-7.168892010679627,0.21256900000000006,0.31719403455121364,-1.3483213323381984,0.1987809136157538,-0.07390099999999933,0.954343392428121,-19.344984109286674
ZTF19aanuuen,SN Ia,0.0701,30,0.4666666666666667,0.5333333333333333,68.81688660010695,15.945023200009018,2.3729960896588604,0.0,1.4771212547196624,0.4359395125549515,18.35682,35.83474540011957,14,18.887817214285715,30.842842922836116,7.976574100088328,-13.203272822827982,0.22401369230769236,0.9411291881656728,0.10895185480648362,0.28632798664998454,18.300257,68.81688660010695,16,19.162967124999998,21.12455952870118,13.91965280007571,-7.229364456267684,0.21706266666666707,0.4111930488213833,-1.1978104864364205,0.2535583641751324,0.056563000000000585,0.5207260480752972,-19.031886163360326
ZTF19aanxosu,SN Ia,0.08,46,0.2826086956521739,0.717391304347826,84.80730320001021,10.092951299622655,1.8846067377780047,0.0,1.662757831681574,0.5424061167410693,18.282293,56.858657400123775,13,19.134387461538463,21.516579985128946,16.967303200159222,-11.176654250156252,0.3501728333333333,0.9611097076983979,0.022522965873497114,0.4253378593042173,18.292393,84.80730320001021,33,19.437958090909092,20.074879821724,20.877256900072098,-6.473522885690527,0.17912749999999988,-0.060917936235153236,-1.5164220169315743,0.32656408228023304,-0.01010000000000133,0.6704452948589565,-19.393273008486748
ZTF19aapafit,SN II,0.01860,63,0.4126984126984127,0.5873015873015873,163.69704860029742,15.959907399956137,2.640274977424152,0.0,1.7993405494535817,0.38485727469545555,17.6802,113.78966430015862,26,18.46446080769231,12.110723330070595,6.018090300261974,-6.634700050802093,0.09494696000000005,0.6208442456998122,0.528968922960344,0.05584116550313857,17.666134,163.65099540026858,37,18.189842513513515,8.42354356505262,24.910648200195283,-5.253808092060175,0.0865272222222223,1.2880226485024802,-0.03419873607366908,0.17954869439869847,0.01406599999999969,0.6953191089479427,-16.827480794616612
ZTF19aaoyech,SN Ia,0.06,26,0.4230769230769231,0.5769230769230769,58.93395829992369,16.053275499958545,2.3573583319969473,0.0,1.414973347970818,0.4411717921216513,18.236874,53.00350689981133,11,19.162945363636364,30.87877223386106,11.948784700129181,-11.228038922297793,0.41940469999999974,0.8824789721726384,0.19234791907872273,0.2910453185388182,18.538109,58.895208300091326,15,19.41130293333333,22.37878397516425,12.998263800051063,-6.985125189809998,0.2734422142857146,0.20341451391728607,-1.3577874846139615,0.2832054277608755,-0.30123499999999837,0.8999629754213662,-18.813998325445247
ZTF19aaozpew,SN Ia,0.06,31,0.5806451612903226,0.41935483870967744,86.8929397999309,12.055277800187469,2.8964313266643633,0.0,1.4913616938342726,0.3567608607946379,17.125845,86.8929397999309,18,19.094357444444448,95.4471121131816,12.121539399959147,-17.966990466574362,0.3353483529411764,-0.5179383881232027,-1.3397051037217458,0.16211464992119803,17.356005,70.90567130036652,13,18.67955138461539,57.986214465597165,15.918136500287801,-18.191044048823034,0.36322325000000016,-0.45307474195576014,-0.8283113097756667,0.28948627281005174,-0.23015999999999792,1.2254723523008482,-19.925027325445246
ZTF19aapadxs,SN IIb,0.035,26,0.38461538461538464,0.6153846153846154,66.91696760011837,17.12998850038275,2.676678704004735,0.0,1.414973347970818,0.3885412165621505,18.996222,31.12026620004326,10,19.548334399999998,15.520364939605793,12.026446799747646,-10.153826954990734,0.33959511111111124,0.83292681100858,-0.7059264636765517,0.6298607181526735,18.24075,60.99935180041939,16,19.0545889375,17.671679987717674,11.000231500249356,-8.345188652882266,0.20462546666666698,0.2526395764091199,-1.4383986841115588,0.2200085008338026,0.755472000000001,0.5101737195808906,-16.884234295278407
ZTF19aaqtyku,SN Ia,0.0234,61,0.45901639344262296,0.5409836065573771,92.92653940012679,11.066863399930298,1.5487756566687798,0.0,1.7853298350107671,0.6564324938147517,17.06601,80.95020839991048,28,18.676739928571426,96.01120366619155,11.9082524003461,-20.191618616628137,0.2735604074074076,-0.04546172478317193,-1.5475024235090495,0.1724784912006438,16.828117,92.81950230011716,33,18.315696181818186,116.36934441815171,11.886712899897248,-21.086694428243504,0.16948256250000004,-0.20408730629308725,-1.4383607830747225,0.14687141006738794,0.2378929999999997,0.8721249995304952,-17.94018536057775
ZTF19aapafqd,SN II,0.0321,57,0.45614035087719296,0.543859649122807,129.74866899987683,15.898055499885231,2.316940517854943,0.0,1.7558748556724915,0.43931086491572496,18.471483,100.74026619968936,25,19.048015000000003,7.044511672513824,35.89319449989125,-4.724295238921011,0.1110028749999999,0.4374298623063567,-1.1803907399767115,0.5535052479478885,18.328918,108.86568289995193,30,18.7167058,7.16122181839784,35.98291670018807,-3.7382541024525824,0.07303896551724091,0.5638115048599672,-0.9920637530640799,0.4937095362374522,0.1425649999999976,0.9253629198493167,-17.221158235551393
ZTF19aapbfot,SN II,0.03,36,0.4166666666666667,0.5833333333333334,91.71376150008291,15.942731499671936,2.6203931857166545,0.0,1.5563025007672873,0.3925256080568395,18.758877,82.83215279970318,15,19.761226466666663,9.25185434652708,3.0384837999008596,-3.229808766013868,0.18184228571428637,-0.45762847669728857,-1.0894620169105633,0.03807925914408557,18.711422,91.71376150008291,21,19.124015666666665,3.837628875117671,24.877407400403172,-2.9608152857482715,0.08785895000000057,0.36117456472736764,-0.7646871752872997,0.37221371116834123,0.04745499999999936,0.9031594762322369,-16.786845347125343
ZTF19aaozsuh,SN IIn,0.057,44,0.5227272727272727,0.4772727272727273,73.87042819987983,11.957141200080514,1.7179169348809262,0.0,1.6434526764861874,0.5956375382168365,17.465656,61.871886500157416,23,18.338893,32.99069434467614,15.976573999971151,-19.969702322335163,0.1489761818181823,0.48751593746896943,-1.3393304364057124,0.3481090579763742,17.416183,72.91623839968815,21,18.224014809523812,29.762532484714253,15.083078699652106,-17.244913228561504,0.1686389499999999,0.7744496599268738,-0.36143336920278646,0.26080329654965584,0.04947299999999899,0.8485337129023105,-19.47383435188949
ZTF19aardunx,SN Ia,0.04301,25,0.32,0.68,85.81597220012918,12.969189800322056,3.575665508338716,0.0,1.3979400086720377,0.2913210601599683,17.871952,64.75555560039356,8,19.515790125,57.0847576252071,5.006678299978375,-11.270956482374089,0.5401922857142856,-0.05884743832408,-1.7459571710659154,0.08379535358974159,17.71393,85.81597220012918,17,19.074664,38.913955440837356,19.001006899867207,-11.085590783032863,0.32083975,-0.17905196114675828,-1.459703391339609,0.2843825004544709,0.158021999999999,0.754586284350177,-18.45601128629749
ZTF19aaqxosb,SN II,0.01931,40,0.525,0.475,100.81540509965271,7.008043999783695,2.5850103871705823,0.0,1.6020599913279623,0.39676475991403615,18.367285,97.94273149967194,21,19.315119714285714,0.0,0.0,-3.656990420074953,0.1126597499999999,-0.42940409841102023,-0.890463819310332,0.0,18.044897,90.85796299995854,19,18.44308484210526,28.05681368209292,5.972661999985576,-3.6307972632749266,0.08574883333333341,-0.4832266159916166,0.25073377141798225,0.07036155765045209,0.3223880000000001,1.0779763079182902,-16.221742442424006
ZTF19aaraxhh,SN Ia,0.04129,29,0.5517241379310345,0.4482758620689655,49.99814820010215,8.946400399785489,1.7856481500036483,0.0,1.462397997898956,0.5800214816744103,18.128685,37.06331009976566,16,18.97472475,26.061029815930137,10.225786999799311,-18.4223113365898,0.20941479999999993,0.8554217233368647,-0.6015145224319038,0.38102573630619935,17.87587,49.99814820010215,13,18.700346615384614,39.362127606366606,13.941342600155622,-15.010891077637488,0.2948741666666675,-0.02377016496278044,-1.5347208798665706,0.3866494096797165,0.2528150000000018,0.7412936565456625,-18.11065548790054
ZTF19aarfksi,SN Ia,0.0798,20,0.45,0.55,59.90730320010334,9.946747700218111,3.153015957900176,0.0,1.3010299956639813,0.3338491124061398,18.340218,37.02454870007932,9,19.142203444444444,6.264575147276303,5.020277800038457,-11.923919677058207,0.25295762499999963,0.4013597541040918,-1.3967896989145707,0.15686274546663853,18.471699,59.90730320010334,11,19.19614681818182,20.810391037302015,12.927314799744636,-6.805407882666852,0.28751859999999957,0.04458895305485104,-1.2103974675266846,0.27516641105952105,-0.13148100000000085,0.6180306360379689,-19.329912530280673
ZTF19aarfkch,SN IIb,0.051,51,0.3137254901960784,0.6862745098039216,102.03412030031905,11.119039400015026,2.040682406006381,0.0,1.7075701760979363,0.49983279955656684,18.88017,73.95590270031244,16,19.6724319375,0.04906395966408631,22.025451300200075,-4.685601106793973,0.19146540000000012,0.37638002889422945,-1.3263547182226798,0.4241336384792607,18.66931,98.88373839994892,35,19.49163037142857,1.834577176380611,21.937245399691164,-3.4355897812963114,0.11530988235294155,0.011487863669133508,-1.273196891539309,0.2850974039793818,0.21086000000000027,0.7479076327109275,-17.817796954016714
ZTF19aarlefl,SN Ia,0.04346,42,0.42857142857142855,0.5714285714285714,103.71523150010034,13.028310199733824,2.529639792685374,0.0,1.6232492903979006,0.40495498484192616,16.651844,100.74395840009674,18,18.792738944444444,105.42086055022759,11.8336227000691,-23.573301345772403,0.27401247058823525,-0.7367627357439637,-1.0126942178420266,0.13309614238770015,16.72389,94.79836810007691,24,18.525637958333334,19.591921620205582,2.961261599790305,-21.059660840246625,0.15131330434782606,-0.4583060390676797,-0.9331663173696887,0.03224471798641722,-0.07204600000000028,1.0627182768984291,-19.698720683449555
ZTF19aapzbjr,SN IIn,0.0305,42,0.4523809523809524,0.5476190476190477,105.95106479991227,8.940995400305837,2.5841723121929823,0.0,1.6232492903979006,0.3964094186246892,18.031204,95.97353010019287,19,18.472783263157893,12.879901488208871,37.00085650011897,-5.665717265662611,0.14411566666666648,1.3491926358763857,1.247558581564257,0.6274237581806466,17.990732,92.95260410010815,23,18.448803304347827,11.453757234514423,46.951365699991584,-4.543482445742765,0.13977868181818193,1.6065217751241925,1.6334094515676219,1.020654385249607,0.04047199999999762,1.0324996381686224,-17.550411270260955
ZTF19aarprog,SN Ia-91T,0.0542,22,0.5454545454545454,0.45454545454545453,63.72348379995674,14.098923600278795,3.0344516095217493,0.0,1.3424226808222062,0.3452416391587011,17.482742,63.72348379995674,12,19.110445999999996,72.68675370294902,11.835277799982578,-18.024841576602103,0.4350563636363638,-0.7710734227039467,-0.692730992495052,0.22809186735013484,17.511087,55.77278929995373,10,18.3965238,39.02335894734272,20.798992999829352,-21.449192268199443,0.37794566666666657,0.1089350613898267,-0.6985260481182629,0.5947021827812093,-0.02834500000000162,1.142555081067276,-19.34737050621896
ZTF19aarmznp,SN Ia,0.05123,20,0.45,0.55,64.93641209974885,15.902303200215101,3.4177058999867818,0.0,1.3010299956639813,0.30799361026103494,17.312319,42.91879629995674,9,18.29766488888889,67.61736206080052,14.920543999876827,-35.553069508092996,0.5028580000000007,0.048442715284227625,-1.6043451195646028,0.5329098345125721,17.450468,64.93641209974885,11,18.444685999999997,59.05736045211893,14.951134299859405,-17.512634093008096,0.3979509,0.12566886109216174,-1.2826004654135819,0.29911075736569126,-0.13814900000000208,0.6609357510240812,-19.395418852908737
ZTF19aatlqdf,SN II,0.0785,42,0.40476190476190477,0.5952380952380952,85.93783569987863,9.975821699947119,2.0960447731677716,0.0,1.6232492903979006,0.48872536360674623,18.61597,85.77890049992129,17,19.26380152941177,6.735889081604599,9.81462959991768,-3.2006579356393874,0.11853399999999947,-0.08023853007937226,-0.9708348193251815,0.12920060291024543,18.723886,85.91833329992369,25,18.984275120000003,8.619103759702316,11.979085699655116,-1.6368411233127311,0.06937991666666694,0.10126501392519723,-0.8333310190283107,0.16201254527793713,-0.10791599999999946,0.9983771472903732,-19.018494357253285
ZTF19aatesgp,SN Ib,0.0043,23,0.4782608695652174,0.5217391304347826,69.99122680025175,11.974294000305235,3.181419400011443,0.0,1.3617278360175928,0.3286126140586133,17.278826,52.01640040008351,11,18.904404727272723,67.37726155998261,3.0429282002151012,-22.982791938932664,0.30282829999999983,-0.6878331844386956,-1.0523712091965065,0.0621342139637646,16.77814,50.90104160038754,12,17.75829183333333,0.0,0.0,-33.418809484674576,0.205193,0.4151509147062761,-0.6029700823196116,0.0,0.5006859999999982,1.0219122981500535,-14.04863235142496
ZTF19aatgwhs,SN Ia,0.04102,71,0.43661971830985913,0.5633802816901409,109.73032410023734,14.895902799908072,1.567576058574819,0.0,1.8512583487190752,0.6470408301641609,17.023369,109.67609960027039,31,19.305822387096775,117.67210393292248,10.981921300292015,-15.19497133636587,0.2287122,-0.5692657572446405,-0.7121865807021592,0.11127222992741023,17.238417,94.75145830027759,40,18.604383825,96.42904253919633,10.977708300109953,-14.367353789462776,0.14869671794871783,0.23572245895308472,-0.9422775952765043,0.13103995344708796,-0.21504799999999946,1.1575135788696254,-19.20172535368877
ZTF19aatheus,SN Ic,0.01836,30,0.6,0.4,94.81861109985039,14.09155090013519,3.269607279305186,0.0,1.4771212547196624,0.3163935819351749,16.889538,94.81861109985039,18,19.030288,0.0,0.0,-17.696130819939075,0.222451588235294,-0.8353313652611978,-0.5037027172689945,0.0,16.430668,44.95408570021391,12,17.702320416666666,73.55145195490502,9.78577549988404,-68.02015277470512,0.25352599999999953,-0.11864688205548404,-1.433051677651522,0.27825549320229354,0.458870000000001,2.1092323339010584,-17.589941457853143
ZTF19aatgrpm,SN Ia,0.08033,29,0.4827586206896552,0.5172413793103449,52.94792830012739,9.964849600102752,1.8909974392902638,0.0,1.462397997898956,0.5477079260895318,18.0776,36.96538199996576,14,19.392312785714285,29.540302976651045,16.92349540023133,-25.04633539087602,0.3325219230769228,-0.49483026447815986,-0.4898107588942908,0.8444063045669356,18.88433,49.94787039980292,15,19.428478333333338,31.268878410153746,3.957638899795711,-4.107092064685581,0.1453208571428569,0.48330848232053164,-0.27512852087355144,0.0860539025509165,-0.8067299999999982,0.74007924069795,-19.606904908344045
ZTF19aathllr,SN II,0.055,30,0.36666666666666664,0.6333333333333333,91.70422449987382,9.912557899951935,3.1622146379266836,0.0,1.4771212547196624,0.3271386914137339,18.424824,54.8565857000649,11,19.471498090909094,21.139360689064855,10.977905100211501,-8.494951861283552,0.3098590999999999,0.1724671122438234,-0.867758161661552,0.25018767542997133,18.394224,88.80754629988223,19,19.225907105263158,11.96373255166956,8.01704870024696,-4.407319561635005,0.1333152777777775,0.13783837492383066,-1.4411341212272533,0.09923256989920004,0.03059999999999974,0.6177018506380876,-18.437105520998244
ZTF19aarphwc,SLSN-I,0.3057,65,0.4153846153846154,0.5846153846153846,97.85295139998198,10.912268499843776,1.5289523656247184,0.0,1.8129133566428555,0.6642620285851897,18.568035,91.8380092997104,27,19.16170177777778,6.217699955608372,35.72733799973503,-5.621492763055648,0.12926892307692292,1.000345444060116,-0.1974402635236574,0.6367298264661951,18.648075,97.85295139998198,38,19.192572578947367,4.931860569788622,44.91359949996695,-4.9117758621611225,0.0895042702702704,0.45934685497150946,-0.9738267057716583,0.848397229811085,-0.08004000000000033,0.9385308055177098,-22.018558267157477
ZTF18aaxokeg,SN Ia,0.0336,23,0.391304347826087,0.6086956521739131,54.98864579992369,9.765729200094938,2.499483899996531,0.0,1.3617278360175928,0.4182681654624766,18.157785,51.80164360022172,9,19.385900444444445,23.353655788621303,9.826562500093132,-11.558296483317815,0.3726506249999999,-0.11753083013926992,-1.6979450640917666,0.23410466978378341,17.706144,54.98864579992369,14,18.724281785714286,35.95457919516054,9.961388899944723,-15.52882664650628,0.21785953846153916,0.14795758431717368,-1.1509320357513464,0.22123019668003308,0.4516410000000022,0.9420425407219906,-17.63402746047625
ZTF19aatgznl,SN Ia,0.0671,21,0.38095238095238093,0.6190476190476191,56.9207406998612,10.027349600102752,2.84603703499306,0.0,1.3222192947339193,0.36893406062179385,18.15105,37.81695600040257,8,19.215233125,34.81879287710953,9.874942100141197,-16.9205683945265,0.45892614285714217,-0.15489016237991596,-1.6234199700141099,0.3534083883641911,18.279121,56.9207406998612,13,19.122158615384617,23.30236592985971,13.043356500100344,-9.170425794096358,0.24968449999999986,0.3476151820706121,-1.0206168468774914,0.2972683248554146,-0.1280709999999985,0.6643791970278206,-19.14267867437199
ZTF18aaqkdwu,SN II,0.06037,38,0.42105263157894735,0.5789473684210527,88.94075230043381,25.028055500239134,2.403804116227941,0.0,1.5797835966168101,0.4272507148538551,18.639782,34.786099599674344,16,19.2802143125,36.13407766773393,5.862916700076312,-8.89220004230662,0.20921179999999923,0.015104334532817213,-1.5547890958533888,0.20270648359927887,18.70385,88.94075230043381,22,19.41733531818182,2.759315086202861,88.94075230043381,0.0,0.2329843809523815,-0.24795045467996804,-0.7205028703818939,889.4075230043381,-0.0640679999999989,0.3911154189720596,-18.424439952794398
ZTF19aatqzim,SN II,0.05007,25,0.4,0.6,61.78503469983116,6.949050999712199,2.574376445826298,0.0,1.3979400086720377,0.40462872799953803,18.517712,50.79365739971399,10,19.3444652,56.49037687475112,5.859259199816734,-6.951884711704227,0.41767511111111116,0.5786606834424355,-0.6825914226347773,0.13039585338944476,18.67207,59.92802090011537,15,19.183075600000002,20.03446774711319,7.922789399977773,-4.370702823990478,0.13456992857142833,0.13266785818204768,-0.8369340777161005,0.15234600772725743,-0.154358000000002,0.8475777547263572,-18.140292030521582
ZTF19aathcvn,SN Ia,0.04,35,0.45714285714285713,0.5428571428571428,91.76760420016944,10.919455999974161,2.699047182357925,0.0,1.5440680443502757,0.38139821024046494,17.28997,85.82877320004627,16,19.038665125,80.75260539737764,8.057106500025839,-14.684167995482243,0.26302186666666666,-0.24592325620038322,-1.0389929513230827,0.10359950920305687,17.404419,91.76760420016944,19,18.60920231578947,79.68831516801481,10.976678300183266,-12.216547313793575,0.23861583333333314,0.22426629203768883,-1.1342951321442531,0.13586523706600007,-0.11444900000000047,0.9352840138752123,-18.88044603016684
ZTF19aaugoig,SN Ia,0.0509,21,0.42857142857142855,0.5714285714285714,60.024872600100935,9.890891199931502,3.001243630005047,0.0,1.3222192947339193,0.3498549699539835,17.867289,50.027835600078106,9,18.966539555555553,25.471413971845394,16.021701300051063,-18.42275907428178,0.4015552499999999,0.3106631305689291,-1.076770886735179,0.4711415051971468,18.069296,60.00513890013099,12,18.74339858333333,49.999497361983764,6.111076400149614,-8.082104279295441,0.20305699999999985,0.11499048864854716,-0.6881283349792437,0.11339053165924773,-0.20200700000000182,0.833725852769735,-18.826415985210822
ZTF19aauisdr,SN II,0.0433,20,0.45,0.55,47.96862269984558,8.979988399893045,2.524664352623452,0.0,1.3010299956639813,0.4169392172284401,18.629658,40.962418999988586,9,19.316158111111108,12.717473533359943,11.978634299710393,-10.092930580004376,0.31547862500000035,0.852619776553737,-0.19408767267606875,0.413287444120278,18.65469,47.96862269984558,11,19.542277636363636,15.345843832839988,16.04216430010274,-8.368164617803245,0.2969555000000003,-0.15992669031758727,-1.4575929220222208,0.5024724038990793,-0.0250319999999995,0.8539419456819312,-17.712897555293857
ZTF19aauitks,SN Ia,0.098,20,0.4,0.6,47.96681720018387,9.944676000159234,2.5245693263254667,0.0,1.3010299956639813,0.4169549110697162,18.89348,32.95886570028961,8,19.502026625000003,12.524123038432688,15.958854200318456,-9.16134173090717,0.32626285714285685,0.31579972721060107,-0.7867339221393155,0.938755494391609,18.959007,47.96681720018387,12,19.6331725,11.932509009146475,16.039363500196487,-5.287335242696574,0.2343989090909088,0.10561463050786632,-1.1477308451437587,0.5023690160484933,-0.06552699999999945,0.6871180458511487,-19.222766451989504
ZTF19aaupkev,SN Ia,0.09,28,0.35714285714285715,0.6428571428571429,67.89918990014121,14.039687499869615,2.514784811116341,0.0,1.4471580313422192,0.4123760539879691,18.277164,46.93674770044163,10,19.288250199999997,21.836035809527576,16.06288200011477,-13.714262558993555,0.39519444444444496,0.1145684787208344,-1.5236487495396926,0.520274401528692,18.359032,66.89978009974584,18,19.17198133333333,16.912500685223925,17.97329859994352,-7.667035153670397,0.18606835294117666,0.19281108950783943,-0.7348976920026282,0.3673531807108618,-0.08186800000000005,0.7015979369507666,-19.654164620723655
ZTF19aauplxw,SN Ia,0.087,23,0.43478260869565216,0.5652173913043478,29.022673700004816,8.996724599972367,1.3192124409093098,0.0,1.3617278360175928,0.7924838434164039,18.848063,26.046446799766272,10,19.5143832,27.021087404113594,3.019363499712199,-8.724507021934432,0.1907738888888891,0.3129099990856991,-1.16416032090763,0.13112227286315106,18.96136,28.980196800082922,13,19.324133384615386,7.609115139433869,12.019699099939317,-6.183925869447851,0.11791225000000043,-0.07550197374599395,-0.7329241266762256,0.7086878765260258,-0.11329699999999931,0.8987670780652444,-19.009649336620118
ZTF19aaurhox,SN Ia,0.07,62,0.41935483870967744,0.5806451612903226,74.83689819974825,9.140474500134587,1.2268343967171844,0.0,1.792391689498254,0.8284683290121793,18.0936,67.74773150030524,26,19.292293076923077,29.61009038829508,15.900902800261974,-10.20134783911619,0.18685255999999995,0.22211660890218846,-1.1714109543559017,0.30668997890412353,18.150831,74.83689819974825,36,19.15440577777778,28.372239607780116,15.927789399866015,-8.207199720573541,0.145404085714286,0.2442676832197221,-1.0256375277263783,0.27037905893252717,-0.057231000000001586,0.9052717727487687,-19.292006273598314
ZTF19aaumvig,SN Ia,0.049,31,0.3548387096774194,0.6451612903225806,74.82940969988704,12.980601800139993,2.4943136566629014,0.0,1.4913616938342726,0.41427561869496876,17.921848,58.86325229983777,11,19.276209363636365,30.13282441129669,15.884189799893647,-13.963314528623583,0.42906200000000005,-0.11788390008047708,-1.281224467106355,0.36957971802931483,17.767872,74.82940969988704,20,18.74935475,34.45689455489641,15.95342590007931,-11.4997935131255,0.18581326315789456,0.2143714734677061,-0.6955731815032018,0.2709666127079037,0.1539760000000001,0.7866325891907527,-18.689248473669597
ZTF19aaujzqh,SN Ia,0.0426,54,0.5,0.5,109.76650470029563,8.889178300276399,2.0710661264206722,0.0,1.7323937598229686,0.4919533526866012,16.935371,109.70450240001082,27,19.112562259259263,84.08978333537479,15.90418990002945,-17.265711034107287,0.2474987307692308,-0.7297880446113878,-0.8737842582858195,0.16955369844884693,17.064194,106.75616900017485,27,18.350752592592592,75.61556423649893,15.911111100111157,-15.453823846407387,0.18565838461538456,0.28770814838339986,-0.9332054129587997,0.17514558819054923,-0.12882300000000058,1.027617452250756,-19.371793069040624
ZTF19aavbjfp,SN II,0.028,72,0.5277777777777778,0.4722222222222222,88.98386569973081,10.975382000207901,1.2532938830948002,0.0,1.8573324964312685,0.8091354475760633,18.253878,74.97035879967734,38,18.996428131578945,46.068596165957494,2.9221528000198305,-4.496316010052056,0.07190167567567526,-0.342465726419219,-0.9680218219470831,0.040558300647121195,18.435755,87.98518519988284,33,18.6421716969697,7.595170747356246,22.02269669994712,-3.044429496750729,0.08016709375000008,1.642961505182565,2.1420711623129103,0.33386697804720605,-0.18187700000000007,0.852079343009409,-17.142028230238125
ZTF19aavbkly,SN IIP,0.0407,26,0.38461538461538464,0.6153846153846154,60.9890624997206,7.934918999671936,2.439562499988824,0.0,1.414973347970818,0.4263059462525614,18.951126,56.95113420020789,10,19.4996623,10.900892743289571,2.9369791001081467,-3.1093191695564353,0.15429422222222222,0.10956978225719156,-1.7514832892010936,0.0543742486514007,18.906727,60.9890624997206,16,19.129805750000003,6.714008625805099,20.00931719969958,-1.3005522765312043,0.11506033333333339,1.3435080959982901,1.69742730333272,0.4882733421891062,0.04439899999999852,0.933792582899086,-17.256962119653128
ZTF19aavkhuy,SN Ia,0.03,24,0.5,0.5,48.00193289993331,5.982974499929696,2.0870405608666656,0.0,1.380211241711606,0.4999798664364481,17.615307,39.00918979989365,12,18.639917416666666,44.07494465547684,8.044583399780095,-26.658825387697327,0.29631227272727273,0.4763509591826937,-1.1015356119798654,0.25979931073015655,17.603474,43.02836810005829,12,18.493938166666663,12.28846512929589,6.01106490008533,-20.08645227624435,0.17984763636363674,0.21351608203962516,-1.2704380145273781,0.16238527338452147,0.011833000000002869,0.9065923603977164,-17.93041534712534
ZTF19aavissk,SN Ia,0.04,47,0.3404255319148936,0.6595744680851063,63.9597570002079,5.954872699920088,1.3904295000045195,0.0,1.6720978579357175,0.7348370632466166,17.37894,35.87021990027279,16,18.448930750000002,36.914559248623604,3.014838000293821,-30.242076995279163,0.16655933333333336,0.030633778816579405,-1.4116473557340665,0.09176085700272293,17.42685,63.9597570002079,31,18.533619935483866,39.49463226280209,11.06289350008592,-17.46808187373203,0.10065409999999998,-0.05465497305695882,-1.2938054973290747,0.2091408217438149,-0.047910000000001673,0.5608248308409957,-18.79147603016684
ZTF19aavidqf,SN Ia-91T,0.098,61,0.39344262295081966,0.6065573770491803,63.81648150039837,4.9331249999813735,1.0636080250066395,0.0,1.7853298350107671,0.955865923125505,18.534386,39.88921289984137,24,19.142295500000003,15.794392744885638,8.78550919983536,-10.62177973570266,0.12002700000000018,0.9993390685908873,0.001451856559432585,0.28245861922333265,18.547728,63.81648150039837,37,19.151609189189184,14.949019380416928,19.912951400037855,-6.852383884483736,0.10730433333333315,0.6622501526674869,-0.7691260984442159,0.45356150984939453,-0.013341999999997967,0.6250613001845357,-19.581860451989503
ZTF19aavhypb,SN Ia,0.068,55,0.45454545454545453,0.5454545454545454,62.877013800200075,5.978738400153816,1.1643891444481496,0.0,1.7403626894942439,0.8747234748579137,17.805004,52.84685180010274,25,18.944221840000004,30.302871568703765,2.879004599992186,-14.160574682184722,0.1504990416666665,0.30972679404241565,-1.2193767346666189,0.057617143049257004,18.013397,62.877013800200075,30,18.7940444,24.99684778869385,9.944351800251752,-9.861415234969801,0.1200405517241381,0.4594603141292613,-0.9077849913624911,0.1878679708241664,-0.20839300000000094,0.840479669852492,-19.517656637058213
ZTF19aavhxby,SN Ia,0.02313,59,0.576271186440678,0.423728813559322,97.85148139996454,22.943020799662918,1.6870945068959404,0.0,1.7708520116421442,0.6029545915492024,16.190834,92.91369209997356,34,17.701021617647058,138.0254618052378,9.04601849988103,-37.67239199084474,0.14304003030303047,0.23049410566433556,-1.5777492779504112,0.10786061078807661,16.232145,64.89317130018026,25,17.06324048,188.25595840071404,13.939918899908662,-53.99996137249641,0.17145654166666682,0.5263065874420437,-0.9215230569988404,0.2735825142309141,-0.04131100000000032,1.431794597773271,-18.790160237380125
ZTF19aavhzsc,SN Ia,0.04,59,0.4406779661016949,0.559322033898305,65.97658570017666,5.067384300287813,1.1375273396582182,0.0,1.7708520116421442,0.894256642320338,17.452345,65.06261580018327,26,18.752406769230774,100.99695981887099,8.07587970001623,-16.90790656035812,0.2310276400000001,0.15732848794140794,-1.3996319125526893,0.14171507709831022,17.378674,60.878240799997,33,18.434451636363637,39.740736874088945,8.955277800094336,-19.625218823858635,0.11144050000000005,0.32641629259830196,-1.4397023453470237,0.1724723953082401,0.07367100000000093,1.0687335071644593,-18.71807103016684
ZTF19aavnwxf,SN Ia,0.0469,39,0.5384615384615384,0.46153846153846156,47.00562500022352,3.976319500245154,1.2369901315848295,0.0,1.591064607026499,0.829687936280276,17.438457,40.99142359988764,21,18.312303095238097,88.52829101959927,8.996145899873227,-29.124147750015144,0.1911309000000001,0.5054367707358146,-0.9398103657719195,0.2811710523102969,17.595543,46.00271990010515,18,18.269708277777777,67.95269489101128,9.04233800014481,-17.95466626635524,0.16999435294117635,0.08480721088372158,-1.4275269653998932,0.24464947425650146,-0.15708599999999961,0.8910652172067318,-19.07752328710245
ZTF19aawwlxc,SN Ia-91T,0.0557,28,0.39285714285714285,0.6071428571428571,67.90424770023674,6.968032399658114,2.514972137045805,0.0,1.4471580313422192,0.4123453384478388,18.13234,51.8561459002085,11,18.740955636363637,33.07190766507954,11.871377300005406,-12.805366411098387,0.40324379999999954,1.6816854346799435,2.018471903177522,0.29689748660806575,18.111446,67.90424770023674,17,18.976286411764704,22.010038288196384,17.98203710000962,-9.374072120530135,0.2066129375000001,0.404506358316831,-0.7999526518352864,0.3602011386075883,0.020893999999998414,0.7636657154222137,-18.757052049395668
ZTF19aavmlqh,SN Ia,0.08,24,0.4166666666666667,0.5833333333333334,46.886620400007814,4.004224500153214,2.038548713043818,0.0,1.380211241711606,0.5118731057015148,18.615479,33.87291659973562,10,19.2107305,17.216788574718766,6.0122684999369085,-10.441989358445586,0.24329544444444431,0.8723585550274299,-0.6002933268152257,0.2157978693963098,18.732256,46.886620400007814,14,19.23694992857143,20.584871012102692,9.931909800041467,-5.740993272554411,0.1844043076923076,0.21614653112602658,-1.321093054829045,0.2687589657392828,-0.11677699999999902,0.7224431257947944,-19.060087008486747
ZTF19aavounq,SN Ia,0.0763,28,0.42857142857142855,0.5714285714285714,57.89928240003064,9.059687499888241,2.1444178666678018,0.0,1.4471580313422192,0.4835983943038503,18.23585,39.83997690025717,12,18.973508666666667,35.26887324245932,11.867291700094938,-15.014830547746824,0.34490872727272726,0.6771343235421238,-0.8741671713597192,0.42424571024115026,18.410933,57.89928240003064,16,19.121136749999998,20.518422759820595,17.98214119998738,-8.331546549493691,0.24542693333333337,0.7048750581795752,-0.32839067407347544,0.45048669968298966,-0.17508300000000077,0.6880910306452448,-19.33688876330143
ZTF19aawfcgp,SN Ia,0.01951,32,0.4375,0.5625,83.86667820019647,15.896203699987382,2.7053767161353703,0.0,1.505149978319906,0.38155797614415393,17.335623,83.83560180012137,14,18.94350285714286,68.10623171281534,8.978564799763262,-14.791113472604211,0.36639423076923067,0.11163061639098668,-1.7512906764287517,0.11994282915205834,16.925024,82.81920140003785,18,18.580480777777776,84.4936198988902,12.032002300024033,-22.838949838323508,0.26205617647058793,-0.06146179768688607,-1.361915006180174,0.16997426728276474,0.4105989999999977,1.0122725211412513,-17.275779420499617
ZTF19aavouyw,SLSN-I,0.1816,22,0.5454545454545454,0.45454545454545453,39.86937499977648,3.935659700073302,1.898541666656023,0.0,1.3424226808222062,0.5518019783385955,18.69584,39.8380439998582,12,19.023015999999995,12.98013149960885,11.866261600051075,-8.357174619423681,0.18135209090909077,1.6261253014029362,2.0107023401162323,0.424222576539595,18.853292,36.923148199915886,10,19.1382977,9.861887097623208,8.963148199953139,-5.10154125916572,0.1286306666666665,0.8318778083504555,0.16377064231870975,0.3205703934179214,-0.15745199999999926,1.0789449421853188,-20.75985529445236
ZTF19aavoiyc,SN Ia,0.047,24,0.375,0.625,51.8843634002842,8.944398100022227,2.255841886968878,0.0,1.380211241711606,0.4625671093782474,19.22079,27.99670139979571,9,19.72336033333333,21.06878785182233,6.016145799774677,-5.772381789027653,0.3037314999999996,0.1811918688708658,-1.4710375327951495,0.27370308145299654,18.750048,51.8843634002842,15,19.4075414,21.035399903734596,11.968715300317854,-5.657314488399759,0.23095342857142878,0.527004249259886,-0.11340368735575712,0.2998502058727175,0.4707420000000013,0.5395980516095599,-17.299815363205617
ZTF19aavnwyt,SN Ia,0.04616,28,0.5357142857142857,0.4642857142857143,46.02240739995614,12.96787039982155,1.7045336074057829,0.0,1.4471580313422192,0.6083992902993312,17.725618,39.97031249990687,15,18.330522266666666,64.40932577714909,9.959583300165832,-23.83745942676199,0.28573207142857143,1.253115292688232,0.10165717609279179,0.33186742094396604,17.788631,46.02240739995614,13,18.552579846153847,38.9091274554652,15.027650400064886,-18.50459283011776,0.290831666666666,0.08352368744088044,-1.466268657847566,0.4848449174845156,-0.06301299999999799,0.8684967770709222,-18.7558270742654
ZTF19aavrswr,SN Ia,0.035,30,0.4666666666666667,0.5333333333333333,58.92491899989545,3.9787847003899515,2.0318937586170844,0.0,1.4771212547196624,0.5091224648107404,17.174377,52.939560200087726,14,18.45882585714286,98.01672482658773,11.98053240031004,-30.91625851017401,0.4028843076923077,0.3413929691515692,-1.2246532843387274,0.2925004094060813,17.20019,58.88057869998738,16,18.2757834375,94.78140057076023,11.97791670029983,-24.170774501433517,0.3011165333333333,0.09450823002098116,-1.3012212550067803,0.2553781851524679,-0.02581299999999942,0.8991005416205101,-18.706079295278407
ZTF19aawrumx,SN Ia,0.06,52,0.34615384615384615,0.6538461538461539,64.88613420026377,5.963310199789703,1.2722771411816425,0.0,1.7160033436347992,0.8014038845265128,18.343122,53.846898099873215,18,19.14398527777778,28.30861609613555,12.94697909988463,-10.070712437445481,0.25628158823529434,0.8600299786815675,-0.4298640202597772,0.31655268314561313,18.390911,64.88613420026377,34,19.32856226470588,25.55886240069374,12.892198999878019,-6.983360467720915,0.127894575757576,-0.033697764851802016,-1.2243318105154706,0.24795582312035444,-0.04778899999999808,0.8298675635950327,-18.707750325445247
ZTF18aarlukc,SN Ia,0.0626,47,0.44680851063829785,0.5531914893617021,41.97355329990387,5.974398100282997,0.9124685499979102,0.0,1.6720978579357175,1.1197527086682852,17.92892,38.955196800176054,21,18.77015938095238,37.20401022439742,8.969178299885243,-19.255822129841242,0.18526539999999975,0.4427463189302596,-1.3836341526086884,0.2991120111460699,18.013676,41.939050999935716,26,18.546844307692304,35.76663305602957,8.977696800138801,-12.900247782705573,0.1432883600000001,0.5501209767779496,-0.8257508209026345,0.2723703870211169,-0.08475599999999872,0.9288526056594787,-19.214067739579175
ZTF19aavxpbx,SN Ia,0.07,26,0.34615384615384615,0.6538461538461539,35.941817100159824,6.997916699852794,1.437672684006393,0.0,1.414973347970818,0.7233913613088968,18.951105,23.9790856000036,9,19.246180888888887,5.767043448024501,8.976458299905062,-10.491344300695571,0.1737355000000007,1.0989603369261867,-0.5066547591910009,0.598325754572741,18.83465,35.88631940027699,17,19.254523352941177,7.161856205032613,8.96518520032987,-5.56623863507124,0.12215668749999975,0.2825483407495691,-1.6111218146369926,0.3330166230643982,0.11645499999999842,0.6681957358886607,-18.434501273598315
ZTF19aavsyhq,SN Ia,0.04,37,0.43243243243243246,0.5675675675675675,92.82222220022231,7.093576400075108,2.5783950611172863,0.0,1.568201724066995,0.39861144371429824,16.952595,86.8777431002818,16,18.352601562500002,89.66598887913773,14.939733800012618,-21.604535158903136,0.3669120000000002,0.22463394551364696,-1.5336274448777831,0.20767510729486804,16.88023,92.82222220022231,21,18.15125538095238,92.16604290674925,17.960069400258362,-21.796619586952744,0.29547904999999997,0.31963898238020216,-1.0253847290086284,0.23990853493418388,0.07236499999999779,0.9359584487525201,-19.217821030166842
ZTF19aavsahh,SN Ia,0.063,20,0.55,0.45,41.9754281998612,9.035277800168842,2.2092330631505894,0.0,1.3010299956639813,0.47646923111236145,18.113392,32.94015039969236,11,18.91224281818182,26.298904761409457,9.02401619963348,-20.928986016467352,0.2894635999999998,0.7434009404868503,-0.5265098404426829,0.3773191822786838,18.226744,38.93087959988043,9,18.650798888888886,12.74218078414282,5.957395799923688,-10.267608094680025,0.1686696249999997,0.72626178385583,-0.3402653155275024,0.18067231949362608,-0.11335199999999901,0.8461188326141372,-19.043426820794938
ZTF19aawfbtg,SLSN-I,0.0866,91,0.45054945054945056,0.5494505494505495,156.67391210002825,16.05142359994352,1.7408212455558694,0.0,1.9590413923210936,0.5808242021932865,18.19115,153.7380903000012,41,19.223777487804877,8.820225249776257,51.997720000334084,-4.568301231720773,0.1378615,0.3000184952425346,-1.1593229530061737,0.5110824724460847,18.244825,156.67391210002825,50,19.091826539999996,6.414094832457712,67.94807869987562,-4.178555599818296,0.11228893877551038,0.2923589108697941,-0.9359553052199048,0.7658206871208576,-0.05367499999999836,0.9812615785188751,-19.656555533613762
ZTF19aavitlq,SN Ia,0.03146,33,0.2727272727272727,0.7272727272727273,91.85693289991468,24.914722200017422,2.870529153122334,0.0,1.5185139398778875,0.35925432036747934,19.025887,29.015289400238544,9,19.777783555555555,4.902807636539271,3.0320139001123607,-7.236278299447346,0.2199743750000005,0.14949746040015485,-1.4541510600858034,0.11669098070786481,18.515104,91.85693289991468,24,19.163648708333337,20.241630348209817,14.063252300024033,-3.9638752841680533,0.1357211739130437,0.60674998346512,-1.0222736262582384,0.18077628146114225,0.510783,0.3158747901135886,-16.62302266496336
ZTF19aawgxdn,SN II,0.03066,107,0.5233644859813084,0.4766355140186916,125.8961805999279,12.000474600121379,1.187699816980452,0.0,2.0293837776852097,0.8499066412508886,18.398003,108.91780090006068,56,19.260677839285716,10.953967521690007,6.0081712999381125,-3.231802962310785,0.08333630909090911,-0.39435382105762434,-1.098347825023099,0.05838298440373511,18.378279,113.83579859975725,50,18.61281572,7.684164735888275,17.923437499906868,-1.734493366195381,0.07766002040816324,0.12842987604142597,-0.5820547775391112,0.1868730713577942,0.019724000000000075,0.9567974419278413,-17.194973826118808
ZTF19aawmqtd,SN Ia,0.057,28,0.5,0.5,61.742048599757254,6.978576400317252,2.2867425407317503,0.0,1.4471580313422192,0.45349969162037307,17.828215,48.77207179972902,14,18.80605807142857,37.1767087057029,17.86972220009193,-20.458510349108774,0.3528173076923075,0.3659698732412206,-1.325552358815839,0.5782641912866646,17.882584,55.78046289971098,14,18.504647357142858,24.79631473427465,15.953275399748236,-13.622494835770361,0.19245746153846136,0.4199589154635967,-0.6143720819983285,0.4005624399102537,-0.05436900000000122,0.8743576023637072,-19.11127535188949
ZTF19aavjukt,SN IIn,0.036,42,0.7142857142857143,0.2857142857142857,114.6983101000078,9.982233799993992,2.7975197585367755,0.0,1.6232492903979006,0.3661780192173655,17.808401,114.6983101000078,30,18.49965806666666,13.764703385720207,39.881226799916476,-8.225131566900995,0.11476875862068953,0.4725194091211309,-0.9263496155467905,0.5330497399899013,17.75841,83.85151620022953,12,18.040461916666665,19.58257894350595,16.021365799941123,-4.5443625273169825,0.12857472727272648,0.41752311905776013,-0.98409026133855,0.23619829390608282,0.049990999999998564,1.3678740146584714,-18.133227577363467
ZTF19aawmkja,SN Ia,0.04,66,0.5303030303030303,0.4696969696969697,58.870682899840176,6.0242129997350276,0.905702813843695,0.0,1.8195439355418688,1.1211013147628899,17.216915,58.870682899840176,35,18.179228257142857,95.89436532614702,11.935266199987382,-25.521551650096498,0.16635888235294108,0.7098898856346983,-0.9438044261482257,0.25429125890821835,17.180075,49.78804389992729,31,17.66960735483871,71.58032166497263,5.9111688998527825,-24.397757464777737,0.09278656666666692,1.0655882526951188,0.38887376715147237,0.1347217389534406,0.03684000000000154,1.1824261065200465,-18.95350103016684
ZTF19aawnqoj,SN Ia,0.07,27,0.4444444444444444,0.5555555555555556,59.01099539967254,11.96626150002703,2.2696536692181746,0.0,1.4313637641589874,0.4575418499066672,18.10527,55.917673599906266,12,19.006501083333333,28.450519146006766,15.899178199935704,-12.784339353858746,0.38217927272727276,0.7123661573991124,-0.9643896732381383,0.3972957514026727,18.114614,59.01099539967254,15,18.829869733333336,27.83782474849649,16.081354199908674,-9.32207871729313,0.26766807142857146,0.26799348349505564,-0.8801681095220104,0.3745979176736546,-0.009343999999998687,0.9475805859769748,-19.280336273598312
ZTF19aavvozj,SN Ia,0.1,26,0.5,0.5,34.89804399991408,3.004050999879837,1.3959217599965632,0.0,1.414973347970818,0.7450274290462816,19.05907,34.85974539956078,13,19.77941961538462,13.961069516855137,11.979328699875623,-7.284647474862074,0.22300916666666679,-0.25837798091139286,-1.5046469766747335,0.5235625232315136,18.986275,31.9096412002109,13,19.341391384615388,9.982653547088898,12.040277800057083,-5.9790861017227455,0.11963391666666705,-0.16573775489159295,-1.3568610002876884,0.6059719960612263,0.07279499999999928,1.0924518135707018,-19.10104607352703
ZTF19aawqckx,SN Ia,0.034,71,0.39436619718309857,0.6056338028169014,80.94280099961907,5.988912099972367,1.1563257285659867,0.0,1.8512583487190752,0.8771626274748527,17.03297,74.76909720012918,28,19.156447607142855,96.02393806035568,15.009444400202483,-24.28179731210282,0.2748102592592596,-0.7576777225832915,-1.0398943825133546,0.2511635141263889,17.06114,80.94280099961907,43,18.63462053488372,91.14265426805655,15.009085699915886,-20.66454071231548,0.1720398809523811,-0.5113451582015363,-0.9837950149186194,0.2276390103559575,-0.028170000000002915,0.9237275739998305,-18.784540658738308
ZTF19aaxqsbn,SN Ia,0.057,23,0.43478260869565216,0.5652173913043478,52.92068290011957,7.0011459002271295,2.4054855863690716,0.0,1.3617278360175928,0.43461268335122016,18.60731,33.031967599876225,10,19.335695299999998,25.055098523404816,11.93932869983837,-13.66376326284256,0.40703111111111157,0.6922487375428238,-1.0560347664455474,0.5660424357720808,18.316925,49.937152800150216,13,18.96196830769231,22.8323194020136,12.062974500004202,-9.454253077246134,0.20853583333333306,0.37238889577435674,-1.226422420143025,0.318501286137677,0.290384999999997,0.6614707837283198,-18.33218035188949
ZTF19aaxffum,SN Ia-91T,0.05498,67,0.4925373134328358,0.5074626865671642,61.90401619998738,5.959224599879235,0.9379396393937482,0.0,1.8260748027008264,1.0823207299434259,17.74493,54.9184258999303,33,18.793662212121212,40.569647140652286,14.958981500007212,-18.23331905529432,0.16538496874999997,0.41502029835711196,-1.0908792335025643,0.3743540913705999,17.633713,61.90401619998738,34,18.378854529411765,47.59924163425765,14.95706019969657,-15.175560920686817,0.1472246060606061,0.839028764371936,-0.16003253210694668,0.3185948882309626,0.1112169999999999,0.8871544896620374,-19.11620975106427
ZTF19aaxfcpq,SN Ic-BL,0.03800,26,0.4230769230769231,0.5769230769230769,52.93596070026979,9.941041700076312,2.1174384280107916,0.0,1.414973347970818,0.4911595001971409,17.876688,52.87391210021451,11,18.92764718181818,60.08069016887629,8.881909800227731,-14.747184081658972,0.42399489999999995,0.4834296146272682,-0.9962927725151536,0.20189828459411588,17.788265,52.92707179998979,15,18.735680133333336,53.214574167468754,11.991273200139403,-16.554273649024925,0.3052876428571429,0.3610599416760543,-1.2601827975871762,0.29292877164446546,0.08842300000000236,0.9989956047450317,-18.18234605661108
ZTF19aaxfzao,SN Ia,0.037,57,0.43859649122807015,0.5614035087719298,86.92506950022653,18.064571800176054,1.5522333839326166,0.0,1.7558748556724915,0.6557371806283279,17.521578,42.78768520010635,25,18.34222084,67.35226669271563,9.012002300005406,-26.16956166823032,0.15230929166666662,0.6098279717685078,-0.6609796604123828,0.26681924764216897,17.494621,86.92506950022653,32,18.326866,58.83482947901325,15.092789399903268,-12.49052382811032,0.16997987096774186,0.7983102994139393,-0.035166721813502555,0.21011151781377668,0.026957000000003006,0.49223642208298546,-18.479546693862
ZTF19aawyepw,SN Ia,0.06,20,0.45,0.55,33.92747680004686,3.939710599835962,1.7856566736866768,0.0,1.3010299956639813,0.5894927028576548,19.07692,27.90236120019108,9,19.771588333333334,14.016470766882245,11.86688659992069,-11.1188012237708,0.36314499999999983,0.4669270610971846,-0.8501804692435178,0.7400396243788501,18.85909,33.92747680004686,11,19.288148909090907,27.076061653157222,5.99133100034669,-6.198662361198258,0.2147468000000007,0.21044592564979442,-1.2338342821499988,0.2144651965702081,0.21783000000000285,0.8224119160005599,-17.973952325445246
ZTF18aanygjk,SN Ia,0.049,36,0.4722222222222222,0.5277777777777778,57.91405089991167,8.83591439994052,1.6546871685689049,0.0,1.5563025007672873,0.621610808441219,17.729925,46.99968749983236,17,18.492853647058826,46.36929475302988,15.003923599608243,-21.64190661362417,0.28190537499999957,0.6670969464769972,-1.1753933069392446,0.4689346891793743,17.808802,54.86788190016523,19,18.36955457894737,27.085727575085052,15.98004630021751,-14.949267530088397,0.169237222222222,0.6586692090271421,-0.6641484409475749,0.4109266060628736,-0.07887699999999853,0.8565974459402419,-18.881171473669596
ZTF19aaxibby,SN Ia,0.056,22,0.4090909090909091,0.5909090909090909,65.98228000011295,10.993009199853987,3.142013333338712,0.0,1.3424226808222062,0.3334228523167484,18.297934,52.99695600010455,9,19.091213888888888,20.212315652012272,14.931874999776483,-10.726773095973066,0.3935132499999998,0.5960384536780795,-0.4403781508172533,0.39227225077093075,18.398296,65.98228000011295,13,19.177227615384616,20.12704630636434,18.040289300028235,-6.554102563447589,0.278867,0.2502230334057872,-1.0191383569504548,0.3762941220543926,-0.10036199999999695,0.8031998288027304,-18.60312220855803
ZTF19aaxibpz,SN Ia,0.065,21,0.47619047619047616,0.5238095238095238,42.98710650019348,5.986979200039059,2.1493553250096737,0.0,1.3222192947339193,0.488518574747651,18.237003,37.00012730015442,10,18.8041895,20.963319952256903,12.033368099946529,-17.349877882870537,0.3256473333333325,1.3386466776030834,1.0081590237134392,0.4819755741404488,18.205067,42.95526620000601,11,18.61030290909091,17.447407320912184,11.94732639985159,-10.939460264331466,0.23072130000000007,0.6466867322626186,-0.06346327778153826,0.3852989420403897,0.03193600000000174,0.8613641719242621,-18.98767985674131
ZTF19aayabqe,SN Ia,0.033,22,0.36363636363636365,0.6363636363636364,29.990578700322658,2.974212999921292,1.4281227952534599,0.0,1.3424226808222062,0.7335637041162967,18.9381,18.99403929989785,8,19.797323499999997,30.891093135210674,6.02142360014841,-15.977802467673664,0.420928571428572,-0.21080569060473894,-1.4620320913267137,0.4641641855053727,18.479347,29.873391200322658,14,19.118724142857143,32.097586281926006,8.960810100194067,-14.870043517068186,0.22450592307692302,0.25586536508019864,-1.3324129088793204,0.4284889587416336,0.45875299999999797,0.6358179817125248,-16.814585772916466
ZTF19aayfaum,SN Ia,0.0113,52,0.5192307692307693,0.4807692307692308,122.70973380003124,9.995902800001204,2.4060732117653187,0.0,1.7160033436347992,0.42376426376035997,16.366138,115.79424769990146,27,18.39746733333333,158.7154173414401,15.997152800206095,-27.44266847778679,0.2409311923076919,-0.4307154138802804,-1.390377794945376,0.16029677834093872,16.303228,122.70973380003124,25,17.783655120000002,185.3661752704091,15.951863400172442,-27.198211193171687,0.3330093333333333,0.748554499881598,-0.07508288194930346,0.14942095922694182,0.06290999999999869,0.9436435408506442,-17.05937029094413
ZTF19aayqait,SN Ia,0.069,54,0.5,0.5,36.81655090022832,5.954872699920088,0.6946519037778929,0.0,1.7323937598229686,1.4667316377989421,18.571728,32.915752300061285,27,19.181416259259255,26.37176850988869,11.935960600152612,-15.054207106586853,0.18612569230769233,1.2626264158215217,1.0626474840935964,0.5689265542233467,18.604849,33.91953699989244,27,19.030215777777773,21.65951202632859,10.037175899837166,-9.03836539890647,0.11082076923076957,0.41844424058891655,-0.9890678714483436,0.420275694592606,-0.03312100000000129,0.9704068867498298,-18.782633527213306
ZTF19aaycomi,SN Ia,0.03,89,0.550561797752809,0.449438202247191,103.72797459969297,8.730821799952537,1.1787269840874202,0.0,1.9493900066449128,0.8580134755688504,16.874905,94.99715279974043,49,19.116071102040816,112.38144345485178,14.034953699912876,-21.130477197432366,0.16304770833333326,-0.7908014897230304,-0.6999540907499671,0.17335193282741215,16.960255,103.69236110011116,40,18.415455675,102.42355552718281,13.963171300012618,-17.45043133753249,0.1619565128205126,0.030314650458567,-1.138573046578511,0.15561459243218626,-0.08535000000000181,0.9161441767925814,-18.670817347125343
ZTF19aayslow,SN Ia,0.06,28,0.5,0.5,49.986851800233126,7.003750000149012,1.8513648814901158,0.0,1.4471580313422192,0.5601472985716099,17.858385,42.983101800084114,14,18.74344735714286,43.47992825954318,14.99480320001021,-19.634302458144415,0.31907553846153863,0.676633846771452,-0.3754043762271402,0.5357525805434495,17.91672,49.953750000335276,14,18.614077000000005,29.42477200019731,20.964757000096142,-14.199946336453374,0.27445338461538454,1.4103921510944564,1.3656368666257945,0.723197145893381,-0.058335000000003134,0.8604579596085503,-19.19248732544525
ZTF19aavjzrz,SN IIP,0.018,70,0.4142857142857143,0.5857142857142857,139.6791203999892,8.000833400059491,2.024335078260713,0.0,1.845098040014257,0.5011486312309669,18.419077,88.94789350032806,28,18.763344642857145,0.1770549372385202,6.018958299886435,-3.807600051898916,0.0680918148148144,1.696378595540916,2.9343065174318204,0.07257971280275623,17.823767,130.68353009968996,41,18.73515287804878,0.6247135725984253,38.980543999932706,-7.03604832934786,0.10687790000000028,0.4075619033452012,-1.6502357904214324,0.42507387881053843,0.5953100000000013,0.6806358340065921,-16.017401599043552
ZTF19aayogzn,SN Ia,0.06965,25,0.4,0.6,51.00711809983477,4.0170834003947675,2.1252965874931156,0.0,1.3979400086720377,0.490127671025605,18.453705,40.992233799770474,10,19.274884399999998,23.21183193828196,12.99591439962387,-11.685975210131003,0.34306777777777797,-0.008036753575963783,-1.416779496145875,0.46420081918181777,18.40883,50.94386570015922,15,18.984353666666667,20.23022967288663,15.959456000011414,-8.140449829248324,0.20948300000000003,0.423098910969419,-0.4473807503565519,0.45618766006916467,0.04487500000000111,0.8046549518059513,-18.92101667732694
ZTF19aayrosj,SN II,0.01506,32,0.25,0.75,91.91140039963648,13.904074099846184,2.9648838838592413,0.0,1.505149978319906,0.3481613799905345,18.761751,43.87043979996815,8,19.53691475,0.0,0.0,-5.219943237003404,0.23364000000000015,-0.08415863683439669,-1.4181899410913141,0.0,18.182184,91.91140039963648,24,18.51975704166667,17.60835941119156,12.958379599731416,-4.261858681834377,0.0941278695652175,0.9815553487326535,0.2282749248755973,0.16412772391030536,0.5795670000000008,0.4773122769233931,-15.287489932850438
ZTF19aaypehm,SN Ia,0.11,23,0.391304347826087,0.6086956521739131,45.89821759983897,5.98347229976207,2.086282618174499,0.0,1.3617278360175928,0.5011087837990618,18.879562,30.076597300358117,9,19.35056722222222,16.181499726804052,10.091400500386953,-9.073506308464836,0.2593065000000001,0.31145546911409183,-1.5227469923633419,0.5049437641965835,18.972673,45.89821759983897,14,19.493181571428572,10.53740591845091,15.959293900057673,-5.583879313358081,0.18535530769230738,0.27703662137164436,-1.4095471466125618,0.5330617112389466,-0.09311100000000039,0.6552890040868087,-19.48751749931815
ZTF19aayveer,SN Ia,0.08,28,0.2857142857142857,0.7142857142857143,48.91563649987802,10.121550899930298,1.811690240736223,0.0,1.4471580313422192,0.5724140991208369,18.971985,22.88040510006249,8,19.427260999999998,16.492356567137715,9.87636569980532,-10.470837889041048,0.28472471428571416,0.5700158133375139,-0.7727900764020119,0.7594844490866433,18.95006,48.86797450017184,20,19.505047199999996,12.242318629416703,12.91521990019828,-5.578629619321848,0.16924168421052674,0.4844194071104596,-1.0845894816291057,0.35922754859533845,0.021924999999999528,0.4682085831075735,-18.703581008486747
ZTF19aayvylv,SN Ia,0.071,33,0.36363636363636365,0.6363636363636364,83.97315969970077,10.014988500159234,2.624161240615649,0.0,1.5185139398778875,0.3929827115951383,18.407436,60.01850689994171,12,19.653892083333332,13.485144649127523,20.995347199961543,-9.867961692049779,0.33524799999999966,0.030800407038099883,-1.4201815121964245,0.5380227373021312,18.292393,78.9872221997939,21,19.238651285714287,7.891918076835916,16.038541600108147,-6.584716879304162,0.14385790000000007,0.4609577087704002,-1.0184306001944552,0.25478757373968236,0.115043,0.7598508369889011,-19.008971817122404
ZTF19aaywlmi,SN Ia,0.07,26,0.46153846153846156,0.5384615384615384,52.95766199985519,4.002997700124979,2.1183064799942075,0.0,1.414973347970818,0.4909582299926892,18.45118,47.00077539961785,12,19.381482916666666,28.04169928428306,10.003321699798107,-9.58546214459805,0.3176036363636363,0.30846663651453343,-1.4490473370582166,0.2703786531084123,18.525866,52.932048600167036,14,19.12542642857143,20.406516635570295,12.992361099924892,-7.256000964410513,0.20998615384615385,0.37836424599180707,-1.1311534624659605,0.3252995181759027,-0.07468599999999981,0.8879455196349519,-18.934426273598312
ZTF19aazlsfj,SN Ia,0.07,20,0.4,0.6,49.93337959982455,5.983414400368929,2.6280726105170813,0.0,1.3010299956639813,0.4005336742732766,18.380833,26.960104200057685,8,18.957589,30.09481267960257,10.994571699760854,-18.784380267917893,0.3861248571428578,0.6575934350307142,-0.9328379250860239,0.6886442215163474,18.471577,46.97583330003545,12,19.279108666666662,18.165525740732804,10.999965300317854,-9.156976210070491,0.2333040909090914,0.29727178982562963,-1.0590011415460538,0.3057595524979189,-0.09074400000000082,0.5739143365028363,-19.004773273598314
ZTF19aazwnwy,SN IIb,0.08528,25,0.44,0.56,56.94993049977347,6.982164300046861,2.3729137708238945,0.0,1.3979400086720377,0.438982098496142,17.756872,43.87673610029742,11,18.50039809090909,72.42283511724489,8.872141200117767,-19.24929775367637,0.3913176,0.9841468777448322,-0.2864849481536491,0.2534564740834133,17.963036,56.94993049977347,14,18.608376214285713,41.84006776603318,12.002256900072098,-11.295787315918687,0.25097469230769237,0.6312896546543243,-1.2718748957259927,0.2670273217466774,-0.20616399999999757,0.7704440675387997,-20.057480031939512
ZTF19aazxcvl,SN Ia,0.06,23,0.5217391304347826,0.4782608695652174,47.9197685001418,6.992534699849784,2.178171295460991,0.0,1.3617278360175928,0.4799689297316188,18.394678,38.93025470012799,12,18.9738315,25.258157467936307,9.958182900212705,-12.123128803045857,0.24328363636363678,0.7739164985750359,-0.4051016191553489,0.34371663058773116,18.400661,47.9197685001418,11,18.93464609090909,18.920581079022128,16.955567100085318,-8.043524109557502,0.23620780000000002,0.4815460741995634,-0.6007190245382357,0.5475861263470011,-0.005983000000000516,0.8124048992434676,-18.65619432544525
ZTF19abadskf,SN Ia,0.04106,37,0.5675675675675675,0.43243243243243246,82.89506940031424,7.959398199804127,2.3026408166753956,0.0,1.568201724066995,0.4463474156867011,17.224737,82.89506940031424,21,19.042587952380952,75.43988666368283,14.996539300307631,-18.117476619471166,0.3453441999999999,-0.26847560618753463,-1.2729636076826105,0.2208669212458573,17.293888,76.94003470009193,16,18.345677125,66.08504114491167,11.999305600300431,-17.068735492566667,0.25718966666666676,0.40326750754291624,-0.7612101804028364,0.184773188823637,-0.06915099999999796,1.077398388542905,-19.002473798699892
ZTF19abahvdh,SN Ia,0.07,23,0.43478260869565216,0.5652173913043478,49.97351850010455,6.9899304998107255,2.2715235681865704,0.0,1.3617278360175928,0.46024375890106445,18.138979,36.9588310001418,10,18.8198044,35.84903829538328,9.958240699954331,-16.28991600709257,0.3138738888888892,0.5188146670738052,-0.7381678023159703,0.36881566622212664,18.344133,49.97351850010455,13,18.96159976923077,21.520155161702863,12.982754700351506,-8.833664916392483,0.22752199999999986,-0.001209980021142629,-1.3549272025693255,0.3509728744892308,-0.20515400000000028,0.7395683175693238,-19.246627273598314
ZTF19abaejto,SN Ia,0.06,35,0.5142857142857142,0.4857142857142857,65.95074080023915,12.914166700094938,1.939727670595269,0.0,1.5440680443502757,0.530699118392209,18.118898,52.98510419996455,18,19.20286566666667,45.630821735859016,9.964652800001204,-12.124677533790528,0.292367882352941,0.36949967711678033,-1.0420578029660315,0.23162594709570372,18.1559,65.95074080023915,17,19.018375176470588,29.531098657350984,16.010682900436223,-9.308312822791363,0.2943156250000005,0.6943103310916138,-0.158029461403685,0.32059800436273433,-0.03700199999999754,0.8034042310525862,-18.931974325445246
ZTF19abaeyln,SN Ia,0.0852,20,0.4,0.6,50.976007000077516,8.940231500193477,2.682947736846185,0.0,1.3010299956639813,0.3923414401596733,18.55411,38.98291670018807,8,19.319846624999997,18.67879297849047,8.9609375,-9.964421611711861,0.36023628571428495,0.5776596146275087,-1.0501306358266889,0.29847923883525523,18.464334,50.976007000077516,12,18.90243425,12.746573082345352,14.996007000096142,-7.554061371581349,0.1683412727272727,0.5797439907420561,-1.0021393553757834,0.4167872985020541,0.08977600000000052,0.7647306839888184,-19.25820404736053
ZTF19abacxod,SN II,0.01765,37,0.4594594594594595,0.5405405405405406,61.95468750037253,22.95872680004686,1.7209635416770146,0.0,1.568201724066995,0.5972106630313893,18.08689,60.914479200262576,17,18.870638411764705,9.145790896160689,17.93873850023374,-11.312699757762546,0.26790875000000014,0.18079469022753059,-1.1023498492396684,0.41741545830347265,17.661745,61.95468750037253,20,18.14393345,27.25126602769406,18.005069400183856,-15.453999973563795,0.15448763157894724,0.9949218507910412,0.6293427190703738,0.4096752185454499,0.42514500000000055,0.9832101759837995,-16.30694962214623
ZTF19abajuqh,SN Ia,0.068,25,0.48,0.52,62.91258110012859,13.203345000278205,2.6213575458386913,0.0,1.3979400086720377,0.3973767974995529,17.938475,45.910266200080514,12,18.876553666666663,34.231106127980375,10.99884260026738,-17.596167667488682,0.33116518181818155,0.6479484238226569,-0.7253035806386205,0.31504995975948263,17.920675,59.97557879984379,13,18.67437423076923,15.139721604134156,11.019421299919486,-10.80678249442221,0.16227991666666686,0.22171072561034513,-1.0720846613869095,0.22508754491069943,0.017800000000001148,0.7654826700930495,-19.384185637058213
ZTF19abaosan,SN Ia,0.047,47,0.44680851063829785,0.5531914893617021,64.92778939986601,6.987824100069702,1.411473682605783,0.0,1.6720978579357175,0.7238811059859831,17.386686,59.944178299978375,21,18.455524380952383,65.73594134290337,15.993611100129783,-23.29516976713831,0.3227107999999996,0.8873770858874057,-0.5954694472885693,0.3638999930855245,17.483168,64.90510419989005,26,18.337363846153846,58.382204175457254,15.989710699766874,-17.106514433143346,0.1960087599999997,0.8747266856360295,0.18643693771258318,0.3268850469275405,-0.09648199999999818,0.9235664750705372,-19.133919363205617
ZTF19abasxkg,SN Ia,0.038,34,0.5,0.5,63.043738399632275,6.025069399736822,1.910416315140372,0.0,1.5314789170422551,0.5393081194594627,16.85049,47.98134259972721,17,18.297710764705883,98.07362278580872,10.996238499879837,-45.439022902141026,0.23587068750000006,2.783501303679459e-05,-1.4854790334539407,0.29731533187506193,16.964947,63.043738399632275,17,17.939819352941175,85.20705656599179,11.024282399564981,-26.720898323474156,0.18624437500000024,0.11597015364173174,-1.1668030044185056,0.21192613778103947,-0.11445699999999803,0.7610802248999733,-19.208544056611082
ZTF19abauylg,SN Ic,0.044,54,0.46296296296296297,0.5370370370370371,73.91898149996996,8.888993100263178,1.3946977641503766,0.0,1.7323937598229686,0.730529546054716,16.843922,64.9517244999297,25,18.53849244,127.98616258214312,12.092847199644893,-32.097646869805324,0.23912687500000032,-0.5369294656753146,-1.3315991376603664,0.22877608865861662,16.698881,70.82443290017545,29,17.662056448275862,95.17600340239323,8.907754600048065,-30.446878160344973,0.12158942857142829,0.6931638331533293,-0.859383297071092,0.14386680365619256,0.1450409999999991,0.9170807564598062,-19.533457455957965
ZTF19abakjao,SN Ia,0.06,20,0.5,0.5,47.96145830024034,6.977580999955535,2.524287278960018,0.0,1.3010299956639813,0.41700149888686305,18.005985,34.99583330005407,10,18.610773000000002,38.72344402339749,12.997395799960941,-22.64789938189511,0.3860122222222226,0.8804217911399401,-0.7745546505068233,0.5908326807258886,18.14334,47.891273099929094,10,18.8632594,34.647864086931875,12.911157399881631,-11.00481600562452,0.3491662222222224,0.5066764075266663,-0.5179770505102859,0.36909990551758276,-0.13735499999999945,0.7307350804191899,-19.04488732544525
ZTF19abcegvm,SN Ic,0.073,44,0.45454545454545453,0.5454545454545454,126.78660879982635,8.9799537002109,2.9485257860424734,0.0,1.6434526764861874,0.34703980504335613,18.595005,126.7653588000685,20,19.216269899999997,6.638557289244005,28.018182899802923,-2.694730867103273,0.15618068421052592,0.5642699780872394,-1.0540616762393902,0.2837365488619262,18.16189,126.75901619996876,24,18.644450958333337,6.39327463136041,57.90934030013159,-4.917290643275851,0.1637952608695654,0.9536827699467646,0.14086190624972783,0.8410982265824806,0.4331150000000008,1.000050036678178,-18.881725374129303
ZTF19abbwfgp,SN II,0.02592,47,0.46808510638297873,0.5319148936170213,106.88209490012378,7.999328700359911,2.3235238021766036,0.0,1.6720978579357175,0.4397368899245403,17.163004,91.89932870026678,22,18.269319045454544,13.670941405325943,6.075613500084728,-14.151444517113825,0.11759019047619036,-0.1954857869496813,-1.1466898773094232,0.07079177924089496,17.274338,106.88209490012378,25,17.707549160000003,34.35635097577496,11.936678200028837,-10.398417123353722,0.09823908333333353,1.4108704548183018,1.1366634132925801,0.1257214788759456,-0.11133399999999938,0.8598196806129439,-18.065287059519804
ZTF19abcejsg,SN II,0.134,51,0.4117647058823529,0.5882352941176471,168.64137730002403,19.93809030018747,3.372827546000481,0.0,1.7075701760979363,0.3024168849692663,19.181,138.7463773000054,21,19.571396857142858,0.08771174696492506,80.93528939969838,-1.2143273838600588,0.15551650000000022,0.23932730759523152,-1.2964246826096348,1.3999959582021382,18.892147,168.62358790030703,30,19.252670166666668,1.7257980589672093,5.003113400191069,-0.865167198733189,0.08494544827586221,0.5253526996098125,-0.70203613455578,0.03057755097872866,0.2888529999999996,0.822817133875923,-19.614640065351065
ZTF19abcejoa,SN Ia,0.09,20,0.55,0.45,63.934618099592626,9.938738499768078,3.364979899978559,0.0,1.3010299956639813,0.31281957403492233,18.637985,44.995219899807125,11,19.407263454545454,22.952192347494382,11.035150500014424,-8.519936193127704,0.32856880000000005,0.29505624244745376,-1.2565455142683044,0.324944874820597,18.77862,63.91249999962747,9,19.560170111111113,9.290796567548094,21.99468749994412,-5.449836601786673,0.3557652500000006,-0.10496016882618901,-0.7899431512093824,0.5247098116131482,-0.14063499999999962,0.7040128284775183,-19.293343620723654
ZTF19abauzma,SN Ia,0.07028,25,0.44,0.56,47.95417819963768,5.982569499872625,1.9980907583182368,0.0,1.3979400086720377,0.5213310067774009,18.52089,39.9922453998588,11,19.473093454545452,23.713413616947506,14.971122699789703,-13.140497646503931,0.4606268,0.5461702010291802,-1.0110020109100415,0.5983393662726556,18.51501,47.91212960006669,14,19.159095428571426,18.76935943372245,17.988981500267982,-8.953917154964362,0.2599469230769231,1.0785379991361261,0.6254318830943499,0.601172758971473,0.005880000000001218,0.8346998084552505,-18.873384837643314
ZTF19abbvzgr,SN Ia,0.0498,38,0.34210526315789475,0.6578947368421053,41.87297450006008,6.969097199849784,1.1317020135151374,0.0,1.5797835966168101,0.9075065827947206,17.765318,34.053483800031245,13,18.533550769230768,43.945236534427636,9.126678199972957,-28.101264480410364,0.2773972500000002,0.983135563485548,-0.3676307410146342,0.3661391012714287,17.84128,41.87297450006008,25,18.567992760000003,48.69511666424788,11.960023100022227,-18.87963552548581,0.14912016666666675,0.38526211444201114,-1.0512720437854277,0.39982758438229843,-0.07596200000000053,0.813256860937414,-18.880944787325618
ZTF18abdcudb,SN Ia,0.087,40,0.45,0.55,36.007557899691164,5.9564815000630915,0.9232707153766965,0.0,1.6020599913279623,1.110877891564623,18.574526,36.007557899691164,18,19.071219166666662,18.467792531876686,9.04281249968335,-11.30324653465591,0.16912405882352974,1.2064190211858012,1.0436554593133822,0.33535686562353856,18.621218,35.93968749977648,22,18.994059272727274,14.209611437649173,11.92959489999339,-8.31619613299136,0.0861649047619048,0.2890992133321192,-1.3337586670033903,0.49685751316515797,-0.04669200000000018,1.0018884527005167,-19.28318633662012
ZTF19abctnpk,SN Ia,0.08,23,0.391304347826087,0.6086956521739131,57.93145829997957,9.044178300071508,2.633248104544526,0.0,1.3617278360175928,0.3970209049615468,19.071857,27.954050899948925,9,19.555507222222225,7.450869959173964,8.996088000014424,-8.477987971047606,0.20174224999999968,0.764286519460524,-0.7258928415499422,0.4745281994430692,18.832827,57.93145829997957,14,19.42322292857143,14.888628209702782,11.85696760006249,-4.755603946652615,0.19311892307692263,0.4169128355817347,-0.8270867489806495,0.2573434327746965,0.23902999999999963,0.48253663415821146,-18.603709008486746
ZTF19abdqaao,SN Ia,0.055,21,0.5714285714285714,0.42857142857142855,42.00347220012918,5.050925999879837,2.100173610006459,0.0,1.3222192947339193,0.49995866770117675,18.437132,33.94703700020909,12,19.385926666666666,30.14104676965959,11.988078699912876,-16.314627001404062,0.3784373636363641,0.23583220986039577,-1.468230688542312,0.5459311200454878,18.352999,39.11874999990687,9,19.09062888888889,28.781608120697406,9.122939799912274,-11.192079138808975,0.29746412499999986,-0.040162384540090766,-1.0855126670131792,0.30414046958844665,0.08413299999999779,0.8677945230941662,-18.424797520998247
ZTF19abegizf,SN II,0.037,24,0.3333333333333333,0.6666666666666666,38.9546759002842,6.874132000375539,1.6936815608819218,0.0,1.380211241711606,0.6161006206657954,18.997936,27.952303200028837,8,19.849420375,9.54019121012327,19.024953700136393,-15.794589919110306,0.34746771428571527,-1.0518513461944232,0.6734709695411873,2.131086466410395,18.602682,38.90837959991768,16,19.256842250000002,13.21450494487685,18.873217599932104,-9.783884011828754,0.2008605333333328,-0.14906887453405146,-1.1286149414880946,0.9420047414613214,0.3952539999999978,0.7184134494279473,-17.003188693862004
ZTF19abctxhf,SN II,0.05,53,0.49056603773584906,0.5094339622641509,66.01309030037373,12.07666670018807,1.2694825057764179,0.0,1.724275869600789,0.8028710632821251,18.974554,41.99062500009313,26,19.775994346153848,11.539054721338351,16.97849540039897,-8.375142226968372,0.16673039999999986,0.109611307751456,-1.4764645700053354,0.6788104680461345,18.671247,62.03039350034669,27,19.432506407407406,8.003802965170205,15.975069400388747,-5.814320078725825,0.12701073076923072,0.5109033666273232,-0.542865301715362,0.346866941283849,0.3033070000000002,0.6769362989750894,-17.68041209520712
ZTF19abdkgwo,SN II,0.098,202,0.43564356435643564,0.5643564356435643,212.70908570010215,10.049375000409782,1.058254157711951,0.0,2.305351369446624,0.9496538398213941,18.050789,212.66423610039055,88,19.170794136363636,16.077929512509805,21.02787040034309,-2.835268011436207,0.09508545977011472,-0.20856439282980185,-1.3108311722024881,0.10972797529074557,17.973349,212.6826621000655,114,18.973550833333334,14.360150812342926,29.956551000010222,-2.9008819729952235,0.08616147787610624,-0.36534332523631774,-1.1310076844941837,0.1639423660891405,0.07744000000000284,0.9999133638845169,-20.065457451989502
ZTF19abdkgns,SN Ia,0.0862,34,0.4117647058823529,0.5882352941176471,60.039097199682146,5.948946800082922,1.8193665818085498,0.0,1.5314789170422551,0.5662976557912,18.372816,39.02315969998017,14,19.08695992857143,19.77491202306786,15.044097200036049,-15.822111739105711,0.24840830769230765,0.6970418268825394,-0.7620555719372808,0.6273847111441954,18.520025,60.009965299628675,20,19.18719865,16.257059913847144,14.951064799912274,-6.671185370813714,0.15867631578947364,0.31053539266114555,-1.0050799997547823,0.33181157627240315,-0.14720900000000015,0.6502779914158963,-19.46483640265059
ZTF19abdyawn,SN Ia,0.041,30,0.36666666666666664,0.6333333333333333,69.73792829969898,8.092580999713391,2.404756148265482,0.0,1.4771212547196624,0.43018197889496945,18.059074,36.119756900239736,11,18.680037727272726,32.20888884105386,13.116157399956137,-20.476651874205725,0.3018417000000003,0.6707563733654851,-0.9817444348958957,0.5701784801024046,17.76237,69.73792829969898,19,18.798333526315787,32.4869566417499,20.94373849965632,-13.498215868887101,0.23513827777777763,0.0969866985905884,-1.3443707653841308,0.42922607354447784,0.2967039999999983,0.517935616685012,-18.16496135712571
ZTF19abdzehg,SN Ia,0.024,43,0.46511627906976744,0.5348837209302325,125.72415510006249,10.924294000025839,2.993432264287202,0.0,1.6334684555795864,0.342018603869533,16.266632,125.72415510006249,20,18.422101450000003,180.38562668175373,17.01391200022772,-27.663973749883525,0.4431557368421052,-0.2175177297011032,-1.3930213931129007,0.1565069814497874,16.2912,104.75348379975185,23,17.726349521739127,161.64708250434214,13.947997699957341,-32.03197798834997,0.2200483636363636,0.3562414814313542,-1.3115827576296177,0.153603028837141,-0.02456799999999859,1.2001906813944103,-18.79454028208506
ZTF19abcttsc,SN Ia,0.025,32,0.375,0.625,85.86800919985399,8.986284699756652,2.769935780640451,0.0,1.505149978319906,0.37266498080235466,17.493181,35.036203699652106,12,18.802646499999998,45.89191826253126,3.025682899635285,-28.06501686930088,0.25002363636363645,-0.16156028846787246,-1.5979417834856557,0.09452151430268811,17.087786,85.86800919985399,20,18.72862335,87.2125032793236,14.974976799916476,-19.621842426071517,0.3009966315789471,-0.03348425219884445,-1.4426712321209079,0.2112334074727727,0.4053949999999986,0.408023943097445,-17.656635116887216
ZTF19abdviwl,SN IIn,0.03,38,0.5,0.5,105.77738430025056,7.998194499872625,2.8588482243310964,0.0,1.5797835966168101,0.3592450338168363,18.274284,92.80116899963468,19,18.882110684210527,14.145904430902823,19.919687499757856,-4.621656477673085,0.128489611111111,0.22743662007606694,-1.0793090032101393,0.2733161715406611,18.309029,105.77738430025056,19,18.799516894736843,9.921113787285757,28.856458300258964,-4.145007736146484,0.12619883333333348,0.410942786628497,-1.152214511889544,0.3751444476924539,-0.03474499999999736,0.8773252393556763,-17.27143834712534
ZTF19abdoznh,SN Ia,0.037,29,0.3793103448275862,0.6206896551724138,77.87734960019588,6.978576300200075,2.78133391429271,0.0,1.462397997898956,0.3723804180404087,17.162014,54.8545949999243,11,18.58242027272727,76.03466492553177,11.900127399712801,-29.436803027702453,0.40100669999999994,0.02776274434227917,-1.134986272534427,0.27704050508716366,17.17919,77.87734960019588,18,18.21695661111111,78.42451175472739,14.842546300031245,-19.222780648792746,0.2973554117647061,0.4195192735022501,-1.166866966767819,0.2354658938071514,-0.017175999999999192,0.7043716212934181,-18.839110693862004
ZTF19abkfqqp,SN II,0.03,49,0.42857142857142855,0.5714285714285714,167.7311459002085,24.959919000044465,3.4943988729210105,0.0,1.6901960800285136,0.292134175421138,16.668798,95.85170140024275,21,18.34047766666667,56.58237596912485,7.016307900194079,-22.144470753108482,0.2043117000000004,-0.33457383787783535,-1.682197915864127,0.07898099646724968,16.398226,167.70894680032507,28,18.218678750000002,33.84662648024789,10.993703700136393,-16.878253388419648,0.18367340740740734,-0.5087547076372236,-0.4070003219516378,0.0701508256801036,0.2705719999999978,0.5715360046614816,-18.876924347125343
ZTF19abfibel,SN Ia,0.04529,42,0.42857142857142855,0.5714285714285714,86.86923620011657,10.943622700404376,2.1187618585394286,0.0,1.6232492903979006,0.4834853146774144,17.760326,79.90179400006309,18,19.413234833333334,60.739722660619314,12.026516200043261,-10.848545318479948,0.3707389411764709,-0.031032003034775216,-1.5779959050348347,0.17718551716984277,17.693478,86.8472569999285,24,18.856565458333336,49.69578018206757,14.961574099957943,-10.610401411620066,0.22031360869565228,0.277979735601249,-1.089273076380915,0.2081300962359512,0.06684800000000024,0.9200266854729663,-18.679801676941814
ZTF19abeloei,SN Ia,0.06,72,0.4305555555555556,0.5694444444444444,73.86023150011897,7.951319499872625,1.040284950705901,0.0,1.8573324964312685,0.9748141664013608,17.81731,56.02922450006008,31,18.983787032258068,51.44962729185913,11.983009200077504,-15.517156988371958,0.18559350000000036,0.274269958285488,-1.3068545657183057,0.27205536544889575,17.97382,70.9397686002776,41,18.81284612195122,39.88404642275523,9.03434030013159,-8.982869217913171,0.10030080000000022,0.36406839652240996,-0.6218443506048756,0.1459377723118068,-0.15651000000000082,0.7898140296420536,-19.23356232544525
ZTF19abcvrpm,SN Ia,0.1,52,0.46153846153846156,0.5384615384615384,33.91694450005889,4.002083300147206,0.6650381274521351,0.0,1.7160033436347992,1.5331569740873832,18.736172,24.90045140031725,24,19.2021275,9.993261527420026,8.874687500298023,-12.694769040087275,0.0933509130434789,0.6469294985578011,-0.9219841967676157,0.5537762540160333,18.839453,30.863090300001204,27,19.299152148148153,13.446453974063735,11.936122699640691,-8.464927300156974,0.11289042307692312,0.16433793561222906,-1.2111369602629365,0.6306410488816675,-0.10328099999999907,0.806803568867382,-19.42394407352703
ZTF19abdrwsz,SN Ia,0.02617,37,0.5945945945945946,0.40540540540540543,108.73878470016643,15.931388900149614,3.0205217972268454,0.0,1.568201724066995,0.340264976310181,16.402655,108.73878470016643,22,18.594796272727272,178.8242067551437,15.015081000048667,-28.245383462352816,0.3837954761904762,-0.4539881897264972,-1.248951473257418,0.1602058007448312,16.761595,82.83329859981313,15,18.061198733333335,278.42396622878823,2.8326735999435186,-23.079177162636796,0.2518946428571431,0.23254052542350176,-1.30857552902264,0.03540814337323159,-0.3589400000000005,1.312742418064367,-18.846479686726436
ZTF19abfwtkw,SN Ia,0.11,62,0.4032258064516129,0.5967741935483871,46.07282410003245,4.9841899001039565,0.7552921983611877,0.0,1.792391689498254,1.3456956722554443,18.789774,28.882418900262564,25,19.185759040000004,19.24666356478651,8.019791600294411,-8.955712431313698,0.08787062500000002,0.7631734027434429,-0.4368415444607834,0.38440947465454905,18.902708,46.07282410003245,37,19.381962135135137,10.98101372824943,13.988877300173044,-5.2360803296713785,0.07388430555555568,0.2970979479135353,-1.3049294985346194,0.43600861787472933,-0.1129339999999992,0.6268862277153577,-19.57730549931815
ZTF19abgfrbl,SN Ia,0.092,31,0.5806451612903226,0.41935483870967744,41.926493000239134,6.913912000134587,1.3975497666746377,0.0,1.4913616938342726,0.7393892925846001,18.54811,35.01258100010455,18,19.125305,23.66423682057239,14.009166600182652,-12.42846533356096,0.21435605882352896,1.3536003689230622,1.5524647658507256,0.6669947244498851,18.651804,41.90138889988884,13,19.180146999999998,17.133605073078886,16.942037099972367,-8.477584191769468,0.2504876666666667,1.491996720997229,1.6835348368293532,0.6787851397658917,-0.10369399999999729,0.8355947599674298,-19.430945210254805
ZTF19abgcbey,SN Ia,0.075,23,0.4782608695652174,0.5217391304347826,48.89177080010995,4.90625,2.222353218186816,0.0,1.3617278360175928,0.47042681464808545,18.476425,44.89444450009614,11,19.64555409090909,21.90021227131153,13.02865740004927,-11.147035873094447,0.37735699999999994,0.07933939230669046,-1.1174433911378627,0.40886036673577425,18.297096,48.89177080010995,12,18.8449,21.026027233211256,15.957604200113565,-11.21028180974081,0.2633194545454545,0.8815239812925288,-0.3117468988417986,0.48453037825208894,0.17932899999999918,0.9182413270250211,-19.05899739048553
ZTF19abgfuhh,SN IIb,0.0354,20,0.45,0.55,71.9080671002157,13.889710600022227,3.7846351105376685,0.0,1.3010299956639813,0.2781329106249889,18.924044,71.9080671002157,9,19.726952555555556,20.746060877966944,5.967534699942917,-2.927732333270726,0.370476,-0.39597672062603323,-1.0718953154435713,0.09049873397622477,18.488274,54.91774299973622,11,19.45325736363636,27.143748139420065,9.950798599980772,-7.109041915990943,0.29247949999999995,-0.3858151562798098,-1.4041769948879552,0.22129141156486695,0.435769999999998,1.309377683284637,-16.98108838365597
ZTF19abglmpf,SN Ia,0.041,61,0.4918032786885246,0.5081967213114754,66.82395839970559,6.889131899923086,1.113732639995093,0.0,1.7853298350107671,0.9128462524642771,16.979551,66.82395839970559,30,17.92079046666667,96.76746482360507,13.984918999951333,-28.131756953305704,0.17973220689655156,0.9358389484831973,-0.5312361804623853,0.26467019761938315,16.957298,48.86081020021811,31,17.44251483870968,97.03055347586593,11.029641200322658,-32.35018174741771,0.10586123333333314,0.5381021470867977,-0.2240325961538474,0.2915490451895139,0.02225299999999919,1.3676391800684322,-19.244484357125707
ZTF19abfloxk,SN II,0.016,22,0.36363636363636365,0.6363636363636364,58.93314820015803,7.135682899970561,2.8063403904837156,0.0,1.3424226808222062,0.37330434011908104,18.227694,41.83260409999639,8,18.9079295,64.40594283690125,5.8682407001033425,-10.338328226430736,0.4094512857142857,0.2694110213506443,-1.5961788849012535,0.16316820722929282,18.021963,58.93314820015803,14,18.489554642857144,79.07494379454384,5.976365800015628,-5.546942730989949,0.17452561538461545,1.4959828509578244,2.569484225733513,0.11285364270922091,0.2057310000000001,0.709831484955087,-15.953021986806654
ZTF19abgmkef,SN II,0.06,35,0.4857142857142857,0.5142857142857142,59.94096060004085,5.922928199637681,1.7629694294129663,0.0,1.5440680443502757,0.5839078928604315,18.666298,51.013171299826354,17,19.396666058823534,24.647798308933186,3.0312037002295256,-5.5730595367544735,0.1398137499999994,0.5575109085757698,-1.1748318827051423,0.06317380990968356,18.695866,59.928669000044465,18,19.162079666666667,22.65769643390861,5.97596069984138,-3.015561345145195,0.09770547058823537,-0.03855954967072218,-1.2973195155085877,0.11076294199338434,-0.029567999999997596,0.8512315082417149,-18.384574325445247
ZTF19abgncfz,SN II,0.073,31,0.4838709677419355,0.5161290322580645,45.961180499754846,10.940567099954933,1.5320393499918281,0.0,1.4913616938342726,0.6744822405108883,18.701672,43.00186339998618,15,19.1827972,7.908383671420616,4.079606399871409,-6.180203477636518,0.13819385714285712,0.8190428285526176,-0.6064926841565312,0.10481423006531661,18.726849,45.88337960001081,16,19.0214719375,26.802556807298235,3.973796300124377,-3.5666503665869405,0.07879173333333303,0.4791852802402095,-0.9054567767959192,0.09481832047075364,-0.02517700000000289,0.9371991290714785,-18.775058374129305
ZTF19abgndlf,SN IIn,0.03,82,0.5,0.5,52.07398150023073,2.977291699964553,0.6428886604966757,0.0,1.9138138523837167,1.5746827424677845,17.593704,50.09942129999399,41,18.664710414634147,74.99146165916302,8.130474499892443,-19.22094917766543,0.12405112500000026,0.2905206776070942,-0.6264441143642139,0.19372595978207321,17.90617,52.01554400008172,41,18.60841682926829,30.30342105805352,15.0189119996503,-14.981271417257604,0.10202310000000007,0.41300132893075386,-0.7099287037595632,0.40595349326595903,-0.3124660000000006,0.9631624981162417,-17.952018347125343
ZTF19abgnuri,SN Ia,0.07,62,0.41935483870967744,0.5806451612903226,48.00765040004626,3.000150399748236,0.7870106622958403,0.0,1.792391689498254,1.2914608293335734,18.47298,44.03252310026437,26,19.26178330769231,26.82120411501298,11.941493000369519,-11.056523974396153,0.16257279999999993,0.5454132647129859,-0.6901164403765647,0.37211310958848426,18.39574,46.01457169977948,36,19.03902577777778,22.637723458505402,12.958124999888241,-9.807336485639699,0.10486820000000024,0.37771976312422356,-0.6634212572292726,0.39199993627660157,0.07723999999999975,0.9569256318966323,-18.912626273598313
ZTF18aarwxum,SN Ia,0.09,124,0.4032258064516129,0.5967741935483871,48.048587900120765,2.9703588001430035,0.390638926017242,0.0,2.093421685162235,2.5807210038671777,18.774448,45.092060199938715,50,19.507614779999997,14.133787932130083,15.107696800027043,-8.446656547070283,0.1034844897959186,0.8276795198494011,-0.6283484625151012,0.5038525113416797,18.821056,48.048587900120765,74,19.366390472972974,12.030881189242319,18.062592499889433,-6.879024536434044,0.09217971232876727,0.3094449718138729,-1.0382708633547955,0.6023676139078606,-0.046607999999999095,0.9384679585937504,-19.156880620723655
ZTF19abhdlxp,SN Ia,0.05,21,0.38095238095238093,0.6190476190476191,51.94534720014781,8.996851800009608,2.5972673600073906,0.0,1.3222192947339193,0.4042710489369921,18.498423,42.002939799800515,8,19.349322625,14.27295362179892,9.021678199991584,-10.544660084670006,0.3797238571428575,0.7964380170403129,-0.9073996311996537,0.27353951190405185,18.286184,51.94534720014781,13,19.06505569230769,19.48976143689941,15.007152799982578,-9.977172628010457,0.21573366666666693,-0.05039320110942306,-0.7191351558600538,0.4062773788400293,0.2122390000000003,0.8085986919667947,-18.156543095207123
ZTF19abgrcxs,SN Ia,0.0825,41,0.36585365853658536,0.6341463414634146,47.99936340004206,5.033356500323862,1.1999840850010515,0.0,1.6127838567197355,0.8541779952015796,19.010609,24.003576300106943,15,19.369071199999997,13.36603695681428,8.00222219992429,-8.88954749018145,0.11395057142857164,0.48534149511932845,-1.194871958358993,0.5000965636922532,18.806711,47.99936340004206,26,19.44486780769231,12.495106507957132,12.075786999892443,-6.624896995991445,0.12292767999999982,0.6761072253911271,-0.1974201282513337,0.3361521376764188,0.2038979999999988,0.5000811385778902,-18.731776816276653
ZTF19abhjhes,SN Ia,0.08,25,0.48,0.52,50.91715279966593,11.947789399884641,2.1215480333194137,0.0,1.3979400086720377,0.4909936755176151,18.601322,27.0101272999309,12,19.008619083333336,20.65284307775564,11.986030099913478,-15.4787576117746,0.22769018181818204,0.9583527144547614,-0.5019294602937774,0.797787044395558,18.588436,47.960104200057685,13,19.1691296923077,24.45660083962055,8.965752300340682,-7.5263200143756706,0.22874574999999955,0.8652079700298744,0.3530716102933664,0.22992438298239162,0.012885999999998177,0.5631790787455881,-19.074244008486748
ZTF19abgrmfu,SN II,0.035,27,0.5185185185185185,0.48148148148148145,79.92637740029022,8.00346070015803,3.074091438472701,0.0,1.4313637641589874,0.33781088144127447,17.529177,76.94954870035872,14,19.291452928571427,66.74806084479877,13.03278940031305,-14.076671127981248,0.4133844615384618,-0.9499221897353818,0.4444986479754163,0.20390253734756758,17.586529,76.94342599995434,13,18.34812453846154,65.9967749548284,10.03076389990747,-11.226506345055427,0.27760625000000044,0.21777969908206996,-1.2368837166684246,0.14990830711397513,-0.05735199999999807,1.0000795740548956,-18.351279295278406
ZTF19abirbpd,SN Ia,0.07,20,0.4,0.6,44.93923609983176,5.938842600211501,2.3652229526227244,0.0,1.3010299956639813,0.4450453931965006,18.90059,27.957407400012016,8,19.41836675,16.340463568549744,9.001863399986178,-10.169967202047577,0.30545699999999953,0.44037676486238525,-0.6177100164543736,0.4748934348691817,18.722235,41.92313659982756,12,19.244867666666664,11.794455042777034,12.93842599960044,-8.046150853647783,0.18798509090909088,0.5485902934263022,-0.7724054319412734,0.4463879656434816,0.17835499999999982,0.6668729887001588,-18.485016273598312
ZTF19abhzdjp,SN Ia,0.1,27,0.37037037037037035,0.6296296296296297,37.05612269975245,3.9274189001880586,1.4252354884520173,0.0,1.4313637641589874,0.7286245303851061,18.889652,29.08409719960764,10,19.3498499,18.06254859970708,8.993067099712789,-8.604533297759705,0.22313199999999966,0.3803197914691276,-1.3047327146880339,0.4476160283966652,18.918243,34.08319449983537,17,19.377625117647064,9.819953993131765,9.00259259995073,-5.956552292315378,0.13875575000000007,-0.11484419401048654,-1.1015282646227298,0.35894643341841564,-0.0285909999999987,0.853326621122563,-19.270464073527027
ZTF19abhphah,SN Ia,0.09,115,0.4608695652173913,0.5391304347826087,41.952037000097334,2.975486099720001,0.36800032456225734,0.0,2.060697840353612,2.741225652516782,18.957542,36.000370300374925,53,19.595176528301888,12.870069259733915,11.010833300184458,-8.15180038664862,0.13148030769230734,0.7494176177174581,-0.7639517936772551,0.44061773934029014,18.889694,41.89243059977889,62,19.37542791935485,15.513627997637553,9.918194499798119,-5.279742708972888,0.10849670491803273,0.3844734782600904,-0.9528760002615284,0.31019332154753443,0.06784800000000146,0.8593526273112675,-18.973786620723654
ZTF19abiahik,SN Ia,0.033,22,0.45454545454545453,0.5454545454545454,28.991782399825752,6.8413426000624895,1.3805610666583692,0.0,1.3424226808222062,0.7588357175353325,18.585005,16.05805560015142,10,19.0090883,34.8058550435783,5.998958399984986,-21.187958983808695,0.2470894444444447,0.6695957262367693,-1.142553153021569,0.5963714516930734,18.20386,28.93276620004326,12,18.72366025,37.14519520207126,9.00538200000301,-19.55155061314263,0.24234918181818185,0.6175337760320149,-1.0735950304828443,0.4519098899084216,0.38114500000000007,0.5550128006815819,-17.167680772916466
ZTF19abhzelh,SN Ia,0.05352,39,0.358974358974359,0.6410256410256411,62.932742999866605,17.876678199972957,1.6561248157859634,0.0,1.591064607026499,0.6197092028879572,17.671328,34.083587899804115,14,18.49823328571429,59.79941773378617,12.053402799647301,-30.10303490579619,0.28031461538461555,0.39027977771042416,-0.7026685486894269,0.5471312539975665,17.741037,42.08313659997657,24,18.32602204166667,36.84437759255269,13.007893499918282,-19.383328827912724,0.1091027391304348,0.05359002972536569,-0.36242685529286245,0.44738726534988815,-0.06970899999999958,0.809910825416542,-19.131368597325864
ZTF19abhztqq,SN Ia,0.1,56,0.42857142857142855,0.5714285714285714,38.95715280016884,2.9750810996629298,0.7083118690939789,0.0,1.7481880270062005,1.4374767141544618,18.924753,33.958946800325066,24,19.26749116666667,9.117805911171423,11.974768500309438,-8.63398900880575,0.09650482608695592,1.2631050450900065,0.5057446376381867,0.544699389574225,18.996847,38.107685199938715,32,19.3673745,10.849022781197148,8.119305599946529,-4.2646690728034065,0.07969058064516184,0.31939231178770805,-1.3826942479888813,0.2707483934860103,-0.07209399999999988,0.89113118842442,-19.23536307352703
ZTF19abidbya,TDE,0.117,20,0.5,0.5,43.962916700169444,5.002048599999398,2.3138377210615495,0.0,1.3010299956639813,0.4549288696289551,18.85895,43.94046299997717,10,19.2972674,11.169170398410571,5.986666699871421,-5.18965829978794,0.18409355555555568,0.9158478249081117,-0.6855256659590436,0.15773564922291425,19.082626,35.96064820000902,10,19.4309597,9.764668597775449,5.979212999809533,-3.466149272326184,0.1436128888888888,-0.14104998233253702,-1.6810532663222566,0.19943051291186187,-0.2236760000000011,1.221904086811376,-19.642095382257843
ZTF19abfvnns,SLSN-I,0.14,98,0.46938775510204084,0.5306122448979592,133.7851041997783,8.979548600036651,1.3792278783482297,0.0,1.9912260756924949,0.7325180227363639,18.088034,122.76098380004987,46,19.292363739130433,14.186326547397915,37.04343750001863,-5.431365069324002,0.1385724666666665,-0.4726495303835217,-0.7046095311668483,0.432156998175823,18.26015,127.74767359998077,52,19.123733442307692,13.634311735543507,27.93831010023132,-3.8606645919328795,0.1127589215686271,-0.5389339549794231,-0.596205548450814,0.27991672444941956,-0.17211599999999905,0.9609645353265232,-20.80272225191822
ZTF19abidfxd,SN Ia,0.054,20,0.45,0.55,65.87586809974164,10.979120399802923,3.467150952617981,0.0,1.3010299956639813,0.30360131223953374,17.720558,36.885347300209105,9,18.32647411111111,29.24694182818294,5.989826400298625,-23.55623251912915,0.3344851249999996,1.4553800399219472,0.8294109227494451,0.19387361746394705,17.782452,65.87586809974164,11,18.670129545454547,45.03697266470945,15.916527799796313,-13.124509425163458,0.49483,1.0362973763279,-0.014341420231009927,0.3185896311728066,-0.06189399999999878,0.5599219921377213,-19.101526872641873
ZTF19abheamc,SN Ia,0.037,47,0.46808510638297873,0.5319148936170213,120.72612260002643,10.909895800054073,2.6244809260875313,0.0,1.6720978579357175,0.38931093774720227,16.089392,103.71090280031785,22,18.060238,245.08614812169674,8.96151620009914,-37.182257429113825,0.22476033333333353,-0.3232273567291823,-1.4352224074661228,0.09458125821870444,16.305937,120.72612260002643,25,17.808290279999998,141.5639215559281,13.038032399956137,-26.890808150301833,0.19370425,0.4624071368981067,-1.0315525073982315,0.12107218519460405,-0.216545,0.8590593366766105,-19.911732693862003
ZTF19abimkwn,SN Ia,0.059,46,0.391304347826087,0.6086956521739131,74.09967599995434,9.954050899948925,1.646659466665652,0.0,1.662757831681574,0.6207854404117549,17.54034,71.88582179974765,18,19.32322111111111,69.06361689373293,9.1268981997855,-14.438204525305638,0.2753318823529409,-0.3107531019098691,-1.6342856949725606,0.14542789576765472,17.662533,74.00046300003305,28,18.973470499999998,35.46349870905608,15.047418999951333,-12.594752507899969,0.14854725925925938,-0.5742144095234558,-1.0128485878859634,0.2552441397246676,-0.12219299999999933,0.9714239463571402,-19.474036131737748
ZTF19abimlck,SN Ia,0.04808,147,0.14965986394557823,0.8503401360544217,75.84212969988585,4.076134299859405,0.51946664178004,0.0,2.167317334748176,1.9382367106737677,17.935192,71.88782409997657,22,19.499585909090907,42.26667854343681,9.127847199793905,-9.591635047000244,0.2667703809523807,-0.3897112107743917,-1.4017676938121344,0.1454405761543124,17.795694,75.74291669996455,122,19.275105811475406,39.24676597500528,11.9875579001382,-10.354606911183128,0.09918019008264457,-1.0885357185514806,2.590320871222376,0.18802431867375594,0.13949799999999968,0.9491029291193142,-18.634746368500444
ZTF19abjarhj,SN Ia-91T,0.108,23,0.5217391304347826,0.4782608695652174,44.94416669989005,6.032094900030643,2.0429166681768205,0.0,1.3617278360175928,0.5117460549125337,18.747272,35.95999999996275,12,19.252811666666663,11.768379538157184,14.971689799800515,-11.383406337546102,0.2183651818181822,0.8142394897971108,-0.6108393830199255,0.7133346923605498,18.78843,42.965254600159824,11,19.242281545454542,11.494306392677434,12.93807870009914,-6.605127764609157,0.18643249999999972,0.549607896071739,-0.8750454561534826,0.4308789725401047,-0.041158000000002914,0.8369553569415827,-19.57996285096178
ZTF19abimzvh,SN Ia,0.08,49,0.4489795918367347,0.5510204081632653,56.95881940005347,5.988101799972355,1.1866420708344474,0.0,1.6901960800285136,0.8602706396676825,18.769629,44.984050900209695,22,19.374338636363632,17.657810113905384,13.021527700126171,-8.074799966406244,0.18423328571428618,0.798286092434972,-0.6540102683515716,0.40739986698209557,18.762577,56.00658559985459,27,19.361898851851848,17.637732859092573,12.034710600040853,-5.460634612772875,0.1424535384615379,0.3875308760138084,-0.9154275618073071,0.27369109459380186,0.00705199999999806,0.8031921678211801,-18.90593700848675
ZTF19abkdehm,SN Ia,0.08,35,0.5142857142857142,0.4857142857142857,55.69261569995433,6.674907399807125,1.6380181088221861,0.0,1.5440680443502757,0.6284495630186158,18.55193,54.74613420013338,18,19.387855944444443,17.611527299566713,18.01049769995734,-8.987594018211423,0.24644352941176476,0.5144772325786002,-1.1814431201098956,0.4902731901724646,18.626291,52.746377300005406,17,19.37097023529412,18.63647219475688,11.997338000219315,-6.183922664127514,0.1727547500000004,-0.17206360676472507,-1.42013030726365,0.29442014355126883,-0.07436099999999968,1.037912687135914,-19.12363600848675
ZTF19abitbcj,SN Ia,0.038,56,0.5178571428571429,0.48214285714285715,86.89071760000661,8.998275499790907,1.5798312290910292,0.0,1.7481880270062005,0.644487714531152,17.134428,69.92848379956558,29,18.639984413793105,67.50357887218561,19.956041699741036,-26.176291449226675,0.245011857142857,0.3195417631471745,-1.0250951585122559,0.39934093394669423,17.240967,83.92291670013219,27,18.419053074074075,75.32192367368164,14.008217599708587,-16.526507990902587,0.2017961923076925,0.14359677647651056,-1.3034663699399456,0.20036155171872452,-0.1065390000000015,0.8332465856665756,-18.924606056611083
ZTF19abjibet,SN Ia,0.0515,95,0.4631578947368421,0.5368421052631579,71.92298609996215,4.008946800138801,0.7651381499995973,0.0,1.9777236052888478,1.320857282927106,17.538305,66.9123957999982,44,18.674959136363636,58.59512748744224,13.954803199972957,-16.934160516875284,0.1450551627906977,0.5929071782602591,-0.935555864105952,0.2635090175901672,17.656513,71.92298609996215,51,18.56352878431373,45.12516246171049,15.978738400153816,-13.381459212004293,0.11038059999999994,0.35615239122422615,-1.1733268127136531,0.28561896990543606,-0.1182079999999992,0.9303339506371442,-19.180847218732985
ZTF19abhzewi,SN Ia,0.03692,23,0.5652173913043478,0.43478260869565216,72.91086810035631,11.994502400048077,3.3141303681980143,0.0,1.3617278360175928,0.31545365731131103,16.904724,56.93424770003185,13,18.038649615384617,150.09253059048717,10.000057900324464,-34.55532555349128,0.43346366666666647,0.6851161034794396,-0.7211603228876617,0.21306552734797204,17.072,69.93980329995975,10,17.9892563,62.67706874185677,14.00363429961726,-23.34396349961699,0.36424033333333367,0.5688092503039339,-0.6823631186366512,0.25035025726433857,-0.16727599999999754,0.8140464372747902,-19.091700535296397
ZTF19abjozed,SN Ia,0.08,26,0.46153846153846156,0.5384615384615384,53.992997700348496,8.042094900272787,2.15971990801394,0.0,1.414973347970818,0.4815439243491417,18.422913,43.04937499994412,12,19.44618608333333,26.217134957222473,12.992731499951333,-12.47986620706938,0.36473399999999984,0.18030085013352115,-1.404017995868328,0.4322748646220078,18.534313,50.955497700255364,14,19.186775285714287,21.167387023850303,9.937951399944723,-7.5685745964017475,0.20941892307692347,0.5533835173745246,-0.18088115000541993,0.24228537044083154,-0.11139999999999972,0.84484259683187,-19.252653008486746
ZTF19ablpfhz,SN Ia,0.06,28,0.4642857142857143,0.5357142857142857,65.91706020012498,11.919861199799925,2.441372600004629,0.0,1.4471580313422192,0.4247762250772663,18.461187,42.00399300036952,13,19.247587461538465,20.50402304684652,16.045879600103945,-13.692743391317384,0.33044766666666714,0.7102366002719556,-0.9368048201080397,0.6181450613410057,18.286915,62.89399310015142,15,18.90045913333333,21.35283236456706,12.936817100271583,-7.775796539691126,0.19104135714285725,0.6231254016274379,-0.5956758752295279,0.25895813446906407,0.17427199999999843,0.667853811308864,-18.58968532544525
ZTF19abjpntj,SN II,0.05468,74,0.40540540540540543,0.5945945945945946,118.7518171002157,8.02207180019468,1.6267372205509,0.0,1.8692317197309762,0.6231483593851095,19.050581,99.73353009996936,30,19.74861276666666,13.91299509089287,5.999375000130385,-1.6634796195385617,0.1339726206896553,0.1461369541253678,-1.4181410165048514,0.06400415082144045,18.971445,118.74112269980833,44,19.27916509090909,6.69094774490043,18.954629599582404,-1.3893580011247384,0.09726600000000035,0.9685077944541204,0.20967505431244904,0.18995185631530614,0.07913600000000187,0.8399240956488813,-17.79867760300595
ZTF19abjsmmv,SN II,0.02,51,0.5686274509803921,0.43137254901960786,87.88488420005888,8.998749999795109,1.7576976840011775,0.0,1.7075701760979363,0.5803045707371579,17.484266,83.89258099999279,29,18.371437379310347,63.448603927392355,13.931365699972957,-10.718527040799367,0.1649965357142856,0.32854987791569795,-0.07745084711181782,0.19912984130178493,17.536484,84.93813649984077,22,18.11230490909091,59.823613814967345,7.9837615001015365,-6.615628134706946,0.10107347619047603,-0.753741458400742,-0.5715609488226541,0.10374668756816738,-0.052217999999999876,0.9876903880526041,-17.181000051846933
ZTF18aaxgwpl,SN Ia,0.05453,20,0.6,0.4,34.959351799916476,8.995138899888843,1.8399658842061304,0.0,1.3010299956639813,0.5720929871488002,18.122395,22.010509199928492,12,18.744709,49.389743512604404,7.987118000164628,-22.66675007820275,0.22301727272727234,-0.0728829917389734,-1.1828796371313526,0.5695568130695178,18.120247,28.980254599824548,8,18.644166,28.52282314106731,3.976481500081718,-16.577296667242493,0.2400908571428571,0.7363453792901536,-0.918574489335501,0.15903525776766136,0.002148000000001815,0.7595002012184444,-18.720898561961132
ZTF19abinjcy,SN Ia,0.08,129,0.4418604651162791,0.5581395348837209,45.94400469958782,4.974166700150818,0.35893753671552986,0.0,2.110589710299249,2.8077656887658575,18.800823,37.96987269958481,57,19.34662863157895,20.881102914626652,10.98358799982816,-8.35435802854114,0.09889907142857167,0.7282586080690259,-0.9007684904982205,0.4070063042033794,18.8101,43.922754699829966,71,19.24892015492959,21.497417288094063,7.933622700162232,-4.507879285037548,0.06935844285714284,0.13262695709299369,-1.5021568830080925,0.22044495822337362,-0.009276999999997315,0.8644692929455948,-18.874743008486746
ZTF19abkdrir,SN Ia,0.083,26,0.5384615384615384,0.46153846153846156,30.936967599671334,3.9982292000204325,1.2374787039868533,0.0,1.414973347970818,0.8404185030816084,18.386177,29.977685199584812,14,18.896721142857146,24.062651346028293,11.9763541999273,-16.61626643348909,0.1845230769230773,0.3022331476509072,-1.262848647346358,0.6653038155986999,18.52169,26.87653939984739,12,18.8193375,17.123996806726744,8.000833400059491,-9.111103447776522,0.12446127272727284,0.33454634114288434,-1.2075072786561243,0.4238693588546778,-0.13551299999999955,1.1153848623738751,-19.3693295354074
ZTF19ablusdf,SN Ia,0.057,23,0.391304347826087,0.6086956521739131,21.015092600136995,3.0490393000654876,0.9552314818244089,0.0,1.3617278360175928,1.0944515181365446,19.17905,11.948576400056481,9,19.43251488888889,15.951548833920837,7.9136458998546,-13.596257022964808,0.17910312499999925,1.8362266839960182,2.2955112930164763,1.9612843144283785,18.754282,20.04706020001322,14,19.030597571428572,20.060146218712337,7.918321799952537,-9.998850068954354,0.11692276923076943,0.5784333171180543,-0.9017328292392812,0.6528561783402731,0.42476800000000026,0.5960263640076564,-17.76044035188949
ZTF19ablpnmk,SN Ia,0.06,26,0.34615384615384615,0.6538461538461539,36.96357640018687,4.916712999809533,1.4785430560074746,0.0,1.414973347970818,0.703395140083592,19.485785,25.980636599939317,9,19.843729444444445,8.779824935170904,10.004016200080514,-5.3219654214306304,0.2537080000000005,0.7282035905134328,-0.8124429446937733,0.6261659818974561,18.795492,36.93546300008893,17,19.320955411764704,15.100445954787718,12.95261579984799,-7.910695415046757,0.15648293750000009,0.2515020803582657,-1.3820845794757703,0.540078318962807,0.6902930000000005,0.7034062792140108,-17.565087325445248
ZTF19ablovot,SN Ia,0.04,49,0.3877551020408163,0.6122448979591837,63.85791669972241,7.008888800162822,1.3303732645775501,0.0,1.6901960800285136,0.76732850885837,17.48094,40.036782399751246,19,18.62331447368421,79.54198540856065,10.978587999939919,-31.076125172231727,0.2713008333333329,0.14925608961241613,-1.443805394499775,0.3778138396655231,17.401564,63.81498839985579,30,18.45370923333334,57.27184649608448,15.915242999792099,-19.550408296107186,0.19410727586206902,0.22799391076118655,-1.3233661524104077,0.3322615363999604,0.07937599999999989,0.6273883832570237,-18.68947603016684
ZTF19abjrjdw,SN II,0.0224,24,0.5416666666666666,0.4583333333333333,83.93870369996876,8.973148100078106,3.649508856520381,0.0,1.380211241711606,0.2859229287812904,18.11071,71.8460069000721,13,18.767762153846153,0.0,0.0,-5.867721597829878,0.1218357499999998,0.2683611605127407,-1.101521119772349,0.0,17.89683,83.93870369996876,11,18.192301909090904,10.174576309471533,13.121238400228322,-4.031255694639889,0.10086539999999929,0.16711570382328336,-0.9747764200588867,0.18528251956903088,0.21387999999999963,0.8559341964212254,-16.800646165197836
ZTF19abmylxw,SN Ia,0.041,104,0.5,0.5,83.7930092997849,11.994837999809533,0.813524362133834,0.0,2.0170333392987803,1.241153657913405,17.015783,83.7930092997849,52,18.46985103846154,96.61579682136208,14.88812500005588,-21.734966407672225,0.1293469803921566,0.11720062230965851,-1.4228265112348149,0.21606777445984957,17.079842,63.83694439986721,52,18.013399211538466,76.87852425514357,16.978518499992788,-26.76947319621798,0.09130880392156865,0.38801813172940286,-0.9553623408596983,0.36233650990052335,-0.06405900000000031,1.3126099641441986,-19.20825235712571
ZTF19ablesob,SN Ic-BL,0.0558,43,0.4186046511627907,0.5813953488372093,81.78609950002283,11.052615799941123,1.9472880833338768,0.0,1.6334684555795864,0.5257617157789509,18.386349,62.76969909993932,18,19.473381777777778,25.500285785545273,11.025439799763262,-7.555076831551678,0.2539125882352938,0.1172942796430106,-1.5974922855700695,0.21307561358262112,18.07234,81.70636569987983,25,19.333326239999998,27.36324893867696,16.881898100022227,-7.740261325884024,0.19820391666666648,-0.9236572556867613,-0.38268015945825473,0.2604247859655281,0.31400899999999865,0.7682351131673408,-18.506938068214925
ZTF19abnimpq,SN Ia,0.0705,41,0.4146341463414634,0.5853658536585366,92.91763889975846,11.857523099984974,2.3229409724939614,0.0,1.6127838567197355,0.44125098835358567,17.912748,90.82076390041038,17,19.35905829411765,44.62559232992243,12.021597200073302,-8.180692363267852,0.2983131874999998,0.11004585590624177,-1.2494367140960743,0.15255995340394732,17.945942,92.91763889975846,24,19.178087166666668,30.093091010367853,18.012083400040865,-7.8928225050037755,0.21338252173913058,0.11016538952635715,-1.5786382313286085,0.24046391859558097,-0.03319399999999817,0.977432971563018,-19.488313658484024
ZTF19abmolyr,SN Ia,0.03137,51,0.49019607843137253,0.5098039215686274,73.7249075002037,8.056261499878019,1.474498150004074,0.0,1.7075701760979363,0.6917607865409542,17.106201,63.88173620030284,25,18.95626132,106.04936456724246,11.998877400066704,-25.766663368438696,0.24719862499999992,-0.696677064690193,-0.844362845414838,0.2312686246967581,17.026442,70.78479170007631,26,18.226871653846157,77.6683982628998,12.960763900075108,-23.877653724439316,0.1630905199999998,0.07621492546085058,-0.5042414122449381,0.22414149261450855,0.07975899999999925,0.902478267803308,-18.536487667015756
ZTF19ablfdwt,SN II,0.026,30,0.43333333333333335,0.5666666666666667,94.83030090015382,14.910335599910468,3.270010375867373,0.0,1.4771212547196624,0.316354579867745,18.416132,90.78905089991167,13,19.837776230769233,19.330063685043573,20.046620400156826,-5.299948141467875,0.4185903333333328,-0.5130412232870096,-1.2710719877165177,0.2833747760507931,18.04413,94.83030090015382,17,19.250569352941177,27.758175798937852,19.980937500018626,-6.854727779370847,0.3126803125000004,-0.14752522804817958,-1.1571624822764177,0.2669486631863931,0.37200200000000194,0.9573844018010957,-16.818850813381122
ZTF19abnmrqt,SN Ia,0.08,90,0.4666666666666667,0.5333333333333333,36.98572919983417,2.854652800131589,0.4155699910093727,0.0,1.954242509439325,2.4333709770525096,18.881268,33.995219899807125,42,19.448411023809523,20.30015911146614,10.846296300180256,-9.501951871884529,0.10256736585365865,0.9654957083873381,0.28859395330299975,0.46854430416605136,18.760984,36.98187499959022,47,19.251576063829788,21.150535987953855,10.888796299695969,-5.964969405687763,0.10135717391304333,0.7311736421916305,0.25192799580463143,0.41730592334204314,0.12028399999999806,0.9192400304252776,-18.79429800848675
ZTF19abnishu,SN Ia,0.091,22,0.4090909090909091,0.5909090909090909,50.83680559974164,8.021192100364715,2.4208002666543638,0.0,1.3424226808222062,0.43275732494316693,18.431015,33.979004699736834,9,19.02042422222222,34.562667657763654,9.984004700090736,-10.66505344274324,0.35331887500000025,1.0458734447929856,0.3482395973424084,0.41608688061004334,18.450857,46.87643519975245,13,18.980344692307693,16.004322168367203,14.03560179984197,-8.238355803970347,0.16498025000000016,0.017838370808607756,-1.4350042740841467,0.42738263152238487,-0.01984200000000058,0.7248632400254761,-19.524308035132496
ZTF19abomiel,SN Ia,0.066,20,0.55,0.45,29.91466430015862,4.006030099932104,1.574456015797822,0.0,1.3010299956639813,0.6685684251483962,18.606228,23.869247700087726,11,19.309831545454543,21.453342184127216,12.861354200169444,-21.149375508989124,0.26932999999999935,0.40581012701315206,-0.9900333562545951,1.1683756024951477,18.668587,28.028900399804115,9,19.087821777777776,17.449046070086126,11.175474499817938,-9.352884785163186,0.19945087500000058,-0.0829555005665159,-1.4747252388152559,0.6630980885510704,-0.06235899999999717,0.8515941531639444,-18.65160775123637
ZTF19abopflp,SN Ia,0.07,59,0.3728813559322034,0.6271186440677966,71.70353010017425,7.000868000090122,1.2362677603478318,0.0,1.7708520116421442,0.8228325706917549,17.932247,56.88581019965932,22,18.74678927272727,40.466022835412474,14.93740739999339,-14.359488631823123,0.24164642857142837,0.9342646598555283,-0.3194618545781185,0.3560900154251487,18.108572,71.70353010017425,37,19.06244435135135,33.389326022146975,15.050046300049871,-8.450140387839882,0.16232238888888884,0.2911423810274048,-0.9488367691887798,0.2656508530551625,-0.1763249999999985,0.7933474142791344,-19.453359273598313
ZTF19abopyyu,SN Ia,0.07,27,0.4444444444444444,0.5555555555555556,59.89421289972961,7.0801504999399185,2.3036235730665235,0.0,1.4313637641589874,0.4507948045865695,18.297062,52.93855319963768,12,19.247809583333336,32.38861216163186,9.040300899650902,-9.836657498210062,0.32556827272727257,0.7627225550555967,-0.8392893329825046,0.20593760402743014,18.257853,59.89421289972961,15,19.02006953333333,28.72810186842879,15.019571700133383,-8.99647115218777,0.28590764285714293,0.8145772816388204,-0.30764543061296834,0.3347006527211749,0.039208999999999605,0.8838675831380142,-19.088544273598313
ZTF19abormur,SN II,0.0564,25,0.48,0.52,60.93902779975906,12.000937500037253,2.539126158323294,0.0,1.3979400086720377,0.41024612473549904,19.2295,36.977789300028235,12,19.639333333333333,0.0,0.0,-3.9259400338139785,0.18676690909090835,0.9965773801688236,-0.10758529756683766,0.0,18.986187,60.93902779975906,13,19.525302,18.04206873787015,11.098205999936908,-2.793327476413545,0.3235869166666667,1.5620042905535632,2.447498352175505,0.22267301379000357,0.24331300000000056,0.6067997904648954,-17.687011593443742
ZTF19abowcic,SN Ia,0.083,52,0.4807692307692308,0.5192307692307693,42.84188660001382,6.8637500000186265,0.8400369921571338,0.0,1.7160033436347992,1.213765408733966,18.72711,30.97991900006309,25,19.2453736,19.923687822772774,13.003333400003612,-11.872589086628562,0.1251446666666669,0.9923095153049831,-0.0026879592734654345,0.7233483426330186,18.742706,38.95663189981133,27,19.14844740740741,19.370701869166762,6.987488399725407,-6.305842259019226,0.0951146153846155,0.5746923183719497,-0.6569140650670717,0.2185697718084511,-0.015595999999998611,0.7952412077034086,-19.0283965354074
ZTF19abpbopt,SLSN-I,0.1075,80,0.525,0.475,91.8481365996413,5.911909700371325,1.1626346405017884,0.0,1.9030899869919435,0.8710029725340387,17.076195,87.91630779998377,42,18.328185523809523,48.24086627279832,28.08113419963047,-22.754121534783845,0.14217892682926841,0.12714857394631318,-1.5074988198891195,0.4693081428523617,17.245728,88.87583339959383,38,18.364725210526313,42.84344700735784,25.93768520001322,-16.58807703078594,0.1734277027027025,-0.14382879199459603,-1.2646152786179938,0.4121138918444705,-0.16953300000000127,0.9892037513134089,-21.240963394785155
ZTF19aboxjlj,SN Ia,0.07,25,0.4,0.6,56.75689810002223,5.95950230024755,2.3648707541675926,0.0,1.3979400086720377,0.44047509354621,18.748375,41.7870139000006,10,19.621477499999997,10.629973111676764,19.914791599847376,-11.536910025517571,0.32539966666666703,-0.20091471977683265,-1.4370929106020507,0.9105060897130632,18.31898,46.796157400123775,15,19.254829400000002,20.957497974387753,5.95950230024755,-9.203941183533251,0.17369428571428586,-0.2739824088616123,0.37467646538973787,0.14593512337560705,0.4293949999999995,0.892958230367224,-18.637231273598314
ZTF19abpmetl,SN Ia,0.068,23,0.43478260869565216,0.5652173913043478,36.02751149982214,11.904074100311846,1.6376141590828246,0.0,1.3617278360175928,0.6384010175144499,18.64898,30.971724499948323,10,19.050072600000004,14.096414559995555,6.029803199693561,-11.133137356194917,0.23687099999999953,1.727991937705636,1.9825954324593456,0.24175375774407445,18.655224,35.903136500157416,13,18.988231,7.228955615013924,7.949305499903858,-6.643662293751149,0.11532283333333293,0.8552503428922076,-0.7813451978916199,0.2843726679120208,-0.006243999999998806,0.8626467634606946,-18.67368063705821
ZTF19abpbbxx,SN Ia,0.073,22,0.36363636363636365,0.6363636363636364,72.85126159992069,10.862129600252956,3.4691076952343187,0.0,1.3424226808222062,0.30198516150369525,18.28683,49.95181709993631,8,19.316740625,31.57223360423335,11.9755903002806,-11.302273789554205,0.571905714285715,0.25761692208736714,-1.384269391388772,0.3153443959416519,18.33503,72.83291669981554,14,19.266614,29.60458095078126,11.980416699778289,-6.402654300227019,0.285504846153846,0.40696800159452073,-1.0048071185744796,0.19687632718082174,-0.04820000000000135,0.685841228984625,-19.189900374129305
ZTF19abpgggu,SN Ia,0.0491,24,0.4166666666666667,0.5833333333333334,68.65302089974284,13.037187499925494,2.9849139521627324,0.0,1.380211241711606,0.34958403411043343,18.168304,46.940821800380945,10,18.872662899999995,42.22592318196604,8.943252300377935,-12.755756148666082,0.41898100000000027,1.271098335147227,0.8123602026779473,0.23536379873921218,18.021366,68.65302089974284,14,18.954367142857144,45.5939067465269,11.979097299743444,-8.900650698683208,0.39658469230769267,0.4226655351900378,-0.5924872924347873,0.21136876607116664,0.14693799999999868,0.6837400770598395,-18.447219534141873
ZTF19abnacvf,SLSN-I,0.19,30,0.4666666666666667,0.5333333333333333,65.0361110996455,6.975763900205493,2.2426245206774307,0.0,1.4771212547196624,0.461282193734421,18.453709,64.92317129997537,14,19.19900892857143,10.080916714574032,33.9848726997152,-10.781330357180869,0.28103246153846145,0.4040417332011395,-1.1302000401818373,1.0984725805002544,18.466494,65.0361110996455,16,18.985283312500002,9.06936673104315,37.03866899991408,-8.505110282270918,0.1942023333333329,1.0954472477443997,0.3273245143149457,1.3229304615748951,-0.012785000000000935,0.9982634293816078,-21.100175078291176
ZTF19abplfxs,SN Ia,0.0485,30,0.5666666666666667,0.43333333333333335,57.96045129979029,6.941388899926096,1.9986362517169067,0.0,1.4771212547196624,0.5175943134885242,17.79737,53.959328699857,17,19.02268735294118,42.39189771804548,10.941377399954945,-16.40736584532721,0.2524060625000002,0.22841442906464882,-1.3519053894820245,0.25434445549664886,17.868477,51.87947909999639,13,18.585834153846154,40.113192964334566,14.988310100045055,-14.781152659944357,0.29947075000000023,0.7845465377747258,0.0925149822979634,0.4062844986035771,-0.07110699999999781,1.040090024725417,-18.79145476653835
ZTF19abqanpy,SN Ia,0.043,198,0.1111111111111111,0.8888888888888888,82.98320600017905,5.988703700248152,0.42123454822425915,0.0,2.296665190261531,2.3860249506336593,17.58138,78.81069439975545,22,19.242235727272725,52.90290248357879,14.982071700040251,-13.515903920071088,0.2678365714285716,-0.5386971137834712,-1.3620660542928325,0.23472340568155642,17.531715,82.98320600017905,172,19.62544597674419,40.77740189961726,20.037685200106353,-13.519083562209909,0.1140798011695907,-2.5261377877786315,5.84206889848452,0.3183337741179387,0.04966500000000096,0.949718602093843,-18.746078351424966
ZTF19abqgtqo,SN II,0.036,127,0.41732283464566927,0.5826771653543307,117.64465270005167,18.92226850008592,0.9336877198416799,0.0,2.103803720955957,1.0795220784390502,19.054993,98.72149300016463,53,19.39562203773586,4.537355976674343,25.76031249994412,-2.0027836835022943,0.08685819230769215,1.3514029762619628,0.5934829061988487,0.35306874591847187,18.651493,94.76687500020489,72,19.009166305555556,5.631369474028601,23.795601800084114,-2.8053379569840358,0.0648806760563377,0.9344979126011294,0.30809661677947364,0.3352849783740898,0.4035000000000011,1.041729961022258,-16.886635577363467
ZTF19abqykei,SN IIb,0.0355,33,0.5151515151515151,0.48484848484848486,79.9646528000012,14.897523100022227,2.4988954000000376,0.0,1.5185139398778875,0.41268233956490713,19.00278,76.84766199998558,17,19.442726117647055,31.871930013357805,2.9984837998636067,-1.6218379892584778,0.23553674999999963,0.6505988431040222,-0.3410946282307621,0.04060280524365611,18.30942,79.9646528000012,16,18.869910875,8.900641638255665,31.992627299856395,-4.729490002855004,0.20541586666666684,-0.04215439067437618,-1.0838571930119634,0.6669017404687201,0.693360000000002,0.961020392249917,-16.908477838802497
ZTF19abqhikf,SN Ia,0.04,25,0.52,0.48,70.89436340006068,9.016238499898463,2.9539318083358617,0.0,1.3979400086720377,0.3526373438029715,16.450796,70.89436340006068,13,17.451887461538462,114.9463020566108,19.9423378999345,-48.01139939413413,0.43645425,0.7682530955223745,-1.047760770694171,0.3913944088421983,16.622618,53.94821759965271,12,17.427191666666666,42.55057120970244,3.9866897999309003,-36.10877345673191,0.16864772727272737,0.06114811707813429,-1.5439660465760996,0.07979519393226199,-0.1718219999999988,1.3141187337488063,-19.71962003016684
ZTF19abqlrtb,SN Ia,0.057,20,0.45,0.55,58.00729160010815,7.00414349976927,3.053015347374113,0.0,1.3010299956639813,0.34478424088261883,18.134504,47.96394670009613,9,19.20694922222222,34.662303661193356,13.986655100248754,-14.530355259752659,0.5708990000000003,0.3511391136613171,-1.3535019881253856,0.41164714553974574,18.129578,55.03925919998437,11,18.913779090909088,28.845534837675984,14.053425900172442,-10.81472196870839,0.3099936000000003,0.30138349760097777,-1.1127157593188277,0.3428849621617167,0.004926000000001096,0.8714497142089033,-18.80498635188949
ZTF19abqmjdq,SN Ia,0.067,21,0.47619047619047616,0.5238095238095238,34.81800929969177,6.939849500078708,1.7409004649845883,0.0,1.3222192947339193,0.6031361477115208,18.461536,22.966967599932104,10,18.9010395,30.58951127771356,9.009004699997604,-17.1407740087498,0.23773388888888924,0.5847140553174968,-0.9579563136225548,0.6454383612124288,18.466557,29.840509299654514,11,19.028005909090908,15.587787476156262,6.037766200024635,-10.462986880440926,0.19095730000000052,-0.09844072449739931,-1.1463485151760107,0.2536584197356026,-0.005021000000002829,0.7696573597086029,-18.82895408703116
ZTF19abpzuzd,SN Ia,0.064,40,0.35,0.65,73.7341088000685,8.003830999601632,1.8906181743607307,0.0,1.6020599913279623,0.5424897737417671,17.646536,60.74784730002284,14,18.852680785714284,34.941271698866814,8.987511599902064,-15.851843790417961,0.28190899999999997,0.547079262573282,-1.1832270772617384,0.1736370423092347,17.75841,73.7341088000685,26,18.987659884615386,45.29325961982092,15.080856500193477,-11.828461546124212,0.20674779999999998,-0.2437111353132131,-1.2791006805769465,0.25711884522771145,-0.11187400000000025,0.8238771484272203,-19.544479943446465
ZTF19abqrrto,SN Ia-91T,0.04,190,0.13157894736842105,0.868421052631579,96.79246519971639,8.87518520001322,0.5121294455011449,0.0,2.278753600952829,1.9629627121074371,17.691465,86.76407410018146,25,19.29008996,57.36688878569048,9.028495400212705,-9.80120385173392,0.2226113333333335,-0.49515646820225206,-1.3536024020115829,0.11614367000546089,17.518667,96.79246519971639,160,19.56824665625,47.37171791214234,17.044907399918884,-10.951354235180707,0.14126574213836482,-2.3536865254343304,5.818767623292905,0.2137357916678693,0.17279800000000023,0.8963928537325412,-18.47895103016684
ZTF19abqsvgf,SN Ia,0.05365,28,0.5714285714285714,0.42857142857142855,44.96483789989725,6.878981499932706,1.665364366662861,0.0,1.4471580313422192,0.6227087944214291,18.262669,38.08585639996454,16,18.9008703125,36.74537822369336,11.007893499918282,-14.332720521429195,0.257330466666667,0.8296025337655044,-0.3164277573152998,0.40652590966876156,17.962648,41.81986110005528,12,18.493262833333333,35.61270246089634,10.843310200143605,-12.604943875604478,0.178248727272727,-0.2924439370430036,-1.5837612268060557,0.35004898496218717,0.30002099999999743,0.9107121687669641,-18.545295705036875
ZTF19abpyqog,SN II,0.031,53,0.37735849056603776,0.6226415094339622,76.90924769965932,8.03270830027759,1.4790239942242176,0.0,1.724275869600789,0.6891238906271966,18.93096,23.103842599783093,19,19.13317952631579,5.059415918405954,4.106516199652106,-3.885394374046367,0.05840138888888882,0.5092616638465277,-1.2026453399468977,0.2161628490851108,18.854168,76.90924769965932,33,19.121207090909095,13.857037428012005,5.084768499713391,-1.9296980546967712,0.06971859374999978,1.1157596702903314,0.15024992489535727,0.07079436643819367,0.07679199999999753,0.30040396039246964,-16.685964542698393
ZTF19abqviuy,SN Ia,0.056,30,0.4666666666666667,0.5333333333333333,60.82277779979631,13.850717599969357,2.0973371655102175,0.0,1.4771212547196624,0.4932362691284459,18.078302,34.80555550009012,14,18.804611071428575,27.05919578377538,6.966794000007212,-17.79259233820026,0.19631684615384598,0.5359113349023188,-1.457421030996027,0.2502551702950745,18.157576,60.82277779979631,16,18.7832679375,29.464980321915395,9.104884299915284,-8.713135785698482,0.17556906666666686,0.8855754149179902,0.15648859335025733,0.17604901676701562,-0.07927399999999807,0.5722454113269171,-18.82275420855803
ZTF19abqrhvy,SN II,0.03201,172,0.4883720930232558,0.5116279069767442,133.7733448999934,10.958124999888241,0.7823002625730607,0.0,2.2355284469075487,1.2857568907212733,17.811531,118.74436340015382,84,18.607877595238097,26.46681504976831,6.0333217000588775,-5.465567373649839,0.07200281927710858,0.18542227054483149,-1.038482931752106,0.05352910956242005,17.74254,120.77050920017064,86,18.02137172093024,13.701815464880637,21.84269669977948,-4.583480783161784,0.04037597647058813,0.9493415437595928,0.6053715825932313,0.2207942958376151,0.06899099999999692,0.9832231741553843,-17.87501344424769
ZTF19abqysic,SN Ia-pec,0.02665,40,0.475,0.525,89.83468749979511,9.83986120019108,2.303453525635772,0.0,1.6020599913279623,0.4452623047204481,16.302925,87.02646990027279,19,17.745105105263157,148.573080305475,18.01400460023433,-41.194788769950236,0.3159668333333337,0.04668829178924541,-1.583006952677185,0.2610253745017901,16.306837,89.83468749979511,21,17.648039571428573,145.3699791850886,19.02141199959442,-38.98513577621461,0.2863398499999999,0.16727382722902462,-1.373846752860574,0.2686136443376428,-0.003912000000003246,0.9687401639870041,-18.985677140339984
ZTF19abqyoxt,SN II,0.02,51,0.4117647058823529,0.5882352941176471,120.00409730011597,15.84442130010575,2.4000819460023193,0.0,1.7075701760979363,0.4249854892242143,18.477423,87.94665509974584,21,19.041338666666665,0.45150813547745977,2.9998841998167336,-3.0892261685117974,0.07467479999999985,-0.2552486399630498,-1.0261355592778776,0.035314870336280633,18.313597,120.00409730011597,30,18.57198783333333,6.052115167429186,24.976481500081718,-2.4313274198367556,0.07243662068965505,1.1125661849470458,-0.09262528413084281,0.2628339276936033,0.16382600000000025,0.7328637694744848,-16.187843051846933
ZTF19abqyoxj,SN IIP,0.0379,37,0.32432432432432434,0.6756756756756757,90.01682880008593,6.994502400048077,2.5004674666690536,0.0,1.568201724066995,0.4110342531858296,18.624739,70.04364580009133,12,19.439786416666664,0.0,0.0,-3.941555952199936,0.155199545454545,-0.23689177111485663,-0.723843910216158,0.0,18.265963,90.01682880008593,25,18.660028880000002,1.155669336139438,10.01715279975906,-3.4802432357210282,0.06443595833333389,0.12264490650426618,-1.0619690957516448,0.12521491711689095,0.3587760000000024,0.778117233563603,-17.42857312336739
ZTF19abqykyd,SN Ia,0.08,20,0.45,0.55,52.938703699968755,7.023993100039661,2.7862475631562504,0.0,1.3010299956639813,0.37779542380467857,18.287954,42.936203700024635,9,19.15914788888889,39.879722843126224,8.97136570001021,-12.26647645041787,0.45009900000000025,0.3815146597644417,-1.4533097738608232,0.2641368611858652,18.258322,46.94615740003064,11,18.91621672727273,12.798547546229274,10.018136600032449,-9.428770252279959,0.19467570000000087,-0.07015356334893408,-0.9334215515208162,0.2712882083307573,0.029631999999999437,0.9145839846733996,-19.387612008486748
ZTF19abrlvij,SN II,0.045,78,0.358974358974359,0.6410256410256411,72.84854169981554,6.9719559997320175,0.9460849571404616,0.0,1.8920946026904804,1.0707146386184625,19.102652,56.87616899982095,28,19.60183675,11.507865697973585,6.998518500011414,-3.025753405547691,0.08886562962962961,0.4259875004550546,-1.0810982675084937,0.14031371626131706,18.927576,72.84854169981554,50,19.416769799999997,14.349340366907414,11.000023200176656,-1.9297659751253606,0.11465487755102051,0.0003692465395570062,-0.29154144221723666,0.17785427148494887,0.17507600000000068,0.7807454709826396,-17.32352664240375
ZTF19abqxibq,SN Ib,0.082,37,0.43243243243243246,0.5675675675675675,111.68711800035089,19.93809030018747,3.1024199444541916,0.0,1.568201724066995,0.3312826104070816,18.481474,74.70545140001923,16,19.157780624999997,9.85771502101857,13.957349499687552,-4.727326258058634,0.1655660666666672,0.4114599162340187,-1.4560921867353678,0.22975778770153388,18.077929,111.68711800035089,21,18.786918523809526,14.100718752782166,23.97097220038995,-5.737825974614488,0.16818715000000015,0.9597125694893822,0.8984111954172871,0.27327890414903094,0.4035449999999976,0.668881539228047,-19.247711335445615
ZTF19abrogbl,SN Ia,0.0358,52,0.5576923076923077,0.4423076923076923,55.91126159997657,6.938992999959737,1.0962992470583641,0.0,1.7160033436347992,0.9300451914685787,17.442177,43.920775400009006,29,18.625768448275863,61.757248106310364,12.938715199939907,-31.327801803634497,0.17024639285714294,0.3145728494222806,-1.249308857118041,0.41761958747698286,17.346,55.91126159997657,23,18.294083826086954,64.22302627955592,13.018587999977171,-23.619055120327502,0.20541181818181833,0.32375253271184495,-1.004061387130346,0.30351542366846895,0.09617700000000085,0.7855443455067272,-18.487354206746396
ZTF19abqmpsr,SN Ia,0.033,35,0.42857142857142855,0.5714285714285714,81.83343749959022,7.088206000160426,2.406865808811477,0.0,1.5440680443502757,0.4276980299180914,17.355574,77.79950229963288,15,18.5860612,79.64160327376993,12.95407409965992,-16.890235742532667,0.4300649999999998,0.3791354816552088,-1.4837667193264312,0.19976850271867466,17.236944,74.85214119963348,20,18.640097700000002,57.713051287628126,6.034895800054073,-17.01658458855949,0.19626347368421043,0.022565151622038135,-1.4816972727917754,0.08769452722225579,0.11862999999999957,1.039375775398845,-18.397111772916464
ZTF19abrbmvt,SN II,0.039,68,0.38235294117647056,0.6176470588235294,110.68586809979752,19.94637729972601,1.6520278820865302,0.0,1.8325089127062364,0.6143512371307354,18.827374,70.87496529985219,26,19.30141726923077,1.5765393004145989,17.80052089970559,-3.8827047950132787,0.0860963200000009,0.6211846143530338,-0.7402257633527638,0.33538779540490904,18.649399,87.7688079001382,41,18.92900112195122,3.7700147014745493,19.79763890011236,-2.4486091180652374,0.07046779999999986,0.604060654173353,-0.25243575563980825,0.291265240709702,0.177975,0.8075188326642476,-17.28806510865953
ZTF19abtnftd,SN Ia,0.08,30,0.5,0.5,41.83526619989425,6.9999768999405205,1.44259538620325,0.0,1.4771212547196624,0.7170983413050647,18.832603,24.847534699831158,15,19.271274133333335,18.183841209787502,10.996458299923688,-11.628041607760014,0.16879578571428638,0.7555813269767946,-0.6649526150366087,0.7939064071581576,18.886106,40.83673609979451,15,19.352652866666666,15.637964857617275,10.975659700110555,-6.082067887781398,0.1710114999999998,0.31750439112399653,-1.2979717441702272,0.36755740326315633,-0.05350300000000274,0.6084603490129612,-18.84296300848675
ZTF19abszdld,SN Ia,0.088,47,0.574468085106383,0.425531914893617,55.967256899923086,8.018703700043261,1.2166794978244149,0.0,1.6720978579357175,0.8397767302414385,18.524137,43.124166700057685,27,19.17654377777778,19.89345477728464,16.09046299988404,-11.005880022923858,0.16816330769230825,0.5794915806297792,-0.8255312290050125,0.5952000946056343,18.45416,49.974409699905664,20,18.9027087,15.526333441389028,11.986238499637693,-7.260670407084595,0.2015695789473686,0.41778318658336205,0.08229405158361391,0.3155255470564253,0.06997699999999796,0.8629249841872387,-19.35839243427787
