ztf_id,label,redshift,dq_total_points,dq_g_frac,dq_r_frac,dq_span,dq_max_gap,dq_mean_gap,dq_frac_imputed,dq_log_n,dq_sampling_density,g_peak,g_duration,g_nobs,g_wmean,g_rise,g_time_to_peak,g_fall,g_stability,g_skew,g_kurt,g_asymmetry,r_peak,r_duration,r_nobs,r_wmean,r_rise,r_time_to_peak,r_fall,r_stability,r_skew,r_kurt,r_asymmetry,peak_color,duration_ratio,abs_mag_g
ZTF21acipofv,SN Ia,0.05814,13,0.46153846153846156,0.5384615384615384,28.994259300176054,8.932974599767476,2.416188275014671,0.0,1.1139433523068367,0.448364618161536,18.606228,19.991342599969357,6,19.046172833333333,4.34977986913777,8.932974599767476,-19.834756436434628,0.22785759999999938,0.38612686513401073,-1.031141586995912,0.807802254329427,18.698524,28.994259300176054,7,18.879727142857146,0.49894429771309456,12.999849600251764,-9.97844534522694,0.13965666666666662,1.6620316864361222,1.3220716002531487,0.8127745783774252,-0.09229599999999749,0.689493130105516,-18.376263210699072
ZTF19acdgwhq,SN Ia,0.02859,24,0.4166666666666667,0.5833333333333334,55.896145899780095,10.956122700124979,2.4302672130339174,0.0,1.380211241711606,0.42936770708719685,18.238953,19.825555599760264,10,18.687926,24.293936304284454,3.9074189998209476,-18.979400500121645,0.18158222222222284,0.4771919462905279,-0.9056236492118921,0.2454696236138496,17.756826,55.896145899780095,14,18.522506,31.838882474852927,21.935983799863607,-16.379691918495265,0.293742615384615,0.9983638181869137,0.6489754756719304,0.6459328355184014,0.4821269999999984,0.35468555623328335,-17.202233850316976
ZTF18aaqkoyr,SN II,0.02389,12,0.4166666666666667,0.5833333333333334,37.998217599932104,11.941018499899656,3.4543834181756456,0.0,1.0791812460476249,0.3158042865679426,19.069496,13.033992999698967,5,19.345778199999998,0.356334635750789,2.9798147999681532,-11.120410747056896,0.1758847499999998,0.39887950395266636,-1.0993563834070648,0.2963757694336404,17.9677,37.998217599932104,7,18.118048,0.0,0.0,-3.8046264034750568,0.07074600000000035,-0.5165671432770989,0.27008842346822615,0.0,1.1017960000000002,0.3430159050334576,-15.981700822276423
ZTF18aaumeys,SN Ia-91T,0.03754,26,0.38461538461538464,0.6153846153846154,80.87539349962026,15.934895799960941,3.2350157399848105,0.0,1.414973347970818,0.32148220707108005,16.7206,36.94249999988824,10,17.9572544,0.0,0.0,-50.336345980018706,0.2866427777777775,0.14074036260733705,-1.617836714146044,0.0,16.6323,80.80987269990146,16,17.976319375000003,0.0,0.0,-25.92066141332434,0.20885919999999986,0.4700769453026023,-0.5477184743206345,0.0,0.08830000000000027,0.45715330027903,-19.311987414953666
ZTF18aaunfqq,SN Ia,0.07109,15,0.3333333333333333,0.6666666666666666,26.9751388002187,3.0629283003509045,1.92679562858705,0.0,1.1760912590556813,0.5560675743354614,18.3554,14.995567100122571,5,18.9299292,0.0,0.0,-20.039433886209977,0.2933900000000005,0.03791743384801188,-1.298788064231654,0.0,18.359,26.88437500037253,10,18.9706834,0.0,0.0,-11.967454573734106,0.18121122222222238,0.023556271695257473,-0.9380620679612681,0.0,-0.003600000000002268,0.5577800153403151,-19.063758644668216
ZTF18aasxvsg,SN II,0.0248,19,0.3157894736842105,0.6842105263157895,39.03093749983236,8.04847229970619,2.1683854166573533,0.0,1.2787536009528289,0.48679332901193073,18.925821,10.051134299952537,6,19.593128499999995,91.94742337930506,0.004756900016218424,-18.384699173914996,0.2596034000000003,-0.14452089478362726,-1.7710264248516734,0.000473494059286343,18.228,39.03093749983236,13,19.319814384615388,0.0,0.0,-10.753555727807845,0.1785493333333331,-0.5640538979129616,-1.171502114909599,0.0,0.6978209999999976,0.2575171119063104,-16.20655347765811
ZTF18aavrzxp,SN Ia,0.07,12,0.4166666666666667,0.5833333333333334,25.041550899855793,5.981805500108749,2.2765046272596177,0.0,1.0791812460476249,0.4792035464572246,18.40066,15.967071800027043,5,19.026196,0.0,0.0,-21.039877525341108,0.3990075000000006,0.7721408250030326,-0.649897626267701,0.0,18.536259,25.041550899855793,7,18.936060142857144,10.894723316678151,3.0870948997326195,-9.686614612164194,0.1619741666666664,0.23335544075083486,-1.5693786014452416,0.14061359114137467,-0.1355990000000027,0.6376231194258417,-18.984946273598315
ZTF18aavrwhu,SN Ia,0.062,20,0.4,0.6,53.04510410036892,14.039618000388145,2.791847584229943,0.0,1.3010299956639813,0.3770376237203181,17.74695,33.98565969988704,8,18.581421749999997,14.989687716030828,4.010462999809533,-23.437459847128046,0.3435988571428581,0.6506833371881047,-1.208875761982127,0.13379271668963438,17.942173,53.04510410036892,12,18.49896825,6.606368879104093,7.070347200147808,-10.932775861206382,0.14612963636363638,0.500818729396653,-0.6111917306165977,0.15378759295003044,-0.19522300000000214,0.6406936186906395,-19.3751245210183
ZTF18aawjywv,SN Ia,0.04,14,0.35714285714285715,0.6428571428571429,26.995370300021023,5.8745602001436055,2.0765669461554634,0.0,1.146128035678238,0.5186074443286706,17.701609,15.08517359988764,5,18.1070078,20.982142095359194,3.0914352000690997,-42.53143359038782,0.2805947499999988,0.5685878123795854,-1.1758205497176801,0.2577540960969994,17.7051,26.917708300054073,9,18.232090444444445,0.0,0.0,-20.84146997365807,0.15364824999999982,0.23497067235939614,-0.5402851026110191,0.0,-0.003491000000000355,0.5604181987460402,-18.46880703016684
ZTF18aaxcntm,SN Ia,0.02679,32,0.4375,0.5625,101.94767360016704,14.989930500276387,3.2886346322634528,0.0,1.505149978319906,0.313886515208794,16.961105,101.94767360016704,14,18.91652807142857,64.06750217145819,14.982951400335878,-17.935878228386137,0.32434400000000024,-0.36488463876966604,-1.4434953647335231,0.17228769346157893,16.848843,95.78184020007029,18,18.408205111111112,129.6439619975717,8.920983700081706,-20.035584499134917,0.26290864705882366,0.0025387726457831053,-1.182525705072697,0.10270430271526138,0.1122620000000012,1.0643737203964496,-18.338874641568072
ZTF18aawyjjq,SN II,0.04,51,0.27450980392156865,0.7254901960784313,108.82571760006249,17.878194500226527,2.17651435200125,0.0,1.7075701760979363,0.46863922540282626,18.67445,34.90674770018086,14,19.11762628571429,20.66114941654841,3.0631597000174224,-8.073317192096027,0.1536652307692306,1.364382717765356,1.2805334692850137,0.0961939245037871,18.74385,105.83298610011116,37,19.277245999999995,4.111728011893229,11.999930600170046,-2.393482575621264,0.0951177222222219,0.3112522701357877,-1.271585410521355,0.12788596232142924,-0.06939999999999813,0.3298286194737181,-17.49596603016684
ZTF18aaxdrjn,SN Ia,0.0339,34,0.38235294117647056,0.6176470588235294,43.02238419977948,6.0209605996496975,1.3037086121145298,0.0,1.5314789170422551,0.7902862807908789,16.928713,31.00430559972301,13,17.83070930769231,88.25509190478932,6.996724599972367,-62.88226416983698,0.2586800000000003,0.6650206995387489,-1.019112452485241,0.2914381336480772,17.034039,43.02238419977948,21,17.742447238095238,111.45605445363148,10.000960600096732,-38.247491253113125,0.18416760000000015,0.43784068462898373,-0.3089311331056148,0.30286279360144897,-0.10532600000000159,0.7206552164973211,-18.882401564542445
ZTF18aaxiuyp,SN Ic,0.0303,15,0.3333333333333333,0.6666666666666666,44.85111110005528,14.94165510032326,3.203650792861091,0.0,1.1760912590556813,0.33443987522488633,18.902029,17.960706000216305,5,19.249636599999995,6.6750653289165,6.085046300198883,-12.03805121079503,0.24263525000000108,0.44262075674897317,-1.0120149169580268,0.5123964860823652,18.53066,44.85111110005528,10,19.1189029,20.252151843287166,11.855659699998796,-9.309705054240158,0.3072632222222222,0.831941587831198,-0.615120522947227,0.3593119414022777,0.37136899999999784,0.4004517515775472,-16.66530021603856
ZTF18aaxsioa,SN Ia,0.03,41,0.43902439024390244,0.5609756097560976,95.94071759982035,7.879409800283611,2.3985179399955086,0.0,1.6127838567197355,0.42734723093291493,16.848797,95.94071759982035,18,18.862622499999997,139.18674416673585,11.999548600055277,-20.78385287034996,0.3726002941176469,-0.4079774377046063,-1.426538642259761,0.14295188812641937,16.853004,92.85092590004206,23,18.450779956521735,110.08242644980257,14.97741900011897,-22.17338194522642,0.27137640909090927,-0.07290353109570608,-1.4415321920648987,0.19233009525777198,-0.004206999999997407,1.0332769077941621,-18.69692534712534
ZTF18aayjvve,SN Ia,0.04727,24,0.375,0.625,76.90377310011536,9.970636599697173,3.3436423087006677,0.0,1.380211241711606,0.31207831595929847,17.695168,69.89902770007029,9,18.983108333333334,63.88917277987721,11.957129599992186,-13.303001892432455,0.6808065000000001,0.4212668619990604,-1.5191572752105702,0.20636413359016395,17.590485,73.90653929999098,15,18.77516486666667,49.55838208171238,15.012708299793303,-13.767328091636235,0.3288164285714283,-0.04941493646665979,-1.5671193929407174,0.25491138961129756,0.10468299999999786,0.9457759538211638,-18.837876085041596
ZTF18aayjyub,SN Ia,0.03,32,0.28125,0.71875,71.92434029979631,13.951805599965155,2.320140009670849,0.0,1.505149978319906,0.4449119709213464,17.20425,27.000740699935704,9,17.837720999999995,110.60420373358106,8.995972199831158,-30.171446266771724,0.29778587499999976,0.7927870885161054,-0.7284443840082173,0.4996438693326672,17.262241,71.90369219984859,23,18.011315521739128,65.93727016686472,14.994965299963951,-18.58774635951841,0.17980172727272728,0.5129062210254601,-0.9437202354598795,0.26349149096839747,-0.057991000000001236,0.3755125762511617,-18.341472347125343
ZTF18aaxvpsw,SN Ia,0.0916,17,0.47058823529411764,0.5294117647058824,29.95613420009613,3.016180600039661,1.8722583875060081,0.0,1.2304489213782739,0.5674964561997938,18.65021,29.95613420009613,8,19.143236624999997,13.718365288284291,11.961886500008404,-12.550702688885528,0.2629374285714278,0.3045766150434226,-1.4034020306936474,0.6647616893675464,18.672396,29.91173609998077,9,18.966547555555554,13.09361101850081,14.977083299774677,-10.283953419488574,0.2164122500000003,0.9354129509078734,-0.43524534694915307,1.002841077066619,-0.02218599999999782,1.0014843036849135,-19.31938344186628
ZTF18aaykjei,SN Ia-pec,0.097,35,0.22857142857142856,0.7714285714285715,95.84944439958781,8.98569449968636,2.81910130587023,0.0,1.5440680443502757,0.365156002929846,19.158302,86.93203700007871,8,19.851489125,3.698494085657868,17.916527800261974,-2.3837077524234336,0.27638071428571465,0.31713723593516124,-1.5941750396625576,0.25960147230659786,18.520172,95.84944439958781,27,19.310748444444442,12.705969204663875,21.06358789978549,-4.032601304714856,0.14352157692307715,0.05758469196858138,-1.048450446930238,0.28165202466914535,0.6381300000000003,0.9069644330713779,-18.93567274485826
ZTF18aaxwjmp,SN Ia,0.08,28,0.32142857142857145,0.6785714285714286,45.89146990003064,6.029803200159222,1.6996840703715053,0.0,1.4471580313422192,0.6101351745976936,18.689339,23.83363420004025,9,18.993438666666666,12.492655523799268,11.83672450017184,-14.270264120463342,0.22717374999999906,0.4879596314088962,-1.464099473470432,0.9866477948318367,18.714363,45.89146990003064,19,19.205653315789473,17.93333623384904,11.880277799908072,-6.34711795692216,0.1718734444444444,0.33496533569606757,-1.227011561726664,0.3493049512917619,-0.02502399999999838,0.5193478058549686,-18.986227008486747
ZTF18aaydmkh,SN Ia,0.0845,15,0.3333333333333333,0.6666666666666666,35.89162029977888,7.998229099903256,2.5636871642699197,0.0,1.1760912590556813,0.4179248491629789,19.121855,21.846689800266176,5,19.4201224,8.082009543952658,11.873923600185663,-10.271455167501864,0.3167212499999996,0.2013207997195086,-1.7439389218729977,1.1906349113137535,18.737803,35.89162029977888,10,19.201375199999998,28.080583111272432,6.015104099642485,-6.411684862393948,0.20675055555555488,0.2784814459780156,-1.0640218839076414,0.20133217873692466,0.3840520000000005,0.6086849692991088,-18.67254461827549
ZTF19aanbojt,SN Ia,0.048,31,0.6451612903225806,0.3548387096774194,45.84439820004627,5.014317200053483,1.528146606668209,0.0,1.4913616938342726,0.6762003912610791,17.453047,40.98388889990747,20,18.579229249999997,38.90920125347461,4.999710599891841,-26.28058279178183,0.20250736842105235,0.1531789008898162,-1.4191734900657256,0.13894191381020557,17.481459,35.004594900179654,11,17.940126363636363,60.0415487119965,9.880787100177258,-19.175216481529038,0.2224160999999995,0.04963993425462354,-1.1811433218367104,0.39328381982671895,-0.028411999999999438,1.1708145463982251,-19.113275260404965
ZTF18aaytovs,SN Ia-91T,0.076,25,0.4,0.6,83.85399310011417,14.98842589976266,3.4939163791714236,0.0,1.3979400086720377,0.2981372630657223,18.255867,42.03268520021811,10,18.999592900000003,19.686891568877478,18.883125000167638,-16.188894505945665,0.3333233333333337,0.05511127049544446,-1.5086254519367164,0.8157012417076704,18.169638,83.83123840019107,15,18.858668400000003,22.76523131069033,15.910995300393552,-6.194660490710107,0.23936092857142835,0.4000918626405898,-1.2852882931490976,0.23425998751233834,0.08622899999999944,0.5013964484165644,-19.30831703493099
ZTF18aazixbw,SN Ia,0.0594,17,0.4117647058823529,0.5882352941176471,55.929733800236136,10.997997699771076,3.4956083625147585,0.0,1.2304489213782739,0.3039528144496233,18.291777,26.933877300005406,7,18.946599,27.443837553100646,11.93655090034008,-22.891511027229434,0.430938,0.09343348863214515,-1.6816900990018255,0.7959119233816536,18.334307,55.85041669989005,10,19.2790003,25.732313635388266,11.905266199726611,-8.740198378443077,0.35692066666666694,0.06492546491598584,-1.4326488905821904,0.27091194510034355,-0.04252999999999929,0.48225024792086163,-18.73727129843299
ZTF18aazjztm,SN Ia,0.072,15,0.4,0.6,32.91762730013579,7.889849499799311,2.3512590928668424,0.0,1.1760912590556813,0.4556829039721864,18.63146,25.02777780033648,6,19.1874315,24.49909470286598,8.963206000160426,-14.377750155100026,0.4425875999999995,0.18718273215785858,-1.4377024720240206,0.5579486407513331,18.658287,29.876516200136393,9,19.026517777777777,9.085029817464244,13.009282400365919,-11.592061571704772,0.17192799999999986,0.35173682745282897,-1.1859873521676632,0.7712753943413618,-0.026827000000000822,0.837707369650489,-18.815318555683373
ZTF18aazsabq,SN Ia,0.05,24,0.3333333333333333,0.6666666666666666,63.96230320027098,8.888286999892443,2.7809697043596078,0.0,1.380211241711606,0.3752210098634835,18.366161,29.955671299714595,8,19.017555,41.756194737341815,9.019479099661112,-14.94646630157838,0.4648155714285705,0.7776254214004495,-0.5652650208795986,0.4308080004939041,18.233671,63.96230320027098,16,19.329343625,34.85692724115414,11.964444400276989,-8.51289327041875,0.2716862666666666,0.13559301199032717,-1.2769367104907943,0.23009494383792534,0.13249000000000066,0.4683332181757283,-18.28880509520712
ZTF18aaxkjmm,SN Ia,0.0661,21,0.23809523809523808,0.7619047619047619,71.89046300016344,12.895763900130987,3.594523150008172,0.0,1.3222192947339193,0.2921110690294519,18.309984,27.991041600238532,5,19.358924400000003,0.0,0.0,-13.919441425724392,0.4678034999999996,-0.3199806278623858,-1.5545709416786526,0.0,18.234081,71.89046300016344,16,19.0959995,13.726202977917104,5.972430599853396,-6.819777486569247,0.1771350000000003,0.7280684915583597,-0.714032683312726,0.0906038967240974,0.07590300000000028,0.38935681357588275,-18.951139370955225
ZTF18abauprj,SN Ia-91T,0.028,49,0.40816326530612246,0.5918367346938775,105.96104170009494,7.879409800283611,2.207521702085311,0.0,1.6901960800285136,0.4624341098748947,15.568087,105.86162040010095,20,17.8687199,386.68133881206955,14.927025499753654,-61.92897986182628,0.3833781578947365,-0.8533608812514213,-0.23630119209635003,0.16415122887072592,15.686948,105.91917830007151,29,17.44119124137931,244.37999483251144,21.0482986997813,-58.88247120441658,0.2436277857142858,-0.057635376491983546,-0.853268973061962,0.24800377701881773,-0.118860999999999,0.9994565866078804,-19.827819230238127
ZTF18abaxlpi,SN Ia,0.0646,16,0.4375,0.5625,56.00490739988163,20.0914352000691,3.7336604933254423,0.0,1.2041199826559248,0.2856892501537074,18.309412,20.934259300120175,7,18.657914714285713,26.470715646385614,6.040243100374937,-16.2441701930327,0.20340316666666722,0.25424385612018485,-0.89146486635661,0.4055483100977328,18.375103,56.00490739988163,9,19.05939322222222,31.73066687564991,8.966111099813133,-7.850508089678062,0.3754668750000003,0.8544312347636146,0.041027519913931165,0.19061098082988312,-0.06569100000000105,0.373793302623413,-18.90186666350245
ZTF18abbpeqo,SN Ia,0.06678,35,0.2,0.8,84.87747689988464,11.97915509995073,2.4963963794083717,0.0,1.5440680443502757,0.41235910018017474,18.161358,28.97155090002343,7,18.544044857142854,31.297746520014083,8.97732640011236,-17.933733955226774,0.3264341666666664,1.0050634260138955,-0.5160558269372122,0.44899597882139863,18.103098,84.87747689988464,28,19.089056785714284,37.568147799403654,12.085034700110555,-6.837603011478032,0.16670307407407414,0.18711725655913086,-1.2835152845213482,0.16602045947220687,0.058260000000000645,0.3413337902845084,-19.121990147118787
ZTF18abbvsiv,SN Ia,0.051,13,0.46153846153846156,0.5384615384615384,64.99954860005528,17.90983790019527,5.416629050004606,0.0,1.1139433523068367,0.20000138893255243,17.662952,16.082025500014424,6,17.899461499999997,35.445601166308805,6.999664400238544,-38.4159319568471,0.1867365999999997,0.38432284379445225,-1.2199735012712676,0.7706877455479357,17.817986,64.99954860005528,7,18.808269,26.09411218812201,16.06009260006249,-12.895182189676103,0.4875801666666663,-0.14851084776506365,-1.1819735095320738,0.3281624667030393,-0.15503400000000056,0.2474174951424316,-19.035014954016713
ZTF18abckutn,SN IIP,0.0401,32,0.34375,0.65625,90.87925919983536,8.00240739993751,2.931589006446302,0.0,1.505149978319906,0.3521155462946156,19.033085,84.9544329000637,11,19.780827636363636,3.111190605366083,5.97811339981854,-2.245130319045513,0.19532570000000044,0.16578004832409082,-1.8557103605220382,0.0756950113356445,19.016418,90.87925919983536,21,19.364135857142852,7.802246686077727,17.979999999981374,-1.716783053583187,0.10666224999999976,0.6751127775244959,0.7884196128041379,0.2466417381648425,0.01666699999999821,0.9348055172110998,-17.142752936627943
ZTF18abclfee,SN Iax,0.03,32,0.28125,0.71875,55.81106479978189,8.935891200322658,1.8003569290252222,0.0,1.505149978319906,0.5733630081203012,18.535975,25.167638899758458,9,19.125994000000002,28.55929495312728,5.975833300035447,-17.397461913049227,0.3732810000000004,1.5843506159643683,1.715660000234772,0.3113742096325577,18.564842,55.81106479978189,23,19.49238947826087,25.930998297442517,11.95813659997657,-6.756827762679536,0.20152031818181806,0.016319512770813217,-1.6926986419210703,0.27268730027541593,-0.0288669999999982,0.4509435358390943,-17.00974734712534
ZTF18abcezmh,SN II,0.057,18,0.3333333333333333,0.6666666666666666,45.851446699816734,13.049745399970561,2.6971439235186314,0.0,1.255272505103306,0.3925721279383742,19.328283,17.816701299976557,6,19.618817166666666,6.5448716848281405,8.811851799953729,-10.550425119698863,0.23646220000000043,0.5449783410504198,-1.0351546686276367,0.9785673597244895,18.930986,45.851446699816734,12,19.436307499999998,16.828048082065006,9.013182899914682,-5.396615286127408,0.22465045454545451,0.7961454157657949,-0.6575073370622473,0.2446690470775837,0.39729699999999823,0.38857446345412194,-17.61120735188949
ZTF18abcsgvj,SN Ia,0.06,15,0.5333333333333333,0.4666666666666667,35.87450239993632,6.082326399628073,2.5624644571383084,0.0,1.1760912590556813,0.4181242664435292,18.398808,29.792176000308245,8,19.127601375,32.80994556923359,11.88047460000962,-17.945798635946645,0.551515285714286,1.0144990104976275,-0.27028482852418767,0.6632800723113633,18.412458,32.976793999783695,7,18.850044999999998,23.405530234131003,12.036435199901462,-11.079153630796231,0.33102333333333317,0.5991200025366731,-0.9798558347889585,0.5747960345344777,-0.013650000000001938,0.9034285140181808,-18.65206432544525
ZTF18abceakp,SN II,0.03,16,0.5625,0.4375,18.01552079990506,5.992615699768066,1.2010347199936708,0.0,1.2041199826559248,0.888123089957206,17.994673,12.022905100136995,9,18.14756088888889,31.386556802161437,9.004594900179654,-19.46857645922959,0.09328762500000032,2.0452409435472987,2.9308002034724714,2.983323218503824,18.048172,17.978657399769872,7,18.437573142857143,36.9362201873592,9.080821800045669,-33.02986852157601,0.2778918333333327,0.28028091470419425,-1.4794142462251982,1.02056524851135,-0.053499000000002184,0.6687320878749761,-17.551049347125343
ZTF18abcrxoj,SN Ia,0.0309,27,0.3333333333333333,0.6666666666666666,75.8643403002061,14.996249999850988,2.917859242315619,0.0,1.4313637641589874,0.3558984351957339,16.985289,66.03525459999219,9,18.903313999999998,0.0,0.0,-22.311610766300696,0.33797137499999996,-1.2136349182619457,0.23436505701632138,0.0,16.933338,75.8643403002061,18,18.28446977777778,67.34632106152324,20.912916699890047,-27.100782128800486,0.2638188823529414,-0.5214782731547533,-1.069671885332005,0.38057097213710345,0.05195100000000252,0.8704386585144113,-18.624619470651197
ZTF18abcflnz,SN Ia,0.024,27,0.3333333333333333,0.6666666666666666,97.81430559977889,9.056770900264382,3.7620886769145727,0.0,1.4313637641589874,0.27603324313801636,16.24954,88.77347220014781,9,17.88000522222222,165.0253733830275,14.974398099817336,-41.033685305401235,0.63389075,0.055891390627160906,-1.6017396621937992,0.20290766899676158,16.453867,97.81430559977889,18,17.893105833333333,159.8577681625352,15.008888899814337,-29.706729730449407,0.33593382352941203,0.002885297609967344,-1.072541434425556,0.1812549166221485,-0.20432699999999926,0.9075714605936791,-18.81163228208506
ZTF18abdfazk,SN Ia,0.087,13,0.38461538461538464,0.6153846153846154,49.994455999694765,13.95621530013159,4.166204666641231,0.0,1.1139433523068367,0.26002883199847937,18.539438,21.98585639987141,5,18.963732200000003,23.2573962663859,12.033830999862403,-10.37543455096331,0.43945349999999994,1.2827238857848118,-0.031002995836435066,1.2091841123970115,18.706697,46.9061921001412,8,19.295624749999998,19.93342496434324,8.918761500157416,-6.477293255344776,0.3341005714285719,0.6179844430439655,-0.743080946577586,0.23478190968149407,-0.16725899999999783,0.46871970235684995,-19.318274336620117
ZTF18abdfwur,SN Ia,0.07,35,0.42857142857142855,0.5714285714285714,48.92987270001322,3.976006899960339,1.4391139029415654,0.0,1.5440680443502757,0.7153094432634921,18.413471,35.92965279985219,15,19.120828333333336,31.92743699176125,7.888622699771076,-13.181445495865535,0.2255792857142855,1.0432116232081066,-0.17442735177517443,0.2813242834380844,18.545078,48.87990740034729,20,19.17032265,13.89902468322708,14.889178300276399,-7.511439704370724,0.1421874210526315,0.20885565671570844,-0.9707919308895789,0.4380364497755167,-0.13160699999999892,0.7350597558537296,-18.97213527359831
ZTF18abdefet,SN Ia,0.075,14,0.35714285714285715,0.6428571428571429,42.99112269980833,8.973784700036049,3.3070094384467947,0.0,1.146128035678238,0.32564862513028575,18.870338,15.912384300027043,5,19.1115644,14.656125961523546,5.872731499839574,-7.597937459560262,0.18363750000000056,-0.7507762391832359,-0.6766181532664715,0.5849536449836108,18.680918,42.99112269980833,9,19.356902555555553,12.619714247896818,10.053391200024635,-7.8899169767098565,0.3200303750000004,0.575025482508303,-0.10386765597019698,0.30522415303830674,0.18942000000000192,0.3701318621320393,-18.66508439048553
ZTF18abdbuty,SN Ia,0.075,15,0.5333333333333333,0.4666666666666667,39.96189819974825,7.998229099903256,2.8544212999820178,0.0,1.1760912590556813,0.3753575449550216,18.24266,36.0234375,8,19.24596775,7.950044693656437,14.105960699729621,-20.038328775572126,0.3559051428571424,0.30162484280914653,-1.4163544186592067,0.643594188704952,18.19234,36.86984959989786,7,18.71823842857143,5.1319934103013924,10.889606500044465,-14.724025952552966,0.253032666666666,0.5136669013047429,-1.1266165465339544,0.4191495228967243,0.050319999999999254,0.9770432451153745,-19.292762390485528
ZTF18abdiwpt,SN Ia,0.073,35,0.4,0.6,67.81946759996936,7.955428299959749,1.9946902235285104,0.0,1.5440680443502757,0.5160760064712718,17.962704,47.05111109977588,14,19.133000857142857,15.177128364570304,16.966817199718207,-18.430268697375286,0.22140515384615392,-0.2958197869498208,-1.3410620112215554,0.5639759156749123,17.86917,67.81946759996936,21,18.78402814285714,28.138111640378952,19.94751159986481,-12.02862561119337,0.20345765,0.05192850170311989,-1.365868009471552,0.41668469948922177,0.09353399999999823,0.6937699861830992,-19.514026374129305
ZTF18abdkimx,SN Ia,0.08,22,0.45454545454545453,0.5454545454545454,47.04048610012978,5.876076400279999,2.240023147625228,0.0,1.3424226808222062,0.4676822419132974,18.489197,40.9765625,10,19.221144300000002,26.59946834213832,10.133402800187469,-10.86243176034066,0.34995533333333345,0.5377821057052399,-1.0336714697129148,0.3285461962656524,18.627623,43.85280090011656,12,19.18709475,12.839657265161767,9.861608800012618,-7.757483927619127,0.1785640000000002,0.6591896507906332,-0.5487539531107828,0.2901224755804449,-0.13842599999999905,0.9344115235269062,-19.186369008486746
ZTF18abdrmin,SN Ia,0.05154,15,0.4666666666666667,0.5333333333333333,61.92197920009494,14.981828700285405,4.4229985142924955,0.0,1.1760912590556813,0.2422403190881373,17.839153,40.94672460015863,7,19.133346000000003,54.47973829666946,11.95802089991048,-22.113928763793997,0.7778721666666671,-0.17175419848300483,-1.2392459156436049,0.4125062308256342,17.890312,52.922106500249356,8,18.66861675,20.961197599027212,3.024930600076914,-11.717155107459114,0.2966788571428565,0.4387515347457504,-1.4333987909594639,0.06062328269096408,-0.05115900000000195,0.773716832302692,-18.88168514460145
ZTF18abecbks,SN Ic,0.03048,27,0.4444444444444444,0.5555555555555556,75.85306710004807,8.924618100281805,2.917425657694156,0.0,1.4313637641589874,0.355951328433269,18.43128,75.7446297002025,12,19.593978666666665,39.40357865617294,2.9115277999080718,-4.845588814000438,0.2738616363636362,-0.33275120596634966,-1.6042911314248351,0.03997533709183272,17.907724,75.85306710004807,15,18.937616066666667,32.5742364917498,11.882291700225323,-8.922769716410754,0.24466328571428594,-0.2067462958922237,-1.3176772196077928,0.18574562565421474,0.5235559999999992,0.9985704282767822,-17.148910886864847
ZTF18abeajml,SN II,0.03651,51,0.35294117647058826,0.6470588235294118,76.9065161999315,12.925254600122571,1.5381303239986301,0.0,1.7075701760979363,0.6631427676091434,17.877586,65.95004629995674,18,19.308843333333336,4.727863640221761,2.9933448997326195,-10.19624205325512,0.2085521764705877,-0.27030713231432507,-1.5581648919371596,0.04754608855225003,17.882742,76.9065161999315,33,18.622688333333333,21.8337153735804,8.001701300032437,-7.770325740145059,0.08516903125000097,-0.20676418654689524,-1.16631836174088,0.11612688186822424,-0.005155999999999494,0.8575352201432247,-18.094589238275667
ZTF18abetehf,SN Ia,0.06487,17,0.5882352941176471,0.4117647058823529,47.01503479992971,9.047291699796915,2.9384396749956068,0.0,1.2304489213782739,0.3615864599982263,18.154612,37.944965300150216,10,18.9875541,31.206275635713446,13.949594900012016,-20.539646161909157,0.4700704444444443,0.8863421467245963,-0.3189364424342265,0.5813452623315902,18.271257,39.06216439977288,7,18.835518428571426,5.019331855270218,6.100115699693561,-11.175741285995963,0.26216383333333404,0.5664408871345851,-0.9976514629940723,0.18506482273593877,-0.11664499999999833,0.9713994573319352,-19.065723563178167
ZTF18abetewu,SN Ia,0.077,15,0.4,0.6,37.95916670002043,6.981724599841982,2.7113690500014593,0.0,1.1760912590556813,0.3951614670190304,18.60043,30.95120370015502,6,19.372113666666664,28.68375928958554,8.951701400335878,-11.616836561519959,0.548946800000001,-0.3033281549322152,-1.2828186784980813,0.40690472349501605,18.546083,31.98436350002885,9,18.944988777777777,8.385605519377096,10.048888900317252,-9.142042579442974,0.15863362500000067,-0.04762637173665093,-1.3224223139350446,0.4581113052575289,0.05434699999999992,0.9676979721709048,-18.992139699389444
ZTF18ablrljh,SN Ia,0.094,49,0.40816326530612246,0.5918367346938775,43.96206020005047,3.9385879999026656,0.9158762541677182,0.0,1.6901960800285136,1.1145974455479168,18.903112,41.03491900023073,20,19.507675250000002,13.030767856101274,13.01631940016523,-8.220787298658863,0.23509421052631577,0.8038785524552513,-0.8722456751899772,0.4645599560991193,18.856071,43.83462959993631,29,19.323037,9.94836116176895,15.88734949985519,-6.983582035975354,0.11336628571428596,0.4757876791305525,-0.5330264743760611,0.5684756957729521,0.04704100000000011,0.9361301640904103,-19.122643341525524
ZTF18abeecwe,SN Ia,0.04,24,0.4583333333333333,0.5416666666666666,68.95212970022112,8.978391200304031,2.9979186826183097,0.0,1.380211241711606,0.34806756664867794,17.341581,65.99447919987142,11,18.893973,53.15607857745672,19.058993100188673,-22.90511526626697,0.5210045999999995,-0.004328442244970077,-1.4145202971134017,0.4060678749488332,17.245377,68.82944450015202,13,18.216662999999997,70.80432713350565,15.916736099869013,-21.027545175264116,0.3927178333333332,0.7145597794917864,-0.5255906570684825,0.3008112149440432,0.09620400000000018,0.9588117364469745,-18.82883503016684
ZTF18abfgygp,SN Ia,0.07,44,0.4090909090909091,0.5909090909090909,61.809675900265574,5.869479199871421,1.4374343232619902,0.0,1.6434526764861874,0.7118626551447578,18.02126,55.87513880012557,18,18.941074722222222,27.61363674958138,12.044444399885833,-13.14178518135012,0.23078076470588205,1.039918602340499,-0.43050163960432686,0.2747947429238072,18.175657,61.76756950002164,26,19.163393923076924,24.084157415976293,11.869548599701375,-9.126521215429259,0.13433167999999968,-0.032033911602912794,-1.0560301223177389,0.23787613988564407,-0.15439699999999945,0.9046031639646432,-19.36434627359831
ZTF18abdkkwa,SN Ic,0.02531,32,0.53125,0.46875,82.8710532002151,8.976053199730814,2.6732597806521,0.0,1.505149978319906,0.386142069688538,18.308111,82.81200229981914,17,19.515343176470587,29.70396812140563,9.016469900030643,-5.7307033997840024,0.2256838124999998,-0.05488079446193562,-1.578105148547379,0.12218178535773372,18.097975,82.83516200026497,15,18.955403400000005,16.246030764697537,20.940358799882233,-7.278100927131729,0.1977755000000003,-0.19943809062174414,-0.9988214349548294,0.3383217607476413,0.21013599999999855,0.9997204122031444,-16.868465799318297
ZTF18abfhryc,SN Ia,0.0323,25,0.28,0.72,78.88924770010635,11.727638900279999,3.2870519875044315,0.0,1.3979400086720377,0.3168999670910323,16.7741,66.82906250003725,7,18.279644,90.87467838719587,15.119259200058877,-34.997919493413264,0.6948814999999998,-0.10776030638419087,-1.0932887220903054,0.29238670880933715,16.764683,75.80870370008051,18,18.021080277777777,66.69439336705523,11.891053200233728,-27.65695052525148,0.1821105294117645,0.030585627011438538,-1.028650502322618,0.18603708220254797,0.00941699999999912,0.8815486776351021,-18.93202868518254
ZTF18abffyqp,SN II,0.03130,20,0.3,0.7,78.92087959963828,12.005578699987382,4.15373050524412,0.0,1.3010299956639813,0.2534183615471471,18.138617,28.961932899896055,6,18.825297166666665,0.0,0.0,-12.099570831066679,0.33469920000000003,-0.9979715952799374,-0.017733651563235586,0.0,18.27068,78.89172449987382,14,18.94148464285714,2.7407536518814504,25.9182175998576,-7.145267725516849,0.20518153846153864,0.4511536633277187,-1.1709100000396155,0.4892675436568022,-0.1320629999999987,0.36710989756526846,-17.49922076125927
ZTF18abixkjh,SN Ia,0.07,17,0.29411764705882354,0.7058823529411765,36.01966430013999,6.9759721998125315,2.2512290187587496,0.0,1.2304489213782739,0.47196442083259305,18.09363,21.896400399971753,5,18.575353200000002,0.0,0.0,-17.234714925488795,0.28649099999999983,0.3422838005758255,-1.6517798441827,0.0,18.104725,36.01966430013999,12,18.620820083333335,27.046435214029263,6.064675900153816,-10.487087240230991,0.13639736363636376,0.031020410960990907,-1.4081394660275048,0.2024596310695488,-0.011094999999997412,0.6079012901818369,-19.291976273598312
ZTF18aailmnv,SN Ia,0.08,22,0.4090909090909091,0.5909090909090909,48.95767360040918,7.941435200162232,2.3313177904956754,0.0,1.3424226808222062,0.449367757536096,18.1829,31.06849530013278,9,19.072723777777775,29.936103139754355,4.105775400064886,-16.45364226277917,0.2788007499999998,0.10517970369894625,-1.3990625494716369,0.1522760098121461,18.544197,48.86325230030343,13,19.129198076923075,6.162954577009679,10.913368000183254,-7.649174037936108,0.23481125000000022,0.557946464386411,-0.7214205508717693,0.28757315605699213,-0.3612970000000004,0.6358253664572354,-19.492666008486747
ZTF18abfzhct,SN Ic,0.04,29,0.4827586206896552,0.5172413793103449,59.918171300087124,6.978819400072098,2.139934689288826,0.0,1.462397997898956,0.4839934091906746,18.114376,56.892581100109965,14,19.274388142857145,30.917835967236304,7.879409800283611,-10.507930322794452,0.2903471538461538,0.4207331651040876,-1.3485424139517428,0.1607610687356508,17.883156,59.918171300087124,15,18.818164133333333,30.035062104674594,11.023877399973571,-11.965001083794878,0.19600707142857157,0.032471827509721274,-1.4682454954243336,0.22546347478694173,0.23122000000000043,0.9495046304930744,-18.05604003016684
ZTF18abfhaji,SN Ia,0.09,13,0.38461538461538464,0.6153846153846154,47.966944499872625,11.817060200031847,3.9972453749893853,0.0,1.1139433523068367,0.2710199729322872,18.751083,28.96084489999339,5,19.762619599999997,0.0,0.0,-8.610480563618728,0.46453524999999907,-0.43925623799977515,-1.6984277959266239,0.0,19.189812,47.966944499872625,8,19.825143,131.23507164664204,0.0023147999309003353,-3.331658976058554,0.229849,0.4173379261265043,-0.6343781162232145,4.8260560862896594e-05,-0.4387289999999986,0.6037667231455673,-19.180245620723653
ZTF18abfzixe,SN IIP,0.034,20,0.25,0.75,61.937523199710995,12.980324099771678,3.2598696420900524,0.0,1.3010299956639813,0.3229060344488125,19.556831,32.990798600018024,5,19.930894600000002,0.0,0.0,-1.9403457876690675,0.3033342499999998,0.4318347947764545,-1.3092304483814297,0.0,18.777966,61.937523199710995,15,18.984567133333336,2.0068206459824083,16.08575229998678,-1.5307994692065627,0.10413092857142889,0.0575219317387705,-1.2051265184981175,0.35082074223841003,0.7788649999999997,0.5326463974615627,-16.260679658738308
ZTF18abgmcmv,SN Ia-91T,0.01850,54,0.46296296296296297,0.5370370370370371,76.00077550020069,5.869479199871421,1.4339768962302017,0.0,1.7323937598229686,0.7105190656884469,17.028,72.8702429998666,25,18.354978720000002,108.44960577249424,12.122824000194669,-23.732128975608948,0.2155352916666667,0.11628965712280656,-1.7143704888025406,0.1995611369144776,16.372156,76.00077550020069,29,17.51033503448276,134.86260210538717,18.11263890005648,-43.30850696323727,0.16315982142857127,0.15127732991948936,-1.0492483276856486,0.3128903427168074,0.6558439999999983,0.9588092031991724,-17.4679747155421
ZTF18abfzfcv,SN IIb,0.038,33,0.2727272727272727,0.7272727272727273,56.98144680028781,5.896087999921292,1.7806702125089942,0.0,1.5185139398778875,0.5791358740970635,18.993534,53.95811339979991,9,19.54139911111111,7.490357890767364,13.941284699831158,-4.912410051451987,0.2938855,0.7805883397384616,-0.7474929532940551,0.34838554560027,18.663336,56.98144680028781,24,19.351995000000006,9.207095034016392,16.120509300380945,-6.3297134566738285,0.13180013043478264,0.1420073655694059,-1.2116120015483676,0.39452127843169743,0.3301979999999993,0.9469417929824725,-17.065500056611082
ZTF18aawurud,SN Ia,0.05,18,0.3333333333333333,0.6666666666666666,46.817557900212705,10.017962999641895,2.7539739941301593,0.0,1.255272505103306,0.3844711430349557,17.963602,30.97715280018747,6,18.492702833333336,51.613744371453095,6.047881900332868,-19.918429839213466,0.4521737999999992,0.8837143421230942,-0.44797031549654864,0.24260163582915464,17.769,46.7704167002812,12,18.16174983333333,25.16405475772376,14.89846060005948,-14.445433575097404,0.18931009090909126,0.6511530871086842,-0.8093171885742549,0.4674473243252188,0.19460200000000327,0.6623236435693596,-18.69136409520712
ZTF18abeyqpr,SN Ic,0.0472,19,0.2631578947368421,0.7368421052631579,56.76398149970919,11.930497699882835,3.1535545277616217,0.0,1.2787536009528289,0.3347192973082295,19.433033,24.118981500156224,5,19.817795599999997,7.599405344675837,8.976979199796915,-6.881721857897776,0.4021025000000007,0.76356375197338,-0.9005604780521734,0.5928528487665001,18.812462,56.76398149970919,14,19.56193607142857,13.888356201565584,11.889212999958545,-4.953158741580323,0.21450599999999953,0.07540083548896305,-1.2624320291796058,0.26494204644252617,0.6205709999999982,0.4248993968169726,-17.09679306669747
ZTF18abjgyyr,SN Ia,0.05,23,0.43478260869565216,0.5652173913043478,57.87677079997957,6.955462999641895,2.6307623090899805,0.0,1.3617278360175928,0.39739604822610664,18.158607,57.87677079997957,10,19.511832499999997,23.814148522541437,18.994560199789703,-12.842078390931945,0.512142888888889,-0.1045578225518199,-1.6388086998564984,0.4885154394924488,17.989454,44.96150460001081,13,18.68151476923077,31.15820203438422,6.000868000090122,-12.530322214469798,0.17276766666666651,0.1414398687244721,-0.560291494357188,0.15402386931486478,0.16915300000000144,1.287251645932811,-18.496359095207122
ZTF18abimsyv,SN Ia,0.085,27,0.2962962962962963,0.7037037037037037,55.965115800034255,5.984421299770474,2.152504453847471,0.0,1.4313637641589874,0.482443386635206,18.56944,49.84790510032326,8,19.549266499999998,17.563246071450724,8.83216440025717,-8.044610708056497,0.4258399999999999,0.4899791675534518,-1.542815901932136,0.21533597222694892,18.661427,55.965115800034255,19,19.262667526315788,19.520661732809252,9.048680600244552,-5.495470327023207,0.15184022222222182,0.2611416228061874,0.028253126108173543,0.19286803359444307,-0.0919869999999996,0.8906960056766782,-19.237770702098494
ZTF18abjvhec,SN Ia,0.0569,16,0.375,0.625,38.9514351002872,8.97917820001021,2.5967623400191466,0.0,1.2041199826559248,0.4107679205863721,17.546862,18.997719900216907,6,17.722748166666666,57.44990623002262,5.94096070015803,-17.03841370846356,0.15307719999999989,0.7102154572592226,-0.7301249654471249,0.4550103597017581,17.667421,38.9514351002872,10,18.0608333,38.93864578551477,9.000590200070292,-16.41780896845092,0.16628788888888874,0.18325731025072786,-1.5197313533785928,0.3005120633510111,-0.12055900000000008,0.48772836870590247,-19.38881540550239
ZTF18abjrfqx,SN Ia,0.04,33,0.42424242424242425,0.5757575757575758,57.8621642999351,3.982615699991584,1.808192634372972,0.0,1.5185139398778875,0.5703208720112983,17.690443,48.90362269990146,14,19.058906142857143,42.73778038214313,5.94944450026378,-18.540793523728013,0.2788538461538464,0.2705684655058871,-1.7175250971577745,0.1385067704615977,17.584896,57.8621642999351,19,18.560112684210527,32.968903598961305,8.979675900191069,-16.537222414138427,0.163833222222222,0.3190366818472498,-1.0757500033552205,0.18369923860582535,0.10554699999999784,0.8451744467490704,-18.479973030166843
ZTF22aamjqvc,SN II,0.03,34,0.47058823529411764,0.5294117647058824,49.9581250003539,4.9791204002685845,1.5138825757683,0.0,1.5314789170422551,0.6805699773512145,18.171558,49.92319450015202,16,19.167503125,28.40452969786018,14.99872690020129,-13.326241017023989,0.26520613333333287,0.017838087149142832,-1.1162819828954398,0.429461862440029,17.864988,47.999282400123775,18,18.444639666666667,33.66921415946267,14.98059029970318,-16.03654710567361,0.16446694117647057,0.5909779158528654,-0.8161282412525517,0.4537002935834747,0.3065700000000007,1.0400821013112331,-17.37416434712534
ZTF18abkhcwl,SN Ia,0.03164,30,0.4666666666666667,0.5333333333333333,49.90291659999639,7.963298600167036,1.7207902275860822,0.0,1.4771212547196624,0.6011672672455015,16.413445,42.94350690022111,14,17.40541285714286,0.0,0.0,-58.08171289087902,0.2179773076923073,0.45643631074772373,-1.0873766759422694,0.0,16.661526,41.91925919987261,16,17.132121625,104.9855876397475,6.93983789999038,-41.387731589286986,0.11415973333333322,0.3808674168928815,-0.6781687995666688,0.19839773335569003,-0.2480809999999991,1.0244338215869904,-19.247853447655228
ZTF18abkhcrj,SN Ia,0.03823,32,0.4375,0.5625,58.94310180004686,6.0108333001844585,1.901390380646673,0.0,1.505149978319906,0.5428964377978249,17.62713,58.94310180004686,14,18.771154428571432,63.38361546127557,10.136979100294411,-16.681255487134415,0.3131733846153843,0.14464691808101815,-1.381223202389379,0.20769892258509254,17.410471,58.80959490034729,18,18.190180666666667,60.776951613247334,12.849791700020432,-19.524215504309936,0.19461964705882362,0.5154828612505332,-0.3676416798343771,0.279587613637324,0.21665899999999993,1.002270155064421,-18.44500756362217
ZTF18abjtgdo,SN Ia,0.07393,24,0.4166666666666667,0.5833333333333334,34.812245400156826,7.925706000067294,1.5135758869633402,0.0,1.380211241711606,0.689412582386653,18.363695,17.083171300124377,10,18.6997955,8.553629762383478,3.06115740025416,-16.28041082383597,0.11026655555555583,0.24952950791913944,-1.5186705854297042,0.21831082340336955,18.413212,34.812245400156826,14,18.97736528571429,19.99252916945234,5.860544000286609,-9.76400770036017,0.13516969230769285,0.18346171339294176,-0.9990585517895063,0.20242485646501177,-0.04951700000000159,0.49072305172384595,-19.140524604514617
ZTF18abjtger,SN Ia,0.106,14,0.35714285714285715,0.6428571428571429,32.05975699983537,6.969513900112361,2.4661351538334904,0.0,1.146128035678238,0.43668453257683426,18.861547,16.07571760006249,5,19.185402,0.0,0.0,-8.677118729696403,0.18215074999999992,0.130214651270351,-1.4081280219254282,0.0,18.871857,32.05975699983537,9,19.354913888888888,8.667326596791407,6.029155099764466,-6.183154989315135,0.1421028750000004,-0.16510224318692068,-1.683982946348736,0.231617967302863,-0.010309999999996933,0.5014298018586054,-19.425098399850874
ZTF18ablhvfr,SN Ia,0.085,21,0.42857142857142855,0.5714285714285714,44.93753470014781,5.996666700113565,2.2468767350073904,0.0,1.3222192947339193,0.4673153554178157,18.404037,41.916539300233126,9,19.181623333333334,30.333886203898103,7.925706000067294,-11.145739223236784,0.38901675000000013,0.6547519783620344,-0.509182084635114,0.23317186519309682,18.64276,44.93753470014781,12,19.118045833333333,13.462322556615488,13.95553239993751,-6.883279167686697,0.18157618181818239,0.14787250514526906,-1.5044230286166986,0.45043997688434695,-0.23872300000000024,0.9327734505225374,-19.403173702098496
ZTF18aasprui,SN Ia,0.038,24,0.4166666666666667,0.5833333333333334,25.03623849991709,3.0050232000648975,1.0885321086920474,0.0,1.380211241711606,0.9586104558030744,17.363016,17.96214129962027,10,18.060973299999997,88.12224173194556,11.969097299966961,-21.76436503684978,0.3471207777777789,1.2100923935203975,-0.03589436452689032,1.9971649299853895,17.480255,23.017627300228924,14,17.899936214285713,81.25961932590879,9.973738400265574,-30.36794428970249,0.19998107692307643,1.5273110361806237,1.1368992527628432,0.764629205044333,-0.11723900000000143,0.7803645903781589,-18.696018056611084
ZTF18ablongw,SN Ia,0.08181,19,0.42105263157894735,0.5789473684210527,39.87554399995133,5.981539400294423,2.215307999997296,0.0,1.2787536009528289,0.4764825277373818,18.997238,27.890752299688756,8,19.37288175,24.53622364890676,6.038518499583006,-7.6787281955212,0.30790471428571464,0.9411902988999715,-0.7214343512402559,0.27633415214300805,18.90396,36.850960600189865,11,19.306041909090908,9.483617335928171,11.914224499836564,-5.771768957622912,0.15906599999999962,0.27302075316160523,-1.2797520483882525,0.47777802403209313,0.09327799999999797,0.7568527887857842,-18.726910036833484
ZTF18ablqlzp,SN Ia,0.0414,17,0.35294117647058826,0.6470588235294118,33.02832179982215,6.946782399900258,2.0642701124888845,0.0,1.2304489213782739,0.5147097725108013,17.43066,26.06173609988764,6,17.97299866666667,30.221581797902225,7.057048600167036,-39.080544411866775,0.3075860000000006,0.28295765511001253,-1.4544548043276686,0.37133199902764963,17.408033,32.916157400235534,11,17.826520818181816,62.43037178481107,13.93942129984498,-28.615946510616038,0.2495328999999998,1.6569494306239323,2.073634222305712,0.7345531510847167,0.022626999999999953,0.7917611944491781,-18.814457779131526
ZTF18ablwtkf,SN Ia,0.053,10,0.5,0.5,38.83144670026377,11.979536999948323,4.314605188918197,0.0,1.0,0.2575232408204888,17.653273,32.99704860011116,5,18.971029599999998,45.423431469713336,3.1581828999333084,-26.293841688517137,0.6837852500000006,-0.251900717531066,-1.704627768944208,0.10584125186482825,17.760431,38.83144670026377,5,18.2574676,78.17698566317382,2.996504600159824,-17.467212486416873,0.5269152500000001,1.3600183296777975,0.0659581112364882,0.08361963001891197,-0.10715800000000186,0.8497506893011797,-19.12822242153097
ZTF18abmmkaz,SN Ia,0.065,11,0.5454545454545454,0.45454545454545453,30.89827540004626,12.942766199819744,3.089827540004626,0.0,1.0413926851582251,0.3560069245801185,18.180658,30.89827540004626,6,18.7551345,50.581247909435426,2.8994213002733886,-13.338563636877435,0.33044319999999916,0.4653935334566207,-0.7020172308599255,0.10355499871321194,18.373888,12.014780099969357,5,18.6398174,0.0,0.0,-13.62370942393509,0.12372499999999942,-0.199994986664633,-1.4988817626235498,0.0,-0.1932299999999998,2.57168879854281,-19.04402485674131
ZTF18abmmdif,SN Ia,0.075,23,0.391304347826087,0.6086956521739131,44.869247700087726,5.8871875000186265,2.0395112590948967,0.0,1.3617278360175928,0.5126005266175887,18.274078,32.91131949983537,9,18.87847577777778,28.245984206115274,9.036898199934512,-15.775892131043362,0.29830562500000024,0.7236457353843087,-0.26891696031061674,0.3785179999304125,18.492077,44.84791670041159,14,18.984874357142857,14.840533153526598,14.902754700277,-8.327625402274933,0.14818530769230792,-0.14179030373789045,-1.4319962891889584,0.4976681942882801,-0.21799899999999894,0.7338427717765835,-19.26134439048553
ZTF18abltaxf,SN Ia,0.06,16,0.4375,0.5625,30.944502300117165,6.9798380001448095,2.062966820007811,0.0,1.2041199826559248,0.5170546885783786,18.247536,22.07406250014901,7,18.916426285714287,0.0,0.0,-18.481246236175018,0.3025636666666666,0.42549048153943686,-1.6296067570639554,0.0,18.395449,30.944502300117165,9,18.867419666666667,38.90173767054726,6.987361100036651,-10.431589962823193,0.2537421249999996,0.12904442669550945,-1.4909313782391838,0.29166088898842274,-0.14791299999999907,0.7133435944796382,-18.803336325445247
ZTF18abmrhom,SN Ia,0.09,14,0.5714285714285714,0.42857142857142855,35.87349530030042,8.952893499750644,2.7594996384846477,0.0,1.146128035678238,0.3902602710665542,18.766481,29.852580999955535,8,19.58642425,26.33800775855671,9.005069400183856,-11.324024354900239,0.4604191428571432,-0.0116203655317072,-1.2551641381852938,0.43194936513586013,19.24686,15.004861100111157,6,19.545509166666665,0.0,0.0,-6.103139174227471,0.13285839999999993,0.2936527228363231,-0.9717688306324255,0.0,-0.4803790000000028,1.9895273139005856,-19.164847620723656
ZTF18abmoung,SN Ia,0.06589,22,0.3181818181818182,0.6818181818181818,41.89621530007571,7.926203699782491,1.9950578714321767,0.0,1.3424226808222062,0.5251070972026498,19.245874,14.022013899870217,7,19.45075085714286,8.766592403693224,14.022013899870217,0.0,0.18925166666666607,1.9867028001185707,2.050321000062972,140.22013899870217,18.834965,33.951620400417596,15,19.323721199999998,7.207380757987379,9.097974500153214,-6.647323617139754,0.09835514285714224,-0.12508513674381233,-1.6174395322362465,0.3660619667900086,0.4109090000000002,0.4129998431443864,-18.00833961126471
ZTF18abltfho,SN IIn,0.055,24,0.4166666666666667,0.5833333333333334,45.98165509989485,5.980046299751848,1.9992023956476022,0.0,1.380211241711606,0.5219472841475618,18.339235,42.98521990003064,10,18.594213399999997,17.05673349087851,16.045706099830568,-6.264668498741085,0.16329833333333355,1.5338211286592889,1.4652801736392282,0.5956197360811835,18.315676,45.96271999971941,14,18.59829435714286,16.10576428716874,18.996296299621463,-5.630484682173958,0.12047315384615367,1.4478340004249683,1.1586927240597067,0.7044425508879201,0.023558999999998775,0.9352192363788099,-18.522694520998247
ZTF18abmkaps,SN Ia-91T,0.074,15,0.4666666666666667,0.5333333333333333,31.00509259989485,7.066273200325668,2.214649471421061,0.0,1.1760912590556813,0.48379149172580993,18.114906,31.00509259989485,7,18.84613342857143,23.51543912794106,19.02181709976867,-30.5198624053327,0.46783016666666616,0.3501963113484265,-0.7949943661605752,1.5873637470463204,17.995644,27.96190970018506,8,18.407532999999997,39.66474088440611,10.042673600371927,-19.51453026070424,0.2782527142857144,0.5423335886043263,-1.3799271410252743,0.5604409442697534,0.11926200000000264,1.108833156688495,-19.39136867218191
ZTF18abmxdhb,SN Ia,0.07,39,0.358974358974359,0.6410256410256411,44.0394561002031,5.984618000220507,1.1589330552685027,0.0,1.591064607026499,0.885569520006405,18.30366,25.082117999903858,13,18.705764076923078,29.70715719513843,6.962534700054675,-13.418021166949842,0.13989674999999982,0.12499547452659164,-1.3715356857355558,0.38425468096237225,18.429642,40.97233800031245,24,18.841250208333335,29.540305310803436,10.017858800012618,-7.1981540773483506,0.11719086956521722,0.7099797180304577,-0.49275902491848145,0.32363196082832446,-0.12598200000000048,0.6121719975978082,-19.081946273598312
ZTF18abobkii,SN Ia,0.0597,24,0.375,0.625,42.00277779996395,4.010960699990392,1.8262077304332152,0.0,1.380211241711606,0.5713907807311877,18.82018,37.879965299740434,9,19.47539888888889,6.796735831058444,11.966655099764466,-9.41979437721344,0.3147059999999997,0.8185754231341109,-0.18490505605093066,0.4617956952398758,18.16555,42.00277779996395,15,18.701686266666666,32.23562137689809,13.039699099957943,-9.819683336971154,0.1958349999999999,1.2057366052202108,1.5366584634993146,0.4502179908089411,0.6546300000000009,0.9018442894453743,-18.219807729173873
ZTF18abokpvh,SN Ia,0.08,26,0.38461538461538464,0.6153846153846154,33.04215280013159,4.087337900418788,1.3216861120052636,0.0,1.414973347970818,0.7868736688336014,18.635424,16.99519670009613,10,18.9911103,0.0,0.0,-12.19314649698216,0.11315155555555576,0.7307441692687247,-0.6100730959273166,0.0,18.642075,33.04215280013159,16,18.999315625,9.346121701872244,12.00069440016523,-9.482061359907046,0.10048100000000014,0.634977053800117,-1.0474677783672652,0.5703356759807303,-0.006650999999997964,0.5143489530751292,-19.040142008486747
ZTF18abntsgz,SN Ia,0.05,42,0.3333333333333333,0.6666666666666666,42.89380789967254,3.0007060999050736,1.0461904365773789,0.0,1.6232492903979006,0.9791623093532957,18.993082,30.966307900380343,14,19.747108071428574,14.229820161607117,13.013935199938715,-10.593402803764066,0.22669969230769219,0.20129653245637874,-1.042677373169246,0.7249144955428968,18.647617,41.85065979976207,27,19.188337259259264,20.810795698866386,13.912963000126183,-7.3686831076207335,0.13919238461538413,1.2066005768791852,2.0338958581782443,0.49799964184261286,0.3454650000000008,0.7399240071373114,-17.66188409520712
ZTF18abnxhmc,SN Ia,0.076,19,0.2631578947368421,0.7368421052631579,50.892175999935716,11.974027799908072,2.82734311110754,0.0,1.2787536009528289,0.3733383300416158,18.65082,25.940138900186867,5,19.0353888,7.954609974698082,16.919108800124377,-18.713125054941763,0.3147720000000005,-0.22110581170816415,-1.0918248075241732,1.8755184953885895,18.48803,50.892175999935716,14,18.935810571428576,20.532953652701558,13.956134300213307,-7.380286928346419,0.19940346153846195,0.8061273864102201,-0.485579481451623,0.37784596448292923,0.1627900000000011,0.5097077967391221,-18.91336403493099
ZTF18abmwnov,SN Ia,0.04777,26,0.3076923076923077,0.6923076923076923,85.89881950011477,23.086689800024033,3.4359527800045906,0.0,1.414973347970818,0.3026816916845436,17.978445,36.04715280001983,8,18.733502375,27.540249398773035,20.943634300027043,-24.921248377607387,0.4876824285714285,1.3079172186192478,0.8609161540555346,1.3866725359416776,17.822495,82.91124999988824,18,18.547803222222225,42.29408575834105,14.975000000093132,-9.12875772344125,0.2408960588235292,0.8179386221878524,-0.7806750776671505,0.2204272387736782,0.1559500000000007,0.4347679331823898,-18.577447279943797
ZTF18abokyfk,SN II,0.01718,39,0.38461538461538464,0.6153846153846154,137.72852999996394,22.97302080038935,3.624434999999051,0.0,1.591064607026499,0.28316573189309585,17.768456,76.82050919998437,15,18.546720399999998,32.727695472531344,9.002175900153816,-9.057758643422492,0.16270271428571448,0.41991056786728126,-1.0704194597331316,0.13273956262467318,17.541605,137.66498839994892,24,18.094338833333335,34.38632525766921,14.890613399911672,-6.978393592900318,0.1419221739130437,1.4508080820504587,1.4365796532966382,0.121284375505126,0.2268509999999999,0.5580250294054641,-16.566775871003145
ZTF18abpttky,SN Ia,0.084,13,0.46153846153846156,0.5384615384615384,27.86371529987082,3.9276041998527944,2.3219762749892348,0.0,1.1139433523068367,0.46655659017806106,18.889532,15.917106400243938,6,19.377133666666666,0.0,0.0,-12.757362568208892,0.28447360000000044,0.784637120755869,-0.7818332091500326,0.0,18.995039,27.86371529987082,7,19.317877142857146,16.02228407427194,8.908946800045669,-5.566878035564386,0.24890966666666733,0.6274372457233331,-0.8307379653348548,0.4700108471452896,-0.10550699999999935,0.5712485298153234,-18.89198050383644
ZTF18abqlpgq,SN Ia,0.09526,18,0.3888888888888889,0.6111111111111112,44.805821700021625,14.973240700084716,2.6356365705895075,0.0,1.255272505103306,0.4017335095539898,18.83011,17.936365799978375,7,19.106480714285716,21.393574766413337,2.873576399870217,-8.65667060939718,0.14868433333333306,0.4299837967297374,-1.0502283372322128,0.19077319104319304,18.914068,44.805821700021625,11,19.372667999999997,12.568278907519684,11.895486100111157,-5.596227722228293,0.20951219999999998,0.6226512608135242,-0.2793771261389737,0.3614513763920268,-0.08395799999999909,0.4003132878594149,-19.22455895940489
ZTF18abquher,SN Ia,0.05,45,0.4888888888888889,0.5111111111111111,41.93430549977347,17.925659699831158,0.9530523977221244,0.0,1.6532125137753437,1.0731070769788493,18.004923,15.932939799968153,22,18.432481,50.15742091839216,5.936851799953729,-35.892641830522884,0.13074928571428554,0.23632958845969057,-1.1250857647186607,0.593917520528547,17.774326,41.93430549977347,23,18.377713000000004,49.64351234577204,9.998437500093132,-20.270090358998615,0.1692492272727275,1.4518316817574721,1.2283069027226192,0.31307862057149066,0.23059700000000305,0.3799500101427511,-18.65004309520712
ZTF18abpamut,SN Ia,0.074,19,0.47368421052631576,0.5263157894736842,24.931944500189275,5.928946699947119,1.385108027788293,0.0,1.2787536009528289,0.7620745345336285,18.462725,22.036794000305235,9,18.78533611111111,24.1647486115207,6.098194400314242,-15.070774994965396,0.17878462500000047,0.5809760164642863,-1.1716711071570367,0.3826054078375673,18.51946,21.89340279996395,10,18.7867824,15.864117469596456,15.895787099841982,-6.722772763234986,0.15518077777777803,1.7154281744716766,1.9521731972585679,2.6503510552566283,-0.05673499999999976,1.0065495163840643,-19.04354967218191
ZTF18abpmmpo,SN Ia,0.075,19,0.47368421052631576,0.5263157894736842,32.91783560020849,5.980046299751848,1.8287686444560274,0.0,1.2787536009528289,0.5771946925902887,18.124117,26.939513800200075,9,18.524848777777777,27.623111463066305,3.020960600115359,-15.701697215414088,0.17114425000000022,0.7467066201748125,-1.1237098150340177,0.12630197883811212,18.24912,32.89890050003305,10,18.613390499999998,26.64670530524175,11.938113400246948,-11.71287394691214,0.20242499999999966,0.8492313995922296,-0.39369597651608323,0.5695450911940598,-0.12500300000000308,0.8188575724642534,-19.41130539048553
ZTF18abojpnr,SN IIb,0.0375,16,0.625,0.375,29.884293999988586,3.074965300038457,1.9922862666659058,0.0,1.2041199826559248,0.5353982931638308,19.173237,26.941423600073904,10,19.525927699999997,4.791557126069061,6.022835700307041,-6.170974458993026,0.13137922222222187,0.7698495871409722,-1.0946320751940846,0.28791789049843874,18.715961,26.941435200162232,6,18.943016333333336,6.158495762976967,15.032037100289017,-9.418946156398846,0.16393019999999936,-0.006804676593263672,-1.8195025647056107,1.2621995649342719,0.45727600000000024,0.9999995694331708,-16.857035412165622
ZTF20acfkzcg,SN IIP,0.0187,172,0.42441860465116277,0.5755813953488372,183.6877314997837,17.84818289987743,1.0741972602326533,0.0,2.2355284469075487,0.9363717358565264,18.08067,112.89179399982095,73,18.717780356164386,32.43576450094053,4.052268600091338,-4.24814936669397,0.059311111111110995,0.43122393881274584,-0.2993469509264086,0.03723159013427125,17.7716,183.65326389996335,98,18.249242163265308,5.662332997047903,71.93229170003906,-6.0777886050533425,0.09361635051546399,2.2474154385750884,3.5371105495040664,0.6438566572023422,0.30907000000000195,0.6147007224511597,-16.438654106209523
ZTF18abrzeym,SN Ia,0.056,21,0.3333333333333333,0.6666666666666666,26.96065969998017,3.8681481000967324,1.3480329849990085,0.0,1.3222192947339193,0.7789126910724461,18.617407,24.923738399986178,7,18.98791857142857,16.577352349693605,9.001469899900258,-12.480767579966905,0.24482749999999953,0.18713844896107798,-1.2750708810813227,0.5653384063867334,18.424583,24.02515049977228,14,18.772306,25.06043235491146,10.979791699908674,-13.723142194165597,0.14521292307692318,0.9780224250801606,0.4860081881946856,0.841662683898236,0.19282400000000166,1.0374019675848614,-18.28364920855803
ZTF18abqyvzy,SN II,0.0148,41,0.4146341463414634,0.5853658536585366,131.72881950018927,22.93990739993751,3.293220487504732,0.0,1.6127838567197355,0.31124548261772805,16.409985,76.97659720014781,17,17.267071705882355,94.71129728578715,5.911874999757856,-32.59827870349647,0.14658900000000008,0.40602881782169914,-1.4525373898718776,0.08319001069317367,16.339384,131.72881950018927,24,17.144639500000004,125.30058412180996,17.960324100218713,-24.160864751411797,0.2062305217391306,1.1785283395147343,0.7510865365755235,0.1578672903871713,0.07060099999999991,0.5843565401422064,-17.601439650501817
ZTF18absnqyo,SN Ia,0.04,13,0.5384615384615384,0.46153846153846156,20.98131940001622,3.0216203001327813,1.7484432833346848,0.0,1.1139433523068367,0.6195987846212355,18.305323,17.98167819995433,7,18.799751714285716,30.799871064988046,12.035011500120163,-33.99091004472079,0.3725114999999999,1.2018515514484898,0.3072759096760107,2.0238247925439943,18.016447,17.91454860009253,6,18.244705500000002,22.89827306429215,11.95296290004626,-27.805662381804737,0.19343339999999998,0.6995752062500603,-0.5843624003691414,2.0049972442656467,0.2888760000000019,1.0037472113509718,-17.86509303016684
ZTF18absdgon,SN Ia,0.085,15,0.5333333333333333,0.4666666666666667,23.962118099909276,3.0195255000144243,1.711579864279234,0.0,1.1760912590556813,0.62598806739279,18.365124,20.896631899755448,8,18.627952000000004,18.471797950994972,8.995833300054073,-16.9368682964336,0.163256714285714,0.39308660147953284,-1.2851615295420582,0.7559016501867198,18.288847,21.020845000166446,7,18.61535642857143,21.265173876613837,15.060104200150818,-19.74321713806207,0.2468936666666662,1.355593476750377,0.5691794492000941,2.52654908264277,0.07627700000000104,0.9940909558864064,-19.442086702098493
ZTF18absspcp,SN Ia,0.0658,17,0.5882352941176471,0.4117647058823529,31.90065970038995,7.959791600238532,1.993791231274372,0.0,1.2304489213782739,0.5329043398996602,18.384647,31.829745300114155,10,18.751549699999998,22.20757969182931,8.9915276998654,-12.870688075162176,0.20389244444444424,0.9598280082414617,0.14324753101504317,0.3937053169931906,18.38052,21.023368100170046,7,18.654094714285716,25.68233044968863,8.962199100293219,-8.272436799777848,0.17804049999999982,1.006658302685176,-0.020282335369428584,0.7430622272505049,0.004127000000000436,1.5140174090305112,-18.866598541596808
ZTF18abukavn,SN Ic-BL,0.032,12,0.5833333333333334,0.4166666666666667,18.00473379995674,3.0587614998221397,1.636793981814249,0.0,1.0791812460476249,0.6664913868389897,15.930142,17.945752300322056,7,16.860267285714286,413.2067641453224,3.0081945001147687,-249.18448784827956,0.4414679999999998,0.5296517902219025,-1.0772280886029153,0.201384626613664,16.322792,17.9857986997813,5,16.7995908,369.12269541095816,3.0059722997248173,-124.34618008324153,0.39744950000000046,0.18616244646398472,-1.3760606840439304,0.20066803308972148,-0.3926499999999997,0.9977734433634171,-19.75572396512656
ZTF18abtnlik,SN Ia,0.09,13,0.6153846153846154,0.38461538461538464,20.95196759980172,3.0021064998582006,1.7459972999834765,0.0,1.1139433523068367,0.6204667861419864,18.874304,20.900277799926698,8,19.322439624999998,24.166806555574905,9.023009299766272,-8.502944210548115,0.2988902857142861,1.5374301135523027,1.3387277007130516,0.7596872378227704,18.850555,17.910544000100344,5,19.081506199999996,16.683748061252704,8.980636599939317,-6.7680424052172805,0.2629710000000003,1.209882155141209,-0.2089523226926251,1.0056808203607324,0.023748999999998688,1.1669259068741633,-19.057024620723656
ZTF18abvptts,SN Ia-pec,0.05,21,0.5714285714285714,0.42857142857142855,24.9642244996503,11.860358800273389,1.248211224982515,0.0,1.3222192947339193,0.8412037794442271,17.946459,24.9642244996503,12,18.436956499999997,52.399651206448134,10.056435199920088,-19.245768229180804,0.2123866363636363,1.132607527959713,0.34826093823145676,0.6745758876604246,17.768219,21.91339119989425,9,18.096090333333333,43.510137770014744,9.97134259995073,-25.953740532462227,0.19457262500000017,0.9738578593291509,0.3571419642766047,0.8349775598801273,0.1782400000000024,1.1392223262901806,-18.70850709520712
ZTF18acbuemc,SN II,0.043,13,0.38461538461538464,0.6153846153846154,64.83909719996154,18.88732639979571,5.403258099996795,0.0,1.1139433523068367,0.20049631412831748,18.540543,14.966458299662918,5,18.664794399999998,17.884101543441798,2.9290971998125315,-6.685674274408895,0.10379324999999984,-0.020252751781846403,-1.3471469713543263,0.24333383168582834,18.499332,58.85339120030403,8,18.958871749999997,3.2474603545963747,5.943912100046873,-5.307363219095755,0.1970157142857149,0.6330506994143501,-0.8348274682413086,0.11234115703131131,0.04121100000000055,0.2543006952432947,-17.786915351424966
ZTF18acbxsge,SN Ia,0.034,18,0.3888888888888889,0.6111111111111112,67.87307869968936,15.921955999918282,3.9925340411581978,0.0,1.255272505103306,0.26520087706117834,16.560738,63.88348379964009,7,18.32341428571429,149.56644494582062,14.985867999959737,-45.10029041862726,0.9977291666666664,-0.32620329840240714,-1.5503409044216534,0.30647441096826855,16.812254,64.86243059998378,11,17.614370454545455,121.59658984734777,12.002361200284213,-28.934965440882962,0.34312060000000033,0.26031389037142816,-1.2794917286419334,0.22705912679623588,-0.25151599999999874,0.9849073370934709,-19.256772658738306
ZTF18aaklpdo,SN Ia,0.046,21,0.6190476190476191,0.38095238095238093,27.022175999823958,4.036828699987382,1.351108799991198,0.0,1.3222192947339193,0.7771394872173436,17.227959,27.022175999823958,13,17.665962999999998,84.4820273214517,11.029432899784297,-50.28142068076388,0.2317769166666667,0.9508868448111253,-0.6082121595755021,0.6896523523695535,17.160463,19.99663189984858,8,17.578693875,72.36565518331943,6.992986099794507,-57.27144988999002,0.1937514285714284,0.16191476710326672,-0.10663256210644523,0.5377711918118708,0.06749599999999845,1.3513363718031224,-19.2459462319349
ZTF18acbzvpg,SN IIb,0.026,21,0.3333333333333333,0.6666666666666666,70.91030089976266,11.031261499971151,3.545515044988133,0.0,1.3222192947339193,0.29614879267943267,18.849108,64.98015049984679,7,19.645469,25.309407574701073,5.997939900029451,-3.856060628157117,0.4157306666666667,0.14281043236345864,-1.3996910001858158,0.10169065959097888,18.536182,70.91030089976266,14,19.403242285714285,14.723316043098228,16.985092599876225,-5.2720564053857135,0.22070692307692305,-0.20952400502857466,-1.2726679706361874,0.31497500214407137,0.3129260000000009,0.9163711008884504,-16.385874813381122
ZTF18acclexy,SN Ia,0.08,17,0.35294117647058826,0.6470588235294118,38.890370399691164,7.948402799665928,2.430648149980698,0.0,1.2304489213782739,0.4371262043864463,18.556023,11.856134299654514,6,18.79451483333333,18.588566566123063,8.877534699626267,-0.07129551227994049,0.1246608000000002,0.4854590978023122,-1.3540062308001652,2.9804390961249303,18.648844,36.022882000077516,11,19.098045363636363,18.672796813802623,6.05283570010215,-6.591352618293776,0.17209609999999992,0.05278698448538125,-1.7317152173932553,0.20196284114873475,-0.09282100000000071,0.3291278665496281,-19.119543008486747
ZTF18accndxn,SN Ia,0.032,29,0.4482758620689655,0.5517241379310345,66.97980319987983,15.012361099943519,2.392135828567137,0.0,1.462397997898956,0.43296633633662324,17.3084,66.97980319987983,13,18.44354523076923,80.92857964083562,9.980659699998796,-19.389383668868483,0.3992221666666674,0.42459110808987033,-1.388632496575255,0.17510192411960765,17.1889,61.89916669996455,16,18.0671226875,65.70606745654091,5.009004699997604,-19.842204613144638,0.1717967333333334,0.2038571322573653,-1.4342064951194198,0.08804694034797289,0.11949999999999861,1.0820792390395488,-18.37746596512656
ZTF18acebssa,SN II,0.0296,21,0.2857142857142857,0.7142857142857143,85.79575229994953,17.07546290010214,4.2897876149974765,0.0,1.3222192947339193,0.24476736245148997,17.296381,40.84300919994712,6,17.97038033333333,18.231916192851354,6.0595253999345005,-27.00105521305235,0.3482545999999999,0.37866217551252923,-1.5423574049157578,0.17420697233128507,17.35683,85.75320600019768,15,18.202110199999996,26.704317447508622,12.982372600119561,-13.720469371318536,0.18941835714285737,0.685576496422551,-0.7989036282271598,0.17840076846097552,-0.06044899999999842,0.47628550703810385,-18.220193628821722
ZTF18acefuhk,SN II,0.057,31,0.3225806451612903,0.6774193548387096,63.93475690018386,8.013888800051063,2.131158563339462,0.0,1.4913616938342726,0.48486928711401506,18.727438,57.086192100308836,10,19.444572899999997,7.034020859424177,34.08766200020909,-6.627255906756775,0.2424164444444447,0.06808555964380832,-1.414439026507353,1.4821669842309295,18.491072,63.93475690018386,21,18.994445428571428,9.13061090339049,35.011608799919486,-7.208110667454908,0.1407148000000001,1.2377474538594508,0.48115606316610826,1.2105047721136366,0.2363660000000003,0.8928819763784019,-18.21205235188949
ZTF18acfwmqj,SN Ia,0.053,24,0.25,0.75,58.95826390013099,21.836273199878633,2.5634027782665645,0.0,1.380211241711606,0.4070676171987262,18.189663,19.014849500264972,6,18.68666083333333,39.302689958345425,10.02479170029983,-20.36693938140539,0.3876480000000001,1.0628732334005373,-0.12032141365465776,1.1150975803891603,18.145279,58.95826390013099,18,18.92551177777778,25.167541927799267,16.152696799952537,-10.532497937055679,0.20889447058823513,0.5504934644067316,-0.830652834862954,0.37735037506103264,0.04438400000000087,0.32251372822771884,-18.59183242153097
ZTF18acnbeuu,SN Ia,0.102,26,0.34615384615384615,0.6538461538461539,42.95299769984558,8.914502299856395,1.7181199079938232,0.0,1.414973347970818,0.6053128161551684,18.684122,30.938182899728417,9,19.131652000000003,13.224507309381584,12.971504699904472,-11.91993713211487,0.23689424999999975,0.3138307019514773,-1.420398692194197,0.7219756794014143,18.639841,42.9220833000727,17,19.07946288235294,12.027967895231527,18.004560200031847,-8.814849172623925,0.18218599999999996,0.5220138877454155,-1.25223344782405,0.7225662088380818,0.044280999999998016,0.7207987245967629,-19.51899493233662
ZTF18achtnvk,SN II,0.04,33,0.24242424242424243,0.7575757575757576,68.87304400000721,12.953877300024033,2.1522826250002254,0.0,1.5185139398778875,0.47914246392240983,19.034178,27.996666599996388,8,19.393319625,0.7491918338771482,3.0770254000090063,-5.250933175167795,0.16904557142857207,0.47322372313394184,-1.672372158844916,0.12347791749146711,18.813484,55.91916669998318,24,19.084299125,3.89071583268443,17.9974768999964,-3.85573556325393,0.06837778260869536,0.8859586899889863,0.018217725491127545,0.4745958578038544,0.22069400000000172,0.5006631581297296,-17.13623803016684
ZTF18acnmifq,SN IIb,0.073,26,0.3076923076923077,0.6923076923076923,49.98187500005588,11.789699099957943,1.9992750000022352,0.0,1.414973347970818,0.5201885683554475,18.77831,36.981886599678546,8,19.286054125,7.551318727848581,7.1514121000654995,-7.177778293337675,0.24093328571428582,0.5744972589569094,-0.7023056620693091,0.23973511048770832,18.796564,49.8673379002139,18,19.21042322222222,16.43557160996711,6.955578700173646,-3.9140447714418154,0.1416125882352943,0.38154475378585173,-1.2054070328199145,0.1620902715208917,-0.018253999999998882,0.7416053905600587,-18.698420374129302
ZTF18acnbgpw,SN Ia-91T,0.055,21,0.47619047619047616,0.5238095238095238,85.0205207997933,12.021689800079912,4.251026039989665,0.0,1.3222192947339193,0.24699919269432485,17.617193,73.96732639987022,10,19.1657549,32.465504597919775,12.990219899918884,-13.697884742738047,0.4175615555555557,-0.07429573465124101,-1.6166108509295287,0.21303437708919906,17.774101,84.98227999964729,11,19.09777718181818,34.53101714717875,9.938298599794507,-9.62770356509355,0.36131020000000047,0.32417275095686143,-0.9947572673692426,0.13243298682196522,-0.15690800000000138,0.8703852897354273,-19.244736520998245
ZTF18acnbenl,SN Ia,0.065,13,0.46153846153846156,0.5384615384615384,39.99737270036712,10.938159700017422,3.33311439169726,0.0,1.1139433523068367,0.32502134821172085,18.185747,32.06539360014722,6,18.845981666666663,17.110642543632824,10.019583400338888,-19.14474156881264,0.4273029999999999,0.6188119357843207,-0.78638525589419,0.4544892344408372,18.235025,39.91509260004386,7,18.655280285714284,21.01331332368699,9.998692200053483,-11.480092337122263,0.30041516666666607,0.7182810822741116,-0.8310099957675767,0.33422109833964847,-0.04927800000000104,0.8033400779361334,-19.03893585674131
ZTF18acqtjcz,SN Ia,0.06268,80,0.4375,0.4625,44.906481499783695,6.910833300091326,0.5684364746808063,0.0,1.9030899869919435,1.781480029790028,18.149967,29.833657399751246,34,18.463098411764705,21.032621338769,8.039351900108159,-18.939857529342202,0.09089548484848496,2.263972003144613,5.262253247141851,0.36887396573567416,18.102472,41.83013889985159,36,18.437218833333333,25.66483201644915,9.908148099668324,-10.471051630687729,0.12422779999999989,1.0619876216569357,-0.006305573841058454,0.3103862839159593,0.0474950000000014,0.7132096183371051,-18.995794012509794
ZTF18acqwdla,SN II,0.028,18,0.3888888888888889,0.6111111111111112,67.68469909997657,11.889455999713391,3.9814528882339157,0.0,1.255272505103306,0.26593898236013924,16.95802,67.68469909997657,7,17.920900857142858,130.38663293576332,6.955694499891251,-20.71395744081683,0.405690333333333,-0.5383078847713192,-0.9920946269937163,0.11453661303517362,16.928926,54.74267359962687,11,17.16371254545454,33.06676975619979,5.0575115997344255,-13.962665797356191,0.06858240000000002,0.6190040832919944,-0.43093043802395137,0.10179118666746773,0.02909400000000062,1.236415663491414,-18.437886230238124
ZTF18acqsfxh,SN Ia,0.04184,28,0.2857142857142857,0.7142857142857143,43.019814800005406,7.9149073995649815,1.5933264740742743,0.0,1.4471580313422192,0.650862867033925,19.59749,29.01821759995073,8,19.872186624999998,7.013163574760677,6.986273100133985,-2.8154396240324773,0.17747042857142908,0.25672265970281133,-1.4611286143645523,0.3170974355074331,18.589064,43.019814800005406,20,19.019314249999997,17.275354300921887,12.03626159997657,-7.427121044640599,0.15829568421052617,0.6966580323805853,-1.0925212759989915,0.38847260423202096,1.008426,0.6745314394042228,-16.670584452823114
ZTF18acrdmmw,SN Ia,0.05,19,0.47368421052631576,0.5263157894736842,63.97546299966052,10.968946699984372,3.554192388870029,0.0,1.2787536009528289,0.29698886274728203,17.300156,60.9538888996467,9,18.543458555555556,69.33662326273962,10.968946699984372,-22.53268976926559,0.5110168749999997,0.18864057522188393,-1.2132115328051156,0.21944502118596973,17.493492,55.045173599850386,10,18.2476616,59.47976845429287,14.052835599984974,-18.38957721980837,0.38129344444444474,0.37993535933616623,-1.05903105682892,0.3428161526193288,-0.19333599999999862,1.1073430223465108,-19.35481009520712
ZTF18acrtvmm,SN II,0.02345,21,0.38095238095238093,0.6190476190476191,89.78483800031245,16.975358800031245,4.489241900015623,0.0,1.3222192947339193,0.23389249752755495,17.768167,43.76748849963769,8,18.223389375,3.7077833973914025,11.844293999951333,-13.76761129838938,0.14393642857142858,0.03188758925503548,-1.696858657646686,0.37102471057737346,17.65167,89.78483800031245,13,17.93429276923077,53.949468824803056,5.912129700183868,-4.238874909598629,0.09721425000000039,-0.08010506907543416,-1.0449769037177379,0.07048931434320697,0.11649699999999896,0.48747081884232374,-17.242663308782546
ZTF18acrxppd,SN Ia,0.03781,18,0.6111111111111112,0.3888888888888889,73.97854169970378,13.013217599596828,4.3516789235119875,0.0,1.255272505103306,0.2433137986561862,16.832544,60.965324100106955,11,17.98996890909091,112.73389809735677,14.021365799941123,-36.442505532601736,0.4909369000000002,0.2967095512478221,-1.4426421675077647,0.29868307462030935,17.177464,73.91068289987743,7,18.31798785714286,49.69847440247995,21.886909699998796,-21.86847879088388,0.6365043333333334,-0.29471738639966255,-1.3557179868354627,0.4207097708178125,-0.3449200000000019,0.8248513165910426,-19.215605460339702
ZTF18acszayr,SN II,0.021,20,0.55,0.45,57.950682800263166,9.007800900377333,3.050035936855956,0.0,1.3010299956639813,0.3451210414367918,17.0066,45.006145799998194,11,17.768033272727273,0.0,0.0,-31.304708305903283,0.2748744000000006,1.225449058259305,1.0669187118191577,0.0,17.177567,53.89047450013459,9,17.73462211111111,56.98391794047734,16.03755780030042,-24.65347214359209,0.35058800000000057,0.518680844883017,-1.4422506165047917,0.42368089961138133,-0.17096700000000098,0.8351410192145514,-17.764612547196627
ZTF18acuefvt,SN Ia,0.07557,14,0.35714285714285715,0.6428571428571429,41.04216440021992,8.034930599853396,3.157089569247686,0.0,1.146128035678238,0.3411126144196475,18.675123,33.00723380036652,5,19.566546,15.827573466024877,2.993067200295627,-8.91147690324566,0.5397935,-0.27357191895798927,-1.699465734284001,0.09972181604031469,18.519838,40.976504700258374,9,18.938468444444442,10.125115204409207,9.983912100084126,-8.072266157561979,0.17926962499999988,0.5454650879333741,-0.7186548465386813,0.3221386551581359,0.15528499999999923,0.8055160888370841,-18.876740184615905
ZTF18acrgunw,SN Ia,0.09,14,0.35714285714285715,0.6428571428571429,37.97494210023433,8.037430500146002,2.9211493923257175,0.0,1.146128035678238,0.3686641565653266,18.35395,26.97173610003665,5,19.5061638,0.0,0.0,-13.651456492480015,0.4486124999999994,-0.8455151310816013,-0.657494326745601,0.0,18.299816,37.97494210023433,9,18.804071111111114,11.044205992711973,6.042615700047463,-9.2468286610233,0.1681522499999999,0.02146376501605638,-1.6047334414582024,0.1892319283073626,0.05413400000000124,0.7102508814587559,-19.577378620723653
ZTF18acsxwdi,SLSN-II,0.1193,20,0.4,0.6,57.991747700143605,11.009606500156224,3.0521972473759793,0.0,1.3010299956639813,0.3448766556133723,18.115664,44.987303299829364,8,18.200271125,3.383011204134781,13.933009299915284,-4.5063206770015345,0.06039242857142873,1.5241012746646747,1.2785008263264865,0.44866611039213555,18.082174,46.93115740036592,12,18.428214916666665,9.404764819933176,33.947511500213295,-3.614689436527843,0.0921116363636365,0.5553469652436532,-1.2934927822938613,2.61463627098874,0.033490000000000464,0.9585807338192474,-20.427654291878742
ZTF18acsyanq,SN Ia,0.06,15,0.4666666666666667,0.5333333333333333,57.9661690001376,20.968807899858803,4.140440642866971,0.0,1.1760912590556813,0.2587716293613331,17.595844,47.89733800012618,7,18.504418285714287,23.009641639208198,5.917685199994594,-18.96529663812974,0.39781900000000014,0.3145431441802694,-1.3939355471732937,0.14096555843777833,17.608763,36.93806710001081,8,18.466221,50.328148245071546,15.933067100122571,-21.62239256879295,0.44546771428571474,0.8165115321694273,-0.890958170496646,0.7585368769439345,-0.012919000000000125,1.2966931342249948,-19.455028325445248
ZTF18acslbve,SN Ia,0.05,15,0.3333333333333333,0.6666666666666666,46.903287099674344,9.948877399787307,3.3502347928338816,0.0,1.1760912590556813,0.31980700986102417,18.51948,30.899814799893647,5,19.130649,3.0503030387636003,9.925925999879837,-14.192697009637818,0.4106777499999996,0.43825031756287974,-1.747346184268156,0.4732515793577251,18.350464,46.903287099674344,10,18.787648899999997,15.419618044944714,18.94076390005648,-9.395819376889376,0.22622744444444484,0.33507684266910615,-1.3527071685174648,0.6773624742246196,0.16901600000000272,0.6587984917608939,-18.13548609520712
ZTF18acslpba,SN Ia,0.03013,13,0.38461538461538464,0.6153846153846154,37.94402780011296,11.826053200289607,3.1620023166760802,0.0,1.1139433523068367,0.34260991132737095,17.119385,24.99486119998619,5,18.257869799999998,0.0,0.0,-50.65735432229489,0.6035037499999998,0.2337594854186488,-1.6087520934989614,0.0,16.849543,30.90086799999699,8,17.34601025,128.26654947550185,6.054016199894249,-52.16672380622977,0.29568928571428493,0.6817295628566634,-0.10074710488730787,0.24365325026284482,0.2698420000000006,0.8088724627408079,-18.43572673189381
ZTF18acsofdh,SN Ia,0.08,12,0.4166666666666667,0.5833333333333334,35.01699069980532,8.94214120041579,3.1833627908913926,0.0,1.0791812460476249,0.3426907841074623,18.197824,25.97484949976206,5,19.0591998,0.0,0.0,-15.991408652480272,0.42347724999999947,-0.09156640557718058,-1.719518269636603,0.0,18.287477,35.01699069980532,7,18.841692714285717,22.31627177185285,9.231747699901462,-12.188871823947101,0.28981250000000003,0.1734617439278127,-1.3014382490335146,0.3580244599570337,-0.08965299999999843,0.7417784618455654,-19.477742008486747
ZTF18acsyzca,SN Ia,0.01458,12,0.4166666666666667,0.5833333333333334,51.01797459973022,12.86180549999699,4.637997690884566,0.0,1.0791812460476249,0.23521121906833703,15.554136,33.08871530042961,5,17.246457399999997,0.0,0.0,-166.15859985570597,0.67206425,-0.7907726654049112,-0.6926501383540655,0.0,15.330636,51.01797459973022,7,16.77164685714286,548.0077385692082,12.05487270001322,-160.6430932674259,0.7509661666666668,-0.4476867381100167,-1.4501691509403547,0.30939201737685,0.2234999999999996,0.6485697552682654,-18.424767693436806
ZTF18acurlbj,SN Ia,0.05,16,0.5625,0.4375,41.06313659995794,7.966539300046861,2.7375424399971964,0.0,1.2041199826559248,0.3896438831712721,17.447264,40.978171300143,9,18.197128333333335,30.627529214077718,10.020752300042659,-29.56625926171056,0.32582462499999965,0.7700624356501882,-0.7816016555226066,0.32369469496181763,17.573563,35.000416699796915,7,18.094132714285713,10.617071326364634,3.9937268998473883,-18.833822891747765,0.18584750000000008,-0.1821660316131116,-1.8029800745519324,0.1288021045011354,-0.1262989999999995,1.1707909551939928,-19.20770209520712
ZTF18acuqskr,SN II,0.0446,15,0.4,0.6,47.83586800005287,15.041250000242144,3.416847714289491,0.0,1.1760912590556813,0.31357223412321944,18.265388,31.794814799912274,6,18.676414333333334,15.004918407667093,11.04438650002703,-14.02101984704092,0.28168079999999945,0.33510592648950005,-0.9936140357247929,0.5322486042414898,18.225683,47.77991899987683,9,18.61103922222222,20.35073066279631,10.92108799982816,-7.531961340896381,0.20664799999999994,0.5718047862143154,-1.1487894000548173,0.2962950181413442,0.039705000000001434,0.6654430452256362,-18.141402367087736
ZTF18acuscrr,SN Ia,0.07,11,0.45454545454545453,0.5454545454545454,31.759201399981976,7.921886599622667,3.1759201399981976,0.0,1.0413926851582251,0.3463563161259541,18.49042,28.92498840019107,5,18.929996399999997,14.912400287215199,8.185729100368917,-14.131231463405884,0.45343275000000016,1.2513289981867486,-0.07482050483408553,0.3946972735154101,18.52723,31.759201399981976,6,19.02130783333333,20.772016478272565,10.885567100252956,-8.967998287923331,0.3325195999999998,-0.29235391928395116,-1.2626466100191673,0.5214984100969073,-0.03680999999999912,0.9107593114796484,-18.895186273598313
ZTF18acvwmpw,SN Ia,0.08,26,0.46153846153846156,0.5384615384615384,46.89685190003365,8.832824100274593,1.8758740760013461,0.0,1.414973347970818,0.5544082160444834,18.025705,39.93979170033708,12,18.707479916666664,23.91249683304413,10.997094899881631,-18.359938667027222,0.25066872727272743,1.2519599999323423,0.30378093178546983,0.37996096133338125,18.144382,46.89685190003365,14,18.619084,21.153596073268083,18.945740699768066,-11.71387667630324,0.18714307692307733,0.7566810085838847,-0.2616668746128852,0.6778170844094401,-0.1186770000000017,0.8516518717604672,-19.64986100848675
ZTF18acvguyi,SN Ia,0.045,58,0.46551724137931033,0.5344827586206896,81.81781250005588,22.87578700017184,1.435400219299226,0.0,1.7634279935629373,0.7088920887485276,17.346973,81.79143520025536,27,18.540326592592592,47.61691877241897,16.97820600029081,-16.5778673337613,0.21022119230769207,0.4909358350283245,-0.84482135859772,0.26195587243321766,17.425367,58.94202549988404,31,18.077904419354844,68.26866663799338,10.969247700180858,-17.589511455058936,0.13485560000000021,0.7838715237894913,-0.31354632546938843,0.22865567105536105,-0.07839400000000296,1.3876590515271023,-19.07920564240375
ZTF18acwutbr,SN Ia,0.011,17,0.35294117647058826,0.6470588235294118,57.80283570010215,12.057939800433815,3.6126772312563844,0.0,1.2304489213782739,0.29410321819159396,17.43872,26.827986099757254,6,18.02188716666667,49.26585338685442,18.82414359971881,-55.45528909482973,0.5722549999999998,1.5444440084320143,0.7498363286582488,2.351888308600324,17.140179,54.91143520036712,11,17.86168827272727,58.93459096714304,15.948391200043261,-28.55180961997369,0.3026164000000001,0.41631313741208137,-0.447981669305229,0.40932097604875783,0.29854100000000017,0.4885682918660609,-15.928359499318152
ZTF18acwwonp,SN Ia,0.03128,22,0.3181818181818182,0.6818181818181818,117.73111109994352,18.876562499906868,5.606243385711596,0.0,1.3424226808222062,0.1868664942890406,17.039392,38.91811339976266,7,17.949124142857144,78.4368061241599,14.015463000163436,-52.99971568229172,0.5902685000000005,0.4182265939516223,-1.1671138423734384,0.5628100935147448,16.968054,117.73111109994352,15,18.31522686666667,81.95626527767286,17.999988399911672,-15.46288040888472,0.40624435714285745,0.36081447104458314,-1.365458828180862,0.18048516764472283,0.07133800000000079,0.3305677916071356,-18.597057795466085
ZTF18acxgoki,SN Ic-BL,0.04,10,0.5,0.5,22.011446699965745,6.995891200378537,2.445716299996194,0.0,1.0,0.45430907546915406,19.262356,17.981249999720603,5,19.697661799999995,0.0,0.0,-5.818307722934018,0.20513849999999945,-0.25558612489167365,-1.3881662540934772,0.0,18.712631,22.011446699965745,5,18.917743399999996,13.921715030364682,6.036099500022829,-5.824256086788559,0.17132350000000063,-0.38353134779310927,-1.801759725510057,0.3778383921473955,0.5497250000000022,0.8169045063152794,-16.90806003016684
ZTF18acybdar,SN Ia,0.0713,34,0.38235294117647056,0.6176470588235294,71.83179390011355,16.84789349976927,2.176721027276168,0.0,1.5314789170422551,0.47332800914423845,17.831491,39.9508102000691,13,18.615328,40.6636948205279,15.036006900016218,-23.23839346883719,0.32308383333333346,0.3576151724799429,-1.639970482593496,0.6034969138200784,17.987131,71.80009249970317,21,18.777330095238096,35.34420284291035,14.96709489962086,-9.501262238158745,0.21723854999999972,0.4381905585688872,-0.8567416078918106,0.2633521991034164,-0.15564000000000178,0.5564172525297828,-19.594072722786358
ZTF18acwwowy,SN Ia,0.05516,14,0.35714285714285715,0.6428571428571429,54.9663773002103,8.953414299990982,4.228182869246946,0.0,1.146128035678238,0.2547011589200447,17.536806,41.93856480019167,5,18.276761999999998,0.0,0.0,-21.13381705346903,0.67519375,1.3494374884815221,0.03656121395631873,0.0,17.706264,54.9663773002103,9,18.44763122222222,28.946218455862564,14.936886500101537,-15.9393490676507,0.3007831249999997,0.31439901955069466,-0.7964157411556543,0.37314705237421986,-0.16945800000000233,0.7629857898608722,-19.331431361046086
ZTF18aczbkqp,LBV,0.01250,13,0.46153846153846156,0.5384615384615384,20.991018500179052,5.991284700110555,1.7492515416815877,0.0,1.1139433523068367,0.6193124930974222,17.866877,20.991018500179052,6,19.053569333333332,230.19513266382938,1.9109721998684108,-31.248216569776872,0.6288508000000007,-0.34548301408393733,-1.6626353689044209,0.10015553263292125,18.081442,18.83408570010215,7,18.91522671428572,225.28707234801345,0.010243100114166737,-19.66110280916008,0.27391566666666733,-0.8749983749941381,-1.1276105678481423,0.0005441556398359002,-0.21456500000000034,1.1145228302781485,-15.77778913856731
ZTF18acxyarg,SN Ia,0.04205,15,0.3333333333333333,0.6666666666666666,74.79173609986901,15.988275399897248,5.342266864276358,0.0,1.1760912590556813,0.20055691687609148,17.40915,46.89244219986722,5,18.1727868,71.6719986196458,7.0429050996899605,-25.002644622243565,0.84291625,1.295496045279911,-0.03782827439039682,0.17673743817863902,17.408182,74.79173609986901,10,18.519372300000004,57.10838078055752,14.06847219960764,-15.991497317496242,0.4305538888888891,0.10005241747657577,-1.5690927623369648,0.2316817525275858,0.000968000000000302,0.6269735754930462,-18.86979607419669
ZTF18aczeesl,SN Ia,0.018,33,0.6060606060606061,0.3939393939393939,187.7232408002019,18.992696800269186,5.866351275006309,0.0,1.5185139398778875,0.17579070049788162,16.285913,187.7232408002019,20,18.9206644,166.99927700175823,8.06074080010876,-16.725440299846692,0.27766268421052626,-0.5161871029286003,-1.2607584672000451,0.04486601711600686,16.41886,140.8107175999321,13,18.460384615384616,119.43611010165918,5.052870399784297,-19.573550372993086,0.38481041666666665,0.08494429092465175,-1.362148059576907,0.03721972986456429,-0.13294699999999793,1.3331601741676828,-18.150565599043553
ZTF18aczqzrj,SN Ic,0.0429,15,0.4666666666666667,0.5333333333333333,50.71113430010155,18.744282400235534,3.622223878578682,0.0,1.1760912590556813,0.2957930286321748,18.024557,46.91664359997958,7,18.733133,54.432003704355864,7.042465299833566,-13.618222264963846,0.5599194999999995,1.2110916361066462,0.3041895832083412,0.17661718937059018,17.813747,49.789224500302225,8,18.50374625,39.181940492784854,10.036990700289607,-15.047679733570433,0.3640290000000001,0.603475583620661,-1.167582446999864,0.25248872178565274,0.21081000000000216,0.942305168856261,-18.29784553445065
ZTF18adazbol,SN Ia,0.105,11,0.45454545454545453,0.5454545454545454,18.951273099984974,4.961307900026441,1.8951273099984973,0.0,1.0413926851582251,0.5804359391564423,18.70618,18.951273099984974,5,18.9220394,20.8592845911086,6.997824000194669,-4.918190601285528,0.21239324999999987,1.1523448587787848,-0.17528629859492773,0.5854229973102432,18.715103,13.046458299737424,6,18.810661333333332,9.163099561890412,6.015023099724203,-3.556488915197314,0.059789600000000574,0.1219168167980576,-1.4869071658087645,0.855447419854327,-0.008922999999999348,1.4525990628710623,-19.55988256887672
ZTF18adaimlf,SN Ia,0.0735,14,0.35714285714285715,0.6428571428571429,46.85552079975605,15.982499999925494,3.6042708307504654,0.0,1.146128035678238,0.29879083107049553,19.035765,26.902268500067294,5,19.518212000000002,0.0,0.0,-6.500494102218104,0.34505874999999975,0.8584407989696408,-0.583307281692445,0.0,18.736828,46.85552079975605,9,19.07290244444444,8.583139696957401,9.84712959965691,-6.17126999264259,0.21896337499999952,1.7203971745522417,1.7194435624599116,0.2660782941472617,0.29893700000000223,0.5741536544869086,-18.455787768948003
ZTF18aczenvx,SN Ia,0.1181,13,0.6153846153846154,0.38461538461538464,22.00097220018506,4.909976900089532,1.8334143500154216,0.0,1.1139433523068367,0.5908829792481012,18.956959,22.00097220018506,8,19.344180624999996,17.131280652411395,9.984247600194067,-8.044254441124952,0.23645928571428548,1.2286503866821286,0.7795211031967404,0.8308626462323643,19.15221,17.94995369995013,5,19.2984214,8.999619561239934,4.967534800060093,-4.015006408927765,0.1362312500000007,0.06829644911201019,-1.5669369930636028,0.3826355349003697,-0.19525099999999895,1.2256840640344486,-19.564406561594605
ZTF18adaslwa,SN Ia,0.028,13,0.6153846153846154,0.38461538461538464,41.757257000077516,10.983738499693573,3.479771416673126,0.0,1.1139433523068367,0.3113231312098845,16.617325,33.93295140005648,8,17.3325965,0.0,0.0,-56.94597371223708,0.3017381428571428,0.6009065572378641,-0.9314355564891179,0.0,16.624855,30.773518500383943,5,17.035805399999997,101.86563173654847,9.788993100170046,-57.18718096769973,0.36839949999999977,-0.06108450521307737,-1.542867746016748,0.46648627564720935,-0.0075299999999991485,1.102667262426723,-18.778581230238125
ZTF18adaylyq,SN Ia,0.06,13,0.46153846153846156,0.5384615384615384,41.786192200146616,12.932592600118369,3.482182683345551,0.0,1.1139433523068367,0.3111075528905069,18.343887,25.979201400186867,6,18.73395233333333,19.58659438734406,10.9666435001418,-19.26401282825103,0.3521576000000003,0.7076965176194768,-0.8756150285093618,0.7304979986194676,18.20329,41.786192200146616,7,18.71892157142857,20.1043409680525,13.061481500044465,-13.17542202754244,0.35862566666666673,0.5715604734469156,-0.6922027404645026,0.4547123776601871,0.14059699999999964,0.6217173672047512,-18.70698532544525
ZTF18adazgdh,SN Ia,0.0767,28,0.35714285714285715,0.6428571428571429,42.758448999840766,9.792731399647892,1.5836462592533618,0.0,1.4471580313422192,0.6548413390790735,18.723942,13.982905100099742,10,18.958508400000003,12.49468908532813,10.975254600401968,-18.041616994186203,0.09040877777777784,0.6115706507909774,-0.9258019481607156,3.649112355808902,18.659672,42.758448999840766,18,19.13491733333333,13.861970674726642,12.025243000127375,-7.542759821692054,0.14797741176470555,0.2531989803124491,-1.0214101619994824,0.39127850834174344,0.0642700000000005,0.3270208678558901,-18.860150893271936
ZTF18aczuooo,SN IIn,0.094,23,0.21739130434782608,0.782608695652174,131.7249884000048,19.978159699589014,5.9874994727274915,0.0,1.3617278360175928,0.17460620250849201,18.873985,30.90760409971699,5,18.996155599999998,3.932038290686929,10.954201399814337,-3.8439663556581327,0.13109774999999946,0.7503197918025186,-0.902030507182924,0.5489891405774003,18.830364,131.7249884000048,18,19.634777333333332,5.530732016540279,34.01199070038274,-2.4300633933215803,0.20104052941176467,0.14958319370586756,-1.3636921564063686,0.3480805164215558,0.043621000000001686,0.234637364369021,-19.151770341525523
ZTF18adasisj,SN Ic,0.034,19,0.47368421052631576,0.5263157894736842,66.94818289997056,15.97607639990747,3.7193434944428088,0.0,1.2787536009528289,0.28380157872826084,18.256256,66.94818289997056,9,18.86228888888889,13.440778003835668,26.912291700020432,-7.797257410369262,0.30929887499999964,0.5002905426704166,-0.9945239453648629,0.6722041371731462,17.77423,55.90747690014541,10,18.157596599999998,21.141133252370135,24.998576399870217,-2.2017652211566374,0.15561144444444489,1.0777689269145028,0.05325547760840621,0.8087824540911005,0.4820260000000012,1.1974817432656568,-17.561254658738306
ZTF18adbntwo,SN Ia,0.04774,15,0.4,0.6,63.978344900067896,18.999884199816734,4.569881778576279,0.0,1.1760912590556813,0.2344543301867142,17.598034,31.00355330016464,6,18.2267585,60.81274230360373,12.03644679998979,-33.16358044148282,0.6039626000000006,0.5871792911608602,-1.2602132234395576,0.6345958356842057,17.763657,59.90799769992009,9,18.481603555555555,51.3986901592886,5.89765049982816,-12.08205347115932,0.30978462500000026,0.8610719402798126,-0.7382944650404246,0.10919482665014459,-0.16562300000000008,0.5175194379799143,-18.9564941468807
ZTF18adbmrug,SN IIn,0.02396,23,0.6086956521739131,0.391304347826087,55.92209490016103,15.969074100255966,2.541913404552774,0.0,1.3617278360175928,0.4112864520018861,17.9008,39.009884199593216,14,18.481761857142857,51.688097994905036,9.065844899974763,-19.728721645896186,0.2637368461538458,1.2329782638941977,0.6856763495617555,0.30275958461256364,17.825842,55.92209490016103,9,18.555511222222222,56.16356963572703,10.937465299852192,-13.983929686463307,0.49670687499999966,0.9464092377457178,-0.6353422178457793,0.24313783167789166,0.07495799999999875,0.6975755158893535,-17.156750142113392
ZTF19aaairqh,SN Ia,0.022,15,0.4666666666666667,0.5333333333333333,38.99043990019709,11.024525499902666,2.7850314214426493,0.0,1.1760912590556813,0.3847096887953854,17.114107,23.966944499872625,7,17.561669,125.09090737884662,8.009132000152022,-29.367606452260915,0.29124516666666683,0.8514382444733505,-0.8681410442463187,0.5018941036117732,16.807924,38.946701399981976,8,17.37405975,73.7382559897033,17.871573999989778,-48.78065519839253,0.3066518571428572,0.4420992902345046,-0.5170666181613992,0.8479936401236841,0.30618300000000076,0.6153780330131814,-17.758122477638057
ZTF19aabyheu,SN Ia,0.021,35,0.4857142857142857,0.5142857142857142,120.74156249966472,17.967280100099742,3.5512224264607273,0.0,1.5440680443502757,0.2898753277281565,16.245071,120.72187499981374,17,18.589817294117644,235.42539642739348,10.986516200006008,-27.906784611776537,0.34359756250000006,-0.6140129254890058,-0.9882620602518983,0.10011828748880218,16.217697,120.66597219975665,18,18.45903416666667,232.84128049700283,10.988830999936908,-28.702070805126343,0.36835017647058793,-0.7827071933552734,-0.4798535180035737,0.10019253674670879,0.027373999999998233,1.0004632855397257,-18.526141547196627
ZTF19aadgimr,SN IIn,0.035,86,0.45348837209302323,0.5465116279069767,226.64931719982997,14.957164399791509,2.6664625552921173,0.0,1.9344984512435677,0.3794408077751955,16.389992,226.64931719982997,39,18.747344923076923,133.94630945097654,19.999745400156826,-13.09224622193863,0.20497573684210507,-0.6714760735630755,-0.11649698642786177,0.09678096705443287,16.307175,205.7266551000066,47,18.022719297872335,35.45076842167093,20.960810199845582,-15.096691218099448,0.07386089130434786,-0.5116358538488975,-0.6958678480516598,0.11344526479540545,0.08281699999999859,1.1017012700160442,-19.490464295278407
ZTF19aacivvy,SN Ia,0.03,44,0.5227272727272727,0.4772727272727273,142.66802089987323,22.87906249985099,3.3178609511598425,0.0,1.6434526764861874,0.30840828745272864,16.579718,142.66802089987323,23,18.722618913043476,61.931377245527244,9.935567199718207,-17.073036128372742,0.22219154545454567,-0.3641356097278098,-1.5404789716385168,0.07485409123953084,16.811663,106.78634260036051,21,18.73935285714286,0.0,0.0,-17.237606004298804,0.21408874999999963,-0.09377599095351231,-1.3188760375603539,0.0,-0.23194499999999962,1.3360137394516551,-18.96600434712534
ZTF19aadnxog,SN IIP,0.02014,64,0.390625,0.609375,171.7263889000751,10.980752300005406,2.725815696826589,0.0,1.806179973983887,0.37268587786610125,16.735233,154.70346069987863,25,18.495807120000002,95.90724340203414,8.997905099764466,-13.596134364257956,0.2289089999999998,0.22614969341026933,-0.4812149095549576,0.06175402895726933,16.709757,171.67052080016583,39,17.627945282051286,46.18989531530555,23.972395800054073,-12.68685197374484,0.10638752631578934,1.031094913383052,-0.2626193546207034,0.1623067036229196,0.025476000000001164,0.9011649756684911,-17.945180404615023
ZTF19aadyppr,ILRT,0.0015,54,0.25925925925925924,0.7407407407407407,189.65539349988103,15.918761599808931,3.5784036509411514,0.0,1.7323937598229686,0.28472694081349115,17.736965,105.73634260008112,14,18.894645500000003,5.290390879024048,15.938599599990994,-7.748939924303388,0.17839284615384607,-0.37365684660068343,-1.2175890513491152,0.17749443435315515,16.611526,189.65539349988103,40,17.761015,76.62984157481011,25.94746519997716,-12.729240288440367,0.14029905128205128,0.37547137275851583,-0.959822087173436,0.15849852520546737,1.125439,0.557518247432006,-11.303607368805434
ZTF18aaermez,SN Ia,0.02284,12,0.5,0.5,59.011631899978966,27.01822920003906,5.364693809088997,0.0,1.0791812460476249,0.20334973993498862,18.563055,15.000590299721807,6,18.819836666666667,11.89447714535384,10.994398199953139,-11.044409228791643,0.21154480000000006,0.7078415602387331,-0.9993433323237517,2.7443512258406164,17.328527,59.011631899978966,6,18.26085033333333,132.47826577261947,6.177800900302827,-18.218794320310277,0.7177295999999999,-0.09996039859225841,-1.5088607754069991,0.11692888407696,1.2345279999999974,0.2541971780266452,-16.390541571396085
ZTF19aafljiq,SLSN-II,0.106,62,0.4838709677419355,0.5161290322580645,167.82129629980773,16.0815162002109,2.7511687918001266,0.0,1.792391689498254,0.3694405976297481,17.96768,156.72129630018026,30,18.352613866666665,5.945087894214237,68.72600689996034,-4.835831201161798,0.1308406206896551,0.9605968281313166,-0.3429600464770819,0.7810191587345194,17.710802,167.82129629980773,32,18.11342684375,6.87840873897567,94.8628819999285,-5.922003875209428,0.08792635483870966,1.712858401902513,2.0961653172271264,1.3002322338039842,0.2568780000000004,0.9338582155878616,-20.318965399850875
ZTF19aagmsrr,SN Ia,0.023,46,0.5217391304347826,0.4782608695652174,150.77096069976687,22.83498839987442,3.3504657933281528,0.0,1.662757831681574,0.30509854010680937,15.951819,150.77096069976687,24,18.774785083333335,180.16933073402714,22.83498839987442,-31.617182573530904,0.4142041304347826,-1.2923547317274797,1.4030712064780673,0.17848762931466472,16.915253,78.96931710001081,22,18.246779772727272,0.0,0.0,-19.96844395658254,0.13764090476190477,0.06755852594448708,-0.6665063998194283,0.0,-0.9634339999999995,1.9092347032559844,-19.016936253614993
ZTF19aailepg,SN II,0.02981,56,0.4642857142857143,0.5357142857142857,146.73612270038575,13.830520799849182,2.667929503643377,0.0,1.7481880270062005,0.3816374521108481,18.256062,124.7594792000018,26,18.92732746153846,31.848959596455884,7.9527662000618875,-3.1744771111970858,0.13418164000000046,0.296192871627596,1.0928711836072154,0.06808483858342952,18.174257,120.9465972003527,30,18.481422900000005,0.6578246241797028,47.022928200196475,-5.587751859780541,0.09243099999999979,1.9601582114360916,2.4141602155270157,0.6361011139760542,0.08180499999999924,1.0315253350479379,-17.275863953690184
ZTF19aakirwj,SN Ib,0.03165,26,0.4230769230769231,0.5769230769230769,98.8809722000733,21.97820599982515,3.955238888002932,0.0,1.414973347970818,0.26294239853742785,19.184381,90.94337960006669,11,19.789182636363638,3.8588280679048506,33.97969899978489,-1.2623423409345988,0.24457480000000018,-0.7811147148829953,0.7312740342140223,0.5965151591629559,18.539322,98.8455324000679,15,19.055545533333333,0.429625489203361,41.937962899915874,-3.926911059842239,0.19283228571428523,0.10066842745863365,-1.1931881255582526,0.7369487621467271,0.6450589999999998,0.9200555391009683,-16.4776036452939
ZTF19aailqli,SN Ia,0.058,17,0.29411764705882354,0.7058823529411765,78.79249999998137,9.93664349988103,4.924531249998836,0.0,1.2304489213782739,0.21575657581627716,18.241749,52.842141199857,5,19.2064712,73.13146717872861,3.9642130001448095,-8.926386268434344,0.7730965000000003,0.1364325523576449,-1.5897578558587557,0.08110435826877278,17.788116,74.76121519971639,12,18.92995241666667,29.262066617153092,11.970717599615455,-10.648349761462404,0.3234796363636363,0.2985377563719461,-1.1729693125548877,0.19064536923810288,0.45363299999999995,0.7068122295590703,-18.735507041341712
ZTF19aakiyly,SN Ia,0.07,15,0.3333333333333333,0.6666666666666666,75.78869209997356,16.96074080001563,5.413478007140968,0.0,1.1760912590556813,0.1979187077171534,18.023474,26.039953699801117,5,18.919738799999998,0.0,0.0,-19.248717920056457,0.4533157499999998,-0.05004631872884861,-1.4812399198025195,0.0,18.134323,75.78869209997356,10,19.195604699999997,34.40717465821517,11.973229200113565,-7.601566658289404,0.41666333333333383,0.10016213980963741,-1.2706106832800623,0.1876226960682257,-0.1108489999999982,0.34358626568527634,-19.362132273598313
ZTF19aamowaf,SN II,0.025,19,0.47368421052631576,0.5263157894736842,73.8747338000685,16.8681596997194,4.104151877781583,0.0,1.2787536009528289,0.2571921281154232,18.376299,73.79034730000421,9,19.236780777777778,0.0,0.0,-4.865637553200396,0.22168762499999994,0.141771048178031,-1.604501018609622,0.0,17.962612,73.8747338000685,10,18.555670600000003,0.0,0.0,-5.801200190455301,0.13117955555555522,0.08111732784603863,-1.5475354078629633,0.0,0.41368699999999947,0.9988577082349608,-16.773517116887216
ZTF19aailltc,SN Ia,0.088,46,0.4782608695652174,0.5217391304347826,110.6630903002806,20.94012730009854,2.45917978445068,0.0,1.662757831681574,0.4156760838250634,18.540234,85.81564809987321,22,19.93906081818182,14.684221197177145,11.857766199856997,-4.594285205770392,0.19498280952380923,-0.3775905183480285,-1.1707245706738991,0.1603313385297801,18.661184,110.6630903002806,24,19.468886416666667,10.642652736744903,20.807037100195885,-3.1956761465674277,0.17446534782608641,0.29354748557630883,-0.929810934276182,0.23155965969108766,-0.120949999999997,0.7754676637622835,-19.34229543427787
ZTF19aakiwxx,SN Ia,0.045,23,0.391304347826087,0.6086956521739131,59.78376160003245,15.910474500153214,2.717443709092384,0.0,1.3617278360175928,0.38471985342567533,17.329035,53.80224539991468,9,19.10834311111111,62.49403020332414,11.957511600106955,-26.16355995497017,0.5254012500000003,-0.49001648278478066,-1.222915320788061,0.28575905530463425,17.567522,59.7270601997152,14,18.77228492857143,34.11922371185107,16.847372699994594,-18.35111247289019,0.24811307692307702,-0.6477990035218373,-0.6734329231016689,0.3928986819249643,-0.23848699999999923,0.9008018345455288,-19.097143642403747
ZTF19aakiyed,SN II,0.044,25,0.36,0.64,77.90011569997296,9.889872600324452,3.24583815416554,0.0,1.3979400086720377,0.3209237852262738,19.295488,44.97916670003906,9,19.93938122222222,0.0,0.0,-2.42725418417681,0.15034975000000061,-0.8087534134537226,-0.8093793242002634,0.0,18.961119,77.90011569997296,16,19.4675485,1.2102772070048342,4.039826399646699,-2.3881594394961794,0.12254413333333337,0.45120447240277284,-0.8736116988502398,0.05469551281095313,0.3343689999999988,0.5773953773480041,-17.081891455957965
ZTF19aaksxgp,SN IIn,0.0467,17,0.5882352941176471,0.4117647058823529,67.02342600002885,10.019398199860007,4.188964125001803,0.0,1.2304489213782739,0.2536426592098214,18.985102,66.99978009983897,10,19.438704100000002,4.758557474400639,7.977742999792099,-2.8979616216626387,0.15382766666666628,0.5841421541799338,-0.6633809844342786,0.1351654973593882,18.991737,57.978912100195885,7,19.311753571428575,2.1424210373782806,21.00211809994653,-3.0107688220021585,0.14302700000000002,0.023150279638280223,-0.9628774744496806,0.5679810450793786,-0.00663499999999928,1.1555887765547193,-17.521598476357592
ZTF19aakljys,SN Ia,0.04396,13,0.38461538461538464,0.6153846153846154,50.028703700285405,12.987743099685758,4.169058641690451,0.0,1.1139433523068367,0.25985082639520474,17.86608,40.997175900265574,5,18.531215,40.916370826818955,4.031793900299817,-17.574637473196532,0.7253914999999997,1.4035049788936478,0.11942579900610628,0.10906945044700342,17.808744,49.92056720005348,8,18.904652625,46.99663847449064,3.9552778000943363,-14.039281536285836,0.3781335714285718,0.027211968845340048,-1.5453765478541803,0.08604923088111464,0.05733599999999939,0.8212481988830779,-18.50932449228429
ZTF19aaknate,SN IIb,0.01188,24,0.5,0.5,94.95826390013099,29.99868049984798,4.128620169570913,0.0,1.380211241711606,0.2527426156952612,17.544777,48.878923600073904,12,18.774912833333328,0.0,0.0,-15.594247661356178,0.15942900000000035,-1.5837113368569926,2.1854240142661645,0.0,17.078651,94.95826390013099,12,17.997406666666667,37.346163352243465,15.958217600360513,-15.910031731153147,0.24012363636363626,0.2896630398420445,-0.2830848227080005,0.2020026360466434,0.46612599999999915,0.5147411251271463,-15.989421276752903
ZTF19aaldqvh,SN Ia,0.101,13,0.5384615384615384,0.46153846153846156,41.934745400212705,12.029780100099742,3.494562116684392,0.0,1.1139433523068367,0.31000545909917604,18.808834,21.937187500298023,7,19.159175714285713,32.81452291094107,2.9850463001057506,-7.884260197916636,0.24417833333333347,-0.025221298505080293,-1.6702958638833565,0.15750443543948833,18.854668,33.01498840004206,6,19.496525166666665,0.0,0.0,-5.727112062320071,0.31587399999999943,-0.45857477754306236,-0.2187277633708078,0.0,-0.045833999999999264,0.6644614632143889,-19.372888942440245
ZTF19aaksrgj,SN Ia,0.0859,18,0.2777777777777778,0.7222222222222222,46.87603010004386,10.022048600018024,2.7574135352966977,0.0,1.255272505103306,0.38399156160587833,18.69327,24.97964120004326,5,19.1955174,116.9963852262731,0.00045139994472265244,-9.14052648298959,0.3234855000000012,0.4235414510834969,-1.5257120077835924,1.807104026732171e-05,18.756289,46.87603010004386,13,19.223460615384614,14.610616607463225,7.956400400027633,-5.147132156429323,0.15563849999999993,0.13061277982389013,-1.1654588288569134,0.2044315544971466,-0.0630190000000006,0.5328873018199527,-19.13681189268324
ZTF19aalcyfd,SN Ia,0.03518,23,0.4782608695652174,0.5217391304347826,92.94130779989064,16.95189809985459,4.224604899995029,0.0,1.3617278360175928,0.2474680047489827,16.834724,66.94858790002763,11,18.603073636363636,68.58887836154406,18.059259200002998,-35.30577795556249,0.4180311999999997,-0.47548549262427947,-1.1270597406813476,0.36939061509334853,16.85085,87.88056709989905,12,17.954162500000002,43.08794232734922,9.903506899718195,-21.858850896234944,0.2999371818181816,0.7041420110879204,-0.7085356800309204,0.12700538946062018,-0.016125999999999863,0.7618133349540542,-19.05687124913424
ZTF19aaleptm,SN Ia,0.079,18,0.4444444444444444,0.5555555555555556,54.84459490003064,9.872835699934512,3.226152641178273,0.0,1.255272505103306,0.3282000720911505,18.676622,44.97175920009613,8,19.649701874999998,17.538447638853928,15.017488399986178,-9.574635555129772,0.5256365714285717,0.022916227549751762,-1.5519137792764393,0.5013471534727213,18.722172,48.78819449990988,10,19.378062899999996,7.855240866182362,8.933981500100344,-6.208582489578102,0.2062208888888889,0.41866382369975064,-0.7300779022559363,0.2241665517305044,-0.0455500000000022,0.9217754348376062,-18.971629529979236
ZTF19aaloqmd,SN II,0.0335,34,0.35294117647058826,0.6470588235294118,98.8625000002794,11.886840200051665,2.9958333333417997,0.0,1.5314789170422551,0.34391199898752217,18.36238,85.92004629969597,12,19.31436808333333,0.18239247656450536,12.012928199954331,-5.298842442735528,0.19930881818181784,0.1382081972342251,-1.0207294324608085,0.16254088251340335,18.375546,98.8625000002794,22,18.875997090909088,13.401596784734902,23.945613500196487,-4.050786768094134,0.14867947619047617,0.830773889169489,-0.4819243771065187,0.3196290531931007,-0.013165999999998235,0.869086319883203,-17.42296010871125
ZTF19aafmyow,SN Ic,0.0265,81,0.3950617283950617,0.6049382716049383,232.6365278000012,17.97359950002283,2.9079565975000152,0.0,1.9084850188786497,0.3481826382382912,17.297962,214.66292829997838,32,19.633899562499998,95.46201764011862,11.017048599664122,-5.698120513907717,0.21456938709677423,-1.0812516129037866,1.1500851016786457,0.054099049859868686,16.962145,232.57662039995193,49,18.916868530612245,56.45744613672766,26.95907409954816,-7.603576195805948,0.1558300208333329,-0.7297517875687919,-0.012266809430820036,0.13111271185077467,0.3358169999999987,0.9229772447928422,-17.978383443211065
ZTF19aakzwao,SN Ia,0.01951,61,0.4426229508196721,0.5573770491803278,142.8718056003563,11.822800899855793,2.3811967600059387,0.0,1.7853298350107671,0.42695617755843546,16.103865,135.83827550010756,27,18.72989688888889,128.82248139196648,12.012928199954331,-28.43904666703829,0.21462038461538463,-0.9838597367972439,-0.5212317421678581,0.09701509797372049,16.153593,136.88921299995854,34,18.171722441176474,169.69212940035632,18.982419000007212,-28.731733245618155,0.23074736363636397,0.10986812155904445,-1.214083813040912,0.16099512467462262,-0.04972800000000177,0.9923227150129696,-18.507537420499617
ZTF19aalzmmt,SN Ia-91T,0.061,17,0.5294117647058824,0.47058823529411764,65.06274300022051,12.894432800356299,4.066421437513782,0.0,1.2304489213782739,0.26128624795210964,17.930555,64.89971060026437,9,19.298239666666664,23.699836135224828,12.894432800356299,-12.019413503635844,0.44175200000000014,0.3785722465687696,-1.1718233626257195,0.24794469611272976,18.065222,52.07767360005528,8,19.016417375000003,0.0,0.0,-9.378155063951397,0.26768400000000014,0.14879987908594336,-0.7833870373433398,0.0,-0.13466700000000031,1.2462098652616365,-19.156210248580862
ZTF19aaluprf,SN Ia,0.09,10,0.5,0.5,42.96053240029141,8.057546300347894,4.773392488921268,0.0,1.0,0.2327717893908635,18.10076,22.058865699917078,5,19.072698199999998,0.0,0.0,-21.27917461151831,0.4599099999999998,-0.18335317721103128,-1.4447953305026873,0.0,18.16747,42.96053240029141,5,18.913926799999995,1.0297835758568552,3.0238195001147687,-10.733013640657212,0.4286287499999988,0.0895894112067901,-1.4625415835973246,0.07571528251894247,-0.06671000000000049,0.5134681640902441,-19.830568620723653
ZTF19aalouag,SN Ib,0.0549,56,0.5892857142857143,0.4107142857142857,145.94320610025898,13.014710700139403,2.653512838186527,0.0,1.7481880270062005,0.38371090711498784,18.48864,145.94320610025898,33,19.04625312121212,7.278192664549248,38.007963000331074,-2.4324378318963755,0.09799087499999992,0.33701510278674096,-1.1497345329560154,0.35213672484290226,18.242365,122.97136570001021,23,18.7573192173913,6.850580177059485,27.989270800258964,-3.401047992009277,0.13432409090909078,0.28453122938231784,-1.097102053086564,0.29467944279182523,0.2462750000000007,1.1868064184656515,-18.369337795777486
ZTF19aalsnbp,SN II,0.05,28,0.35714285714285715,0.6428571428571429,112.81079859985039,19.90934030013159,4.178177725920385,0.0,1.4471580313422192,0.2482031893003294,18.568895,90.77862269990146,10,19.810128199999998,0.0,0.0,-3.3265569239049535,0.22637100000000032,-1.0405399256359325,0.023624767174160066,0.0,18.710997,112.75030090007931,18,19.519714722222222,0.0,0.0,-2.3148000905853134,0.12402705882352905,0.7703639108612065,0.39746194022604797,0.0,-0.14210199999999773,0.8051297599671204,-18.08607109520712
ZTF19aalzmio,SN Ia,0.075,26,0.3076923076923077,0.6923076923076923,71.84067129995674,10.076724600046873,2.8736268519982695,0.0,1.414973347970818,0.3619119856416996,17.831446,49.93972219992429,8,18.9287005,50.71318421648403,2.8975694002583623,-14.48549571198377,0.4356314285714283,0.589996792612176,-1.0573528132035246,0.06159517002969599,18.025164,70.02401619963348,18,19.094618333333333,7.6416324205599455,9.101180499885231,-8.973110105390928,0.17285405882352897,0.16058465020468948,-1.0894736438167854,0.14938865526121334,-0.1937180000000005,0.713179918980221,-19.70397639048553
ZTF19aamhmsx,SN II,0.047,39,0.38461538461538464,0.6153846153846154,112.67885420005769,11.977268599905074,2.965233005264676,0.0,1.591064607026499,0.3461164055747031,18.715572,99.72410880029202,15,19.657335733333333,0.0,0.0,-2.7776017261396624,0.15397342857142857,0.14103750920007954,-1.3880246658957254,0.0,18.543844,112.67885420005769,24,19.150639166666668,5.975883027659397,11.978229200001806,-2.730748784929748,0.07994499999999984,0.28003148591419313,-0.96135086359706,0.11894890622570772,0.17172800000000166,0.8850294894127612,-17.805033363205617
ZTF19aamjvie,SN Ia,0.042,41,0.43902439024390244,0.5609756097560976,84.97590279998258,22.00627320026979,2.1243975699995645,0.0,1.6127838567197355,0.4824897253107902,17.11381,79.02439819974825,18,18.384691222222223,3.4156890801606052,11.997824099846184,-20.092249800235116,0.2246808823529408,0.5341816094619868,-1.029577862798215,0.17900100461592464,17.12797,84.97590279998258,23,18.103322391304346,62.03597681793309,9.98128469986841,-17.269729933520058,0.19729049999999984,0.8917261588096288,-0.15010431010179914,0.13309334659913705,-0.014160000000000394,0.9299624434206594,-19.16255252551653
ZTF19aamfxby,SN Ia-91T,0.07,28,0.5,0.5,47.0287268999964,5.9438194003887475,1.7418046999998666,0.0,1.4471580313422192,0.5953807777858886,18.12858,39.06488429987803,14,18.861294285714287,51.228090977349204,3.080902799963951,-13.305415558640519,0.21075723076923117,0.7157876018469986,-0.042476789078718546,0.08561873009998372,18.073029,46.96369220037013,14,18.747484714285708,16.785816538688728,15.995057899970561,-13.464593139250518,0.17778107692307707,0.10965613526546247,-1.2066572099856516,0.5164921948064137,0.05555100000000124,0.8318103298439161,-19.257026273598314
ZTF19aamgttu,SN Ia,0.0308,14,0.42857142857142855,0.5714285714285714,52.981145800091326,14.036817099899054,4.0754727538531785,0.0,1.146128035678238,0.26424494579307245,17.073383,52.921643500216305,6,18.44328133333333,68.57706486660959,15.920798600185663,-37.351793468359524,0.8769888000000001,0.22209097800319746,-1.461839830170825,0.43028202851044833,17.028292,52.9421295998618,8,18.004346,70.55864175348083,16.002604099921882,-35.096299714873616,0.5072852857142855,0.23448140829221192,-1.3494735881814857,0.4332108732676577,0.045090999999999326,0.9996130473065529,-18.529486656029256
ZTF19aamhhyo,SN Ia,0.08,21,0.42857142857142855,0.5714285714285714,52.88774299994111,11.965833400376141,2.6443871499970557,0.0,1.3222192947339193,0.39706742637936704,18.558825,24.035937499720603,9,18.97546133333333,18.020060744781556,7.919409699738026,-13.32385551838353,0.21708775000000058,0.23464706393764675,-1.2855903258920292,0.49138436008198905,18.614405,44.86699069989845,12,19.370569749999998,0.0,0.0,-6.762854247232969,0.21116599999999927,0.684498652787375,-0.7205544390188923,0.0,-0.05558000000000263,0.5357153917562607,-19.11674100848675
ZTF19aamhhae,SN Ia,0.04,36,0.4444444444444444,0.5555555555555556,84.86283560004085,8.89652769966051,2.424652445715453,0.0,1.5563025007672873,0.424213965341298,17.418907,84.75240739993751,16,19.164960625,52.519983247340086,15.892430499661714,-14.80275917792706,0.3532098666666665,-0.12298957788483295,-1.5041108385684283,0.23079343350169004,17.437996,84.86283560004085,20,18.7506476,52.601034499634935,15.944560199975967,-14.045868842414436,0.23103647368421076,0.10251982064423475,-1.3275793722785345,0.2313546023521209,-0.01908899999999747,0.9986987448707961,-18.75150903016684
ZTF19aamhhey,SN Ia,0.045,34,0.47058823529411764,0.5294117647058824,84.8768750000745,10.043437500018626,2.572026515153773,0.0,1.5314789170422551,0.400580252276844,17.209658,84.75826389994472,16,18.77826675,59.68097447978155,10.935324099846184,-16.73661528818273,0.2975013333333332,0.19502523531400556,-1.5044743267365186,0.1481290792463346,17.304375,84.8768750000745,18,18.518034555555552,39.75644943258987,15.943171299993992,-15.73918667021113,0.2010691764705884,0.10414420334452151,-1.553096699749142,0.23128267370284022,-0.09471699999999927,0.9986025510466817,-19.216520642403747
ZTF19aamhhgu,SN Ia,0.0382,20,0.4,0.6,59.88222219981253,10.043437500018626,3.151695905253291,0.0,1.3010299956639813,0.3339889413800447,17.496351,52.04204860003665,8,19.328151625,75.92830502452405,7.135509300045669,-21.227474095984768,0.594768857142857,-0.080643967658165,-1.2080631602653655,0.15889688698516793,17.56548,59.88222219981253,12,18.690017166666667,73.68517810207486,10.961203699931502,-17.18939000567918,0.41336145454545464,0.23370589832661312,-1.5387683018561333,0.2240591883825591,-0.06912900000000022,0.869073435958754,-18.574081888085576
ZTF19aamljom,SN II,0.02,46,0.43478260869565216,0.5652173913043478,116.83239580038935,14.914768500253558,2.5962754622308744,0.0,1.662757831681574,0.39372641196703684,16.28919,100.84859950002283,20,18.12215775,0.0,0.0,-29.192372717126503,0.19188999999999984,-0.42136365995053,-0.7992567350041395,0.0,16.213448,116.83239580038935,26,17.543462769230768,81.95750273756641,8.044270799960941,-28.759089628321085,0.14755336000000013,0.6119182777161005,0.8189824185530252,0.07394438317536278,0.07574200000000175,0.8631903746314064,-18.376076051846933
ZTF19aamhgwm,SN II,0.03422,37,0.4594594594594595,0.5405405405405406,88.85721069993451,10.066886600106955,2.468255852775959,0.0,1.568201724066995,0.4163983959044898,18.106506,82.84287039982155,17,18.980214470588237,7.207689868960847,15.96063659992069,-7.659628162686661,0.18108362500000008,0.7617116783817595,-0.9814821364445314,0.23863791164140735,18.07856,88.85721069993451,20,18.672864649999998,15.111399413479592,15.942465300206095,-6.339171423186502,0.13269642105263127,0.656760064569083,-0.5096306178363599,0.21864528515881612,0.027946000000000026,0.9323145499083577,-17.72501009955244
ZTF19aanbfaw,SN Ia,0.06,17,0.4117647058823529,0.5882352941176471,50.02114580012858,8.079525399953127,3.126321612508036,0.0,1.2304489213782739,0.33985626934511964,17.946733,30.964166699908674,7,18.860338000000002,0.0,0.0,-18.161540851006688,0.3416195000000002,0.3670034084974536,-1.384231390254957,0.0,18.083202,50.02114580012858,10,18.7188651,18.39763838036674,5.001203699968755,-9.554613973911852,0.20429399999999928,0.26775533387467126,-1.2540307879553652,0.11108863020841159,-0.13646900000000173,0.6190215398830204,-19.10413932544525
ZTF18achxcsh,SN Ia,0.07,13,0.6153846153846154,0.38461538461538464,35.01006949972361,12.928263899870217,2.9175057916436344,0.0,1.1139433523068367,0.37132174216628244,18.507376,22.046446799766272,8,18.889425624999998,61.07029018073037,3.039768499787897,-12.666514173435763,0.24791928571428606,0.7678728886390189,-0.44024628076164385,0.15993160150405425,18.580084,34.93756949994713,5,18.929475,10.736453049861025,7.989594900049269,-7.596416376253935,0.29053724999999986,0.6747080073064982,-0.775897008324451,0.2964822039011255,-0.07270799999999866,0.631024055631564,-18.878230273598312
ZTF19aamsetj,SN Ic,0.02751,21,0.3333333333333333,0.6666666666666666,59.02608790015802,9.000474500004202,2.951304395007901,0.0,1.3222192947339193,0.35577489118915134,17.682653,32.964432799723,7,18.582860999999998,61.59929615587252,9.95777769992128,-31.446186072611283,0.5848235000000006,0.2723200809956622,-1.0386456437343343,0.4328216186457761,17.367987,59.02608790015802,14,18.300878,25.88345319991746,34.08952540019527,-37.626029226491,0.338493,-0.18414767929343293,-1.7691318644145342,1.3670499051441511,0.314665999999999,0.5584722615444543,-17.674916025475444
ZTF19aamqebl,SN Ia,0.09,29,0.3103448275862069,0.6896551724137931,50.008043999783695,7.980567099992186,1.7860015714208461,0.0,1.462397997898956,0.5799067046118708,19.108139,18.917638899758458,9,19.775541555555552,0.0,0.0,-7.967778652633889,0.15875762500000024,-0.18626615053402407,-1.611138552408799,0.0,18.696392,50.008043999783695,20,19.4257997,18.923819242730428,9.026377299800515,-6.337837270610697,0.16929936842105175,0.28961726932655824,-0.6808017328371148,0.22025403129356425,0.41174700000000186,0.37829191839297466,-18.823189620723653
ZTF19aamhqej,SN Ia,0.0169,53,0.7547169811320755,0.24528301886792453,139.72975699976087,11.005057899747044,2.6871107115338626,0.0,1.724275869600789,0.37930360102244154,16.564354,139.72975699976087,40,18.99342295,0.0,0.0,-16.100537270668276,0.12682507692307718,-1.5216825823460725,2.942889272620751,0.0,18.016737,35.9466551002115,13,18.650256923076924,0.0,0.0,-11.414646350301572,0.10007008333333307,-0.21160886875490414,-1.3278617992764683,0.0,-1.4523829999999975,3.887142116845768,-17.73519559659539
ZTF19aamvmer,SN Ia,0.08773,24,0.25,0.75,55.868668999988586,6.999571800231934,2.429072565216895,0.0,1.380211241711606,0.4295788754159313,18.73746,35.951921300031245,6,19.351332666666664,20.362815854528474,11.977372700348496,-9.268953186937573,0.5696776,0.6005417724944323,-1.3689132445916796,0.49958699537337653,18.750628,48.856701399665326,18,19.314251055555555,9.277781724501988,7.901446799747646,-5.424307682068925,0.15313776470588203,0.21910789187684737,-1.2493403421076406,0.192928767674259,-0.01316800000000029,0.7358646873421036,-19.13839672031984
ZTF19aanejfr,SN Ia,0.0428,36,0.4722222222222222,0.5277777777777778,50.064594900235534,8.028437499888241,1.4304169971495866,0.0,1.5563025007672873,0.7190710335664902,17.054047,42.01427090028301,17,17.88683394117647,81.57250686748212,8.03480330016464,-38.94580287503478,0.1898718125000003,0.691103827311624,-0.9438312763095498,0.23646054125158367,17.202793,50.02245370019227,19,17.75552057894737,65.47100647674603,7.936666700057685,-23.590606049326926,0.12304822222222159,0.513334044904531,-0.7884679490681772,0.18858306487252582,-0.14874599999999916,0.839908237050785,-19.26328791859289
ZTF19aanlekq,SN II,0.03677,33,0.36363636363636365,0.6363636363636364,91.84379630023614,15.947152699809521,2.8701186343823792,0.0,1.5185139398778875,0.3593057052228486,18.095182,69.92866900004447,12,19.1675485,0.13935315977463056,3.9940046002157032,-7.719662398945203,0.22123163636363555,0.13843152977473427,-1.6054545329842815,0.06057518661194666,18.094791,87.77973380032927,21,18.69434695238095,0.0,0.0,-4.917032860426357,0.08179634999999977,0.4245704259880972,-0.9427804588640325,0.0,0.0003910000000004743,0.7966379706631346,-17.89240222287134
ZTF19aamvape,SN II,0.03,58,0.3620689655172414,0.6379310344827587,123.74744210019708,15.002118000295013,2.1710077561438084,0.0,1.7634279935629373,0.46869655659660403,18.096989,84.82932869996876,21,19.56960014285714,27.395285185846415,3.1027661999687552,-6.4722956521792,0.19357289999999985,-0.4818180751155358,-1.5417824318825513,0.03796521112666099,17.730743,123.74744210019708,37,19.12524289189189,34.37273581210927,20.040080999955535,-6.823468198680276,0.15879088888888898,-0.7023389312368934,-0.8547731030539674,0.19323682318543597,0.3662460000000003,0.6855036941392557,-17.44873334712534
ZTF19aanfukh,SN Ic,0.02765,17,0.35294117647058826,0.6470588235294118,79.00004629977047,29.99868049984798,4.937502893735655,0.0,1.2304489213782739,0.21518974730081128,18.622925,25.97945600003004,6,19.160719,7.356558975427738,3.0007986002601683,-11.550289347675918,0.31201740000000056,0.7643824960302869,-0.7409544079680539,0.13059068456672412,18.26969,79.00004629977047,11,18.92894772727273,13.942198006329466,24.974120399914682,-6.574810964174302,0.2723257999999998,0.03200686771714186,-1.528286006959577,0.46226177495240933,0.35323499999999797,0.3288536806858241,-16.74566675173062
ZTF19aanfyey,SN Ia,0.0849,21,0.42857142857142855,0.5714285714285714,40.98121530003846,6.958391199819744,2.049060765001923,0.0,1.3222192947339193,0.5124298985828342,18.60937,30.000080999918282,9,19.113621555555554,23.76805598237387,8.020578699652106,-12.914750934020676,0.31325275000000063,1.0513333483522023,0.018810119203092057,0.3649117523263925,18.606014,40.98121530003846,12,19.09999583333333,13.629310396046193,14.989166699815542,-9.185899233039573,0.1920279999999999,0.13525495711945112,-1.3625870676570078,0.5766827744269065,0.0033560000000001367,0.7320446887745208,-19.195284524746796
ZTF19aanfnvl,SN II,0.03167,13,0.46153846153846156,0.5384615384615384,40.962048599962145,9.927569500170648,3.4135040499968454,0.0,1.1139433523068367,0.3173669395043883,18.174267,40.92001160001382,6,18.37994083333333,3.149660218229673,7.984421300236136,-8.556034258615249,0.1728831999999997,1.58501998241254,0.8149828917287527,0.24242532857502877,18.143456,37.935347199905664,7,18.219262285714287,3.4823615755552524,26.925902800168842,-6.333207060872572,0.061487000000000215,0.5651927818341154,-0.9935466957097132,2.4457095038158783,0.030810999999999922,1.078677661347873,-17.48908939038659
ZTF19aanhhal,SN II,0.02597,48,0.4583333333333333,0.5416666666666666,114.9195023002103,6.048055499792099,2.445095793621496,0.0,1.6812412373755872,0.4176836745655847,18.215462,97.8454167000018,22,19.05146663636364,0.0,0.0,-4.04305606240337,0.10741961904761917,-0.17672032028852427,-0.6936373204048216,0.0,18.115599,108.88052080012858,25,18.45517296,3.178401135856431,21.956169000361115,-4.421517217204349,0.07654366666666663,1.3435332225529035,2.212885071857637,0.2525893900358064,0.09986299999999915,0.8986494184723468,-17.01701382167354
ZTF19aanijpu,SN Ic,0.05,46,0.5,0.5,148.8506482001394,22.895115800201893,3.3077921822253202,0.0,1.662757831681574,0.3090345964644373,18.073753,125.95553239993751,23,18.88250152173913,14.502116596968646,32.942164400126785,-4.744832359730976,0.1558748636363635,-0.0315611268254737,-1.487487780046655,0.3541659130136414,17.498571,143.7849653000012,23,18.141794782608695,16.91601114931289,43.93822919996455,-8.367400789959676,0.17401768181818172,0.714939014988812,0.40593056799494587,0.4400567401216075,0.5751820000000016,0.8759993239706019,-18.581213095207122
ZTF19aangier,SN Ia,0.0604,23,0.5217391304347826,0.4782608695652174,48.87466430012137,6.003333299886435,2.2215756500055166,0.0,1.3617278360175928,0.4705914675703028,17.790703,44.95958330016583,12,18.753405166666667,23.856548729765876,8.001041600015014,-19.013506760514517,0.2757373636363635,0.6661187463950213,-0.8074104108050779,0.216486940013176,17.90041,48.85550930025056,11,18.40043836363636,28.43797155853805,8.064386600162834,-12.129014663421575,0.18018849999999986,0.5109236042000108,-0.5637804099551214,0.19769954995981248,-0.10970700000000022,0.9202561582944189,-19.274597766632688
ZTF19aanhlzi,SN Ia,0.0544,18,0.3333333333333333,0.6666666666666666,48.988761600106955,6.945856399834156,2.881691858829821,0.0,1.255272505103306,0.3674312109975995,18.081991,39.06953709991649,6,18.8069835,17.850502981639785,12.987731500063092,-19.14492256138028,0.5266100000000009,0.6538212428267944,-1.312947897650835,0.4979613643058552,18.027773,48.937638899777085,12,18.603910833333334,21.149383223756082,12.954178299754858,-13.028923898832815,0.20000627272727298,0.6278808162125226,-0.5243601626457135,0.3600036817955985,0.05421799999999877,0.7983535368334751,-18.756119572017933
ZTF19aaniore,SN II,0.03,67,0.3880597014925373,0.6119402985074627,123.65024300012738,9.891192100010812,1.8734885303049602,0.0,1.8260748027008264,0.5418509367582155,18.533068,109.78494209982455,26,19.560887423076924,19.080089800620218,2.951886599883437,-2.8761169207757615,0.1157798800000002,-0.5792863031183901,-0.6302095166645088,0.027630835662891477,18.484331,123.65024300012738,41,18.89156958536585,11.234110620458527,18.81906249979511,-2.6781616812133744,0.08189252499999986,0.9581676802511991,0.05767415690527411,0.17951779623177536,0.04873699999999914,0.8878667719214386,-17.01265434712534
ZTF19aamrais,SLSN-II,0.1173,55,0.41818181818181815,0.5818181818181818,149.80399300018325,10.977824100293219,2.7741480185219123,0.0,1.7403626894942439,0.3671464217908579,18.776117,116.71145830024034,23,19.41220947826087,3.9715750309632925,28.99739579996094,-2.5095955091111795,0.10255331818181804,0.06553599090978376,-1.3660068986230933,0.33059004421176563,18.465477,143.8041898002848,32,19.06252428125,4.9581696289450266,34.8781829001382,-2.7561340371789655,0.07924854838709652,0.5245971572785222,-1.0155124693762851,0.3202006930457969,0.31063999999999936,0.8115998460290285,-19.73048913410468
ZTF19aalbrgu,SLSN-II,0.097,150,0.43333333333333335,0.5666666666666667,212.68841439997777,10.860208299942315,1.4274390228186429,0.0,2.1760912590556813,0.7052570325617872,17.925251,212.6153124999255,65,19.442876092307692,0.0,0.0,-2.852903750081665,0.08518728125000025,-0.8766102824362769,0.11028664278468536,0.0,17.871433,197.76586809987202,85,18.921251952941184,3.824375997476125,12.086087999865413,-3.02038515957583,0.05964860714285728,-0.7328101963323481,-0.7110674003655326,0.06509102926207624,0.0538179999999997,1.0750859819377654,-20.16872374485826
ZTF19aaniqrr,other,0.519,71,0.38028169014084506,0.6197183098591549,163.83775469986722,9.161944400053471,2.340539352855246,0.0,1.8512583487190752,0.4333555481766959,19.2926,99.85137740010396,27,19.946800407407405,0.0,0.0,-1.244258306539102,0.08342276923076894,-0.31040336500851956,-0.9279891838076026,0.0,18.939917,163.83775469986722,44,19.75580590909091,6.6326267765810485,12.086087999865413,-1.2617946384984335,0.10127702325581392,-0.36893831662455084,-1.158345954370781,0.07964385672124726,0.35268299999999897,0.6094527942171859,-22.443352862769316
ZTF19aanmdsr,SN Ia,0.125,15,0.3333333333333333,0.6666666666666666,43.94486110005528,8.981863399967551,3.1389186500039483,0.0,1.1760912590556813,0.3413368394963736,18.849022,39.88541659992188,5,19.4498314,5.667896381914997,11.951365699991584,-9.046237471486902,0.6379122499999985,1.4225815801261512,0.15002255759338734,0.4278421967084411,18.747633,43.94486110005528,10,19.258941999999998,8.77706535367868,14.964618000201881,-7.7148913210857835,0.21203311111111095,0.542924727548687,-0.9535754806650467,0.516373101103406,0.10138900000000106,0.907624136280902,-19.795644138567308
ZTF19aanirdx,SN Ia,0.092,16,0.4375,0.5625,40.82956020021811,8.961041599977762,2.721970680014541,0.0,1.2041199826559248,0.3918729450314904,18.485388,28.95927090011537,7,18.956775571428572,17.87775506006082,12.934363400097936,-15.360173238185624,0.3244219999999996,0.2841109618449904,-1.5698765755845927,0.8071412206331839,18.612404,35.91460649995133,9,19.14043933333333,6.978546832445229,10.914201399777085,-8.164995861546052,0.3336929999999998,0.8916772158219384,-0.2881352923888709,0.436560981953889,-0.12701600000000113,0.8063368562914538,-19.493667210254806
ZTF19aanircs,SN Ia,0.06,20,0.4,0.6,68.83508099988103,14.940208399668336,3.622898999993738,0.0,1.3010299956639813,0.29054952372373277,17.817587,59.857962999958545,8,18.547988750000002,30.639686929339437,10.917465299833566,-14.037894672062977,0.48486085714285715,1.2203503214140894,0.1343900256387025,0.2230763031207524,17.998575,68.83508099988103,12,18.946031583333337,21.46418618067104,13.924305600114167,-9.828170009831922,0.2532924545454546,0.33074034182219103,-1.2439188664336407,0.2535805677253883,-0.18098799999999926,0.8695851320355387,-19.233285325445248
ZTF19aanovps,SN II,0.035,57,0.3333333333333333,0.6666666666666666,129.0563542000018,16.954062500037253,2.304577753571461,0.0,1.7558748556724915,0.441667520776743,18.833225,99.95614580018446,19,19.609732789473682,13.11797049090962,5.081469899974763,-2.259133910020391,0.18110972222222227,-0.2695858502081654,-1.6250961478202925,0.053559813003414246,18.562822,124.0119675998576,38,19.043798921052634,1.2062040351679608,11.087546300143003,-2.3509589491013614,0.06783305405405397,0.8759668016003793,0.20250737371392846,0.0981855489940069,0.2704029999999982,0.8060201586568427,-17.047231295278408
ZTF19aanmeyw,SN Ia,0.06,20,0.5,0.5,37.94070600019768,7.9995833998546,1.9968792631682988,0.0,1.3010299956639813,0.5271383194581513,18.544996,18.943125000223517,10,18.7491496,24.8112058599668,5.0454861000180244,-7.695636914896486,0.08754166666666624,0.03349990252533228,-1.1825728045065917,0.36304627974924725,18.370258,37.87512730015442,10,18.7739829,20.936784595811243,4.955266200006008,-7.795553075986641,0.15058344444444513,0.18118897674838433,-1.4397030367794663,0.15052512478503954,0.1747380000000014,0.5001468338337779,-18.505876325445247
ZTF19aanesxt,SN Ia,0.048,15,0.6,0.4,32.9567245002836,4.956770800054073,2.354051750020257,0.0,1.1760912590556813,0.45514231852352083,17.424006,27.999953700229526,9,17.97077177777778,53.52080513255843,3.0639352002181113,-32.3027513812849,0.21123537500000067,0.6227626140398587,-0.9853153324342259,0.12287186906830008,17.593752,30.079919000156224,6,18.0327535,40.95152433768687,12.973622700199485,-26.90997543938819,0.33928260000000066,0.08843198425084088,-1.6962076832681074,0.7584121350822325,-0.16974599999999995,0.9308520312200343,-19.142316260404968
ZTF19aanrrqu,SN II,0.02377,39,0.358974358974359,0.6410256410256411,103.93614579970017,15.93895829981193,2.7351617315710572,0.0,1.591064607026499,0.37523038496307703,17.132767,66.96920139994472,14,18.200534357142857,0.0,0.0,-18.520688128712756,0.1801861538461536,0.23365257204485604,-1.0897695282383968,0.0,17.126205,103.89905089978129,25,18.085203679999996,34.80439046351221,8.052754600066692,-13.146289815371778,0.12323779166666693,0.5806711780589675,-1.2519937957145755,0.08401737898025248,0.006562000000002399,0.6445602805798653,-17.907494982167925
ZTF19aanqzhm,SN IIn,0.049,13,0.38461538461538464,0.6153846153846154,29.066122699994594,7.1005671001039445,2.4221768916662163,0.0,1.1139433523068367,0.4472560765733786,18.944143,12.038507000077516,5,19.372746199999998,25.06834671487445,3.0701967999339104,-17.715131586626683,0.34259974999999976,0.6293926608474226,-0.4029731074496272,0.3423383816367936,18.609983,28.02226849971339,8,19.130656625,10.037193358640355,7.9966434999369085,-13.863521909711,0.27460071428571453,0.7656487375835683,-0.9313045915217479,0.3993205455523193,0.3341600000000007,0.4296050121781056,-17.666953473669597
ZTF19aanramr,SN Ia,0.04529,52,0.4230769230769231,0.5769230769230769,68.01883100019768,16.931990699842572,1.333702568631327,0.0,1.7160033436347992,0.764494173677417,17.63228,65.01643510023132,22,18.666058454545453,49.51030888516391,13.95275460043922,-16.21503848580038,0.2248341904761903,0.5118424434397681,-1.1085659823947704,0.27324224309479667,17.59324,67.99782409984618,30,18.370612000000005,42.143682271704556,16.969849499873817,-16.066137962147117,0.17991544827586148,0.771901315435136,-0.6069009623741577,0.3325597308712897,0.039039999999999964,0.9561546411362065,-18.80784767694181
ZTF19aaneugz,SN Ia,0.0545,18,0.4444444444444444,0.5555555555555556,41.00896989973262,6.955185200087726,2.4122923470430955,0.0,1.255272505103306,0.4389283623560942,18.060822,34.0225693997927,8,18.818305625,32.528211321179086,13.026157399639487,-23.16110900573802,0.4539727142857138,0.357774162044722,-1.4872549073761805,0.6203992091384201,17.914988,35.9384142998606,10,18.417226799999998,112.8843430484915,1.9313309998251498,-14.276788231430533,0.22423655555555536,0.633817647493984,-0.24114098762146075,0.05679202132054462,0.14583400000000069,0.9466908894732362,-18.781276584910238
ZTF19aanpcep,SN II,0.0314,27,0.37037037037037035,0.6296296296296297,62.915162099990994,14.977777800057083,2.4198139269227306,0.0,1.4313637641589874,0.429149335371479,17.90293,39.95928240008652,10,18.7702864,44.47613053364944,3.008217599708587,-16.34070879214567,0.2769836666666663,0.5809664677495876,-1.1778857950771673,0.08141085015979889,18.053543,62.832395900040865,17,18.966949647058822,23.269468331130852,7.960671300068498,-9.403548770883212,0.15802125,0.15167520863670858,-1.4110846795564538,0.145077840328578,-0.15061299999999989,0.6359662372839826,-17.741834313893097
ZTF19aansyyn,SN Ia,0.078,32,0.375,0.625,68.89715280011296,10.021967600099742,2.222488800003644,0.0,1.505149978319906,0.4644604123604297,18.076614,68.81611109990627,12,19.018601166666663,30.424689371116727,10.97761580022052,-8.869246827739538,0.30265245454545436,0.5201782703940241,-1.3180337280481027,0.1897977418558495,18.169125,68.86469910014421,20,18.833443600000003,22.836793698674,13.921157400123775,-7.458595213230925,0.13797389473684218,0.2533384935389005,-1.2392289073239482,0.25337204281679204,-0.09251100000000179,0.9992944425682121,-19.543975086979437
ZTF19aanuipr,SN Ia,0.07,13,0.38461538461538464,0.6153846153846154,43.97385419998318,10.912407400086522,3.6644878499985984,0.0,1.1139433523068367,0.29563021564766484,18.66353,32.98834489984438,5,19.314873000000002,18.852647571604503,11.987685199826956,-12.118668225763832,0.6617887499999995,0.23567385920888728,-1.6034559413532066,0.5708242203370884,18.586327,43.97385419998318,8,19.102334,20.41915893007043,12.086087999865413,-7.32755375545155,0.3290617142857139,0.3855217688520093,-1.504723673782597,0.3790195877634344,0.0772030000000008,0.7501808858923491,-18.72207627359831
ZTF19aaomkvl,SN Ia,0.03961,28,0.2857142857142857,0.7142857142857143,96.70369210001081,15.944120399653912,3.5816182259263263,0.0,1.4471580313422192,0.2895442706679952,17.955791,56.85684029990807,8,18.769484,31.571654525965943,16.970104199834168,-14.997659295950978,0.6358899999999993,0.9206814461025481,-0.6194768539595872,0.4254573289039492,17.795778,96.70369210001081,20,19.25948935,49.63800359285257,13.898206000216305,-8.218393811126601,0.28194757894736805,-0.3732677817219927,-1.3259854517415133,0.16784160874880483,0.16001300000000285,0.5879490127544129,-18.19334928554849
ZTF19aanuhox,SN Ia,0.06,29,0.3103448275862069,0.6896551724137931,71.86236110003665,9.15462960023433,2.5665128964298805,0.0,1.462397997898956,0.40354922321060793,17.792738,65.8759721997194,9,18.889546444444445,51.620845455280346,11.966817100066692,-13.165982082058536,0.5843942499999999,0.4358536159132418,-1.1790709453489823,0.22198116586961283,17.98312,71.86236110003665,20,19.008789250000003,44.069991578957286,11.939756900072098,-9.478675843136852,0.22837263157894733,0.3043213815891105,-1.1135977046037835,0.19925297071917247,-0.1903819999999996,0.9166964623944954,-19.258134325445248
ZTF19aanxrkt,SN Ia,0.09,12,0.4166666666666667,0.5833333333333334,42.8981713000685,9.85791669972241,3.8998337545516817,0.0,1.0791812460476249,0.2797322038755726,18.958885,33.04025460034609,5,19.642830399999998,11.836059075095042,11.049502300098538,-8.830258533743182,0.5590580000000003,0.031042034729943758,-1.5768685224051562,0.5024613141576859,18.866095,42.89611109998077,7,19.308223714285717,7.146134067051906,17.978645800147206,-7.157252472909376,0.28763499999999986,0.21053233712440933,-1.386925861019998,0.7215278754804684,0.09278999999999726,0.7702389273315944,-18.972443620723656
ZTF19aanydko,SN Ia,0.07,13,0.46153846153846156,0.5384615384615384,62.87643519975245,15.998148099984974,5.239702933312704,0.0,1.1139433523068367,0.2067547239072991,18.542936,32.976620400324464,6,19.0401885,16.541732375572234,8.000382000114769,-12.751913940732273,0.4798813999999993,1.615055497943546,0.8816054573428049,0.320319732376017,18.55665,62.87643519975245,7,19.55839285714286,11.856204457932483,10.95449069980532,-6.197193487747357,0.4213763333333329,0.20573959582376503,-1.4393498646085108,0.21097997783608574,-0.013714000000000226,0.5244670804819147,-18.842670273598312
ZTF19aaokist,SN Ia,0.07459,37,0.43243243243243246,0.5675675675675675,65.94078700011596,8.979131900239736,1.8316885277809989,0.0,1.568201724066995,0.5611094693172972,18.178535,62.85427080001682,16,19.269488937499997,37.58575212418722,11.062974500004202,-9.533798830033584,0.3225438000000004,0.5644693480861925,-1.1456814353112177,0.21360682760129152,18.252436,65.86127310013399,21,19.095647285714286,33.56732726782305,10.921064800117165,-7.168892010679627,0.21256900000000006,0.31719403455121364,-1.3483213323381984,0.1987809136157538,-0.07390099999999933,0.954343392428121,-19.344984109286674
ZTF19aanuuen,SN Ia,0.0701,30,0.4666666666666667,0.5333333333333333,68.81688660010695,15.945023200009018,2.3729960896588604,0.0,1.4771212547196624,0.4359395125549515,18.35682,35.83474540011957,14,18.887817214285715,30.842842922836116,7.976574100088328,-13.203272822827982,0.22401369230769236,0.9411291881656728,0.10895185480648362,0.28632798664998454,18.300257,68.81688660010695,16,19.162967124999998,21.12455952870118,13.91965280007571,-7.229364456267684,0.21706266666666707,0.4111930488213833,-1.1978104864364205,0.2535583641751324,0.056563000000000585,0.5207260480752972,-19.031886163360326
ZTF19aanxosu,SN Ia,0.08,46,0.2826086956521739,0.717391304347826,84.80730320001021,10.092951299622655,1.8846067377780047,0.0,1.662757831681574,0.5424061167410693,18.282293,56.858657400123775,13,19.134387461538463,21.516579985128946,16.967303200159222,-11.176654250156252,0.3501728333333333,0.9611097076983979,0.022522965873497114,0.4253378593042173,18.292393,84.80730320001021,33,19.437958090909092,20.074879821724,20.877256900072098,-6.473522885690527,0.17912749999999988,-0.060917936235153236,-1.5164220169315743,0.32656408228023304,-0.01010000000000133,0.6704452948589565,-19.393273008486748
ZTF19aapafit,SN II,0.01860,63,0.4126984126984127,0.5873015873015873,163.69704860029742,15.959907399956137,2.640274977424152,0.0,1.7993405494535817,0.38485727469545555,17.6802,113.78966430015862,26,18.46446080769231,12.110723330070595,6.018090300261974,-6.634700050802093,0.09494696000000005,0.6208442456998122,0.528968922960344,0.05584116550313857,17.666134,163.65099540026858,37,18.189842513513515,8.42354356505262,24.910648200195283,-5.253808092060175,0.0865272222222223,1.2880226485024802,-0.03419873607366908,0.17954869439869847,0.01406599999999969,0.6953191089479427,-16.827480794616612
ZTF19aaoyjoz,SN Ia,0.0615,15,0.4666666666666667,0.5333333333333333,58.92129629990086,24.892476900015026,4.20866402142149,0.0,1.1760912590556813,0.254576883774793,18.221203,28.021157399751246,7,18.709936285714285,27.486948361303277,11.9347685999237,-21.144435156240696,0.3792756666666672,0.3689062170948133,-1.6557076458844835,0.7419172039439732,18.208282,58.901099499780685,8,18.97346225,20.302729510624978,15.977650499902666,-10.19464759921705,0.4356741428571428,0.590813575791588,-1.1469389066880806,0.3722359426417032,0.012920999999998628,0.47573233161556827,-18.883288652404115
ZTF19aaoyech,SN Ia,0.06,26,0.4230769230769231,0.5769230769230769,58.93395829992369,16.053275499958545,2.3573583319969473,0.0,1.414973347970818,0.4411717921216513,18.236874,53.00350689981133,11,19.162945363636364,30.87877223386106,11.948784700129181,-11.228038922297793,0.41940469999999974,0.8824789721726384,0.19234791907872273,0.2910453185388182,18.538109,58.895208300091326,15,19.41130293333333,22.37878397516425,12.998263800051063,-6.985125189809998,0.2734422142857146,0.20341451391728607,-1.3577874846139615,0.2832054277608755,-0.30123499999999837,0.8999629754213662,-18.813998325445247
ZTF19aaozpew,SN Ia,0.06,31,0.5806451612903226,0.41935483870967744,86.8929397999309,12.055277800187469,2.8964313266643633,0.0,1.4913616938342726,0.3567608607946379,17.125845,86.8929397999309,18,19.094357444444448,95.4471121131816,12.121539399959147,-17.966990466574362,0.3353483529411764,-0.5179383881232027,-1.3397051037217458,0.16211464992119803,17.356005,70.90567130036652,13,18.67955138461539,57.986214465597165,15.918136500287801,-18.191044048823034,0.36322325000000016,-0.45307474195576014,-0.8283113097756667,0.28948627281005174,-0.23015999999999792,1.2254723523008482,-19.925027325445246
ZTF19aaozplq,SN Ia,0.1,19,0.42105263157894735,0.5789473684210527,37.91328699979931,6.039629700127989,2.1062937222110727,0.0,1.2787536009528289,0.5011435700655703,18.627062,31.98195599997416,8,19.219696624999997,18.903432130475604,12.119236099999398,-12.999081229194783,0.3640251428571431,0.5043635097556847,-1.0136836622948222,0.6101498768058847,18.73443,37.878101899754256,11,19.30774618181818,24.44014910456882,8.930497699882835,-5.8112307718405,0.2240947000000002,-0.1369794678444004,-0.920908329829893,0.3085055895548863,-0.10736800000000102,0.84433892924771,-19.53305407352703
ZTF19aapadxs,SN IIb,0.035,26,0.38461538461538464,0.6153846153846154,66.91696760011837,17.12998850038275,2.676678704004735,0.0,1.414973347970818,0.3885412165621505,18.996222,31.12026620004326,10,19.548334399999998,15.520364939605793,12.026446799747646,-10.153826954990734,0.33959511111111124,0.83292681100858,-0.7059264636765517,0.6298607181526735,18.24075,60.99935180041939,16,19.0545889375,17.671679987717674,11.000231500249356,-8.345188652882266,0.20462546666666698,0.2526395764091199,-1.4383986841115588,0.2200085008338026,0.755472000000001,0.5101737195808906,-16.884234295278407
ZTF19aaqtyku,SN Ia,0.0234,61,0.45901639344262296,0.5409836065573771,92.92653940012679,11.066863399930298,1.5487756566687798,0.0,1.7853298350107671,0.6564324938147517,17.06601,80.95020839991048,28,18.676739928571426,96.01120366619155,11.9082524003461,-20.191618616628137,0.2735604074074076,-0.04546172478317193,-1.5475024235090495,0.1724784912006438,16.828117,92.81950230011716,33,18.315696181818186,116.36934441815171,11.886712899897248,-21.086694428243504,0.16948256250000004,-0.20408730629308725,-1.4383607830747225,0.14687141006738794,0.2378929999999997,0.8721249995304952,-17.94018536057775
ZTF19aapfmki,SN Ibn,0.05469,11,0.5454545454545454,0.45454545454545453,28.915543999988586,6.9813541998155415,2.8915543999988587,0.0,1.0413926851582251,0.380418227649611,17.386992,28.915543999988586,6,18.59332733333333,120.63102933838404,2.914537000004202,-38.72805276561292,0.5994978000000003,0.2366504782325677,-1.3078319049630542,0.11209323546607071,17.631922,25.91306719975546,5,18.8503938,0.0,0.0,-31.494903580323836,0.6909454999999998,0.33273400186432633,-1.5857085676562686,0.0,-0.2449300000000001,1.1158672872295665,-19.462663690400227
ZTF19aapafqd,SN II,0.0321,57,0.45614035087719296,0.543859649122807,129.74866899987683,15.898055499885231,2.316940517854943,0.0,1.7558748556724915,0.43931086491572496,18.471483,100.74026619968936,25,19.048015000000003,7.044511672513824,35.89319449989125,-4.724295238921011,0.1110028749999999,0.4374298623063567,-1.1803907399767115,0.5535052479478885,18.328918,108.86568289995193,30,18.7167058,7.16122181839784,35.98291670018807,-3.7382541024525824,0.07303896551724091,0.5638115048599672,-0.9920637530640799,0.4937095362374522,0.1425649999999976,0.9253629198493167,-17.221158235551393
ZTF19aapbfot,SN II,0.03,36,0.4166666666666667,0.5833333333333334,91.71376150008291,15.942731499671936,2.6203931857166545,0.0,1.5563025007672873,0.3925256080568395,18.758877,82.83215279970318,15,19.761226466666663,9.25185434652708,3.0384837999008596,-3.229808766013868,0.18184228571428637,-0.45762847669728857,-1.0894620169105633,0.03807925914408557,18.711422,91.71376150008291,21,19.124015666666665,3.837628875117671,24.877407400403172,-2.9608152857482715,0.08785895000000057,0.36117456472736764,-0.7646871752872997,0.37221371116834123,0.04745499999999936,0.9031594762322369,-16.786845347125343
ZTF19aapbgmp,SN Ia,0.08,16,0.4375,0.5625,59.97465280024335,14.996782400179654,3.99831018668289,0.0,1.2041199826559248,0.26677936849907163,18.122122,50.976794000249356,7,19.291140285714285,1.2954733828368672,12.008703700266778,-13.17834263353856,0.44239266666666605,0.26715675984581905,-1.271466616445925,0.30816762145185617,17.937769,59.95031249988824,9,19.063720333333336,26.181740433437557,6.932210699655116,-10.902196482465135,0.31484512500000017,-0.1579519954732605,-1.7012875704117403,0.13075177089091172,0.18435300000000154,0.850317402437967,-19.553444008486746
ZTF19aaphmto,SN Ia,0.08,15,0.3333333333333333,0.6666666666666666,60.89434020034969,11.043368100188673,4.349595728596406,0.0,1.1760912590556813,0.24632831147604523,18.124458,49.08197910012677,5,19.0549398,0.0,0.0,-10.611144714517067,0.7056104999999997,0.8765823431584775,-0.8110344096936961,0.0,18.100176,60.89434020034969,10,18.9400597,18.38374414581261,6.998831000179052,-9.31436091578632,0.2790259999999998,0.6621491743982548,-1.047856421768738,0.12985926107841456,0.02428199999999947,0.806018735709118,-19.551108008486747
ZTF19aapeime,SN Ia,0.02789,19,0.5789473684210527,0.42105263157894735,55.93932870030403,19.902233799919486,3.107740483350224,0.0,1.2787536009528289,0.33965370056177907,18.920513,25.150416599586606,11,19.25088627272727,17.239419388368486,6.009236099664122,-8.478683765487723,0.16793939999999985,1.235640549960895,1.0576145303067488,0.3139428155796586,17.723154,55.93932870030403,8,18.33093775,39.30672369499244,6.0250463001430035,-13.835421434611002,0.3466159999999999,1.4001102976436721,0.889084128865969,0.1207078617667068,1.1973589999999987,0.44960168782736776,-16.466845644857273
ZTF19aapfktd,SN Ia,0.09,14,0.5,0.5,58.91854159999639,17.000231500249356,4.5321955076920295,0.0,1.146128035678238,0.23761620060196564,18.210987,55.91888889996335,7,19.139045,25.602783515418732,14.916527699679136,-11.442708810998992,0.6627385000000002,0.6273778515952518,-0.8131460317144956,0.36379679762383393,18.360853,55.93886570027098,7,19.231533142857145,19.756667718083516,11.998796300031245,-8.115243063986938,0.4158076666666677,-0.06529130509908335,-1.4604499391413979,0.27307185591212974,-0.1498659999999994,0.999642881562621,-19.720341620723655
ZTF19aaozsuh,SN IIn,0.057,44,0.5227272727272727,0.4772727272727273,73.87042819987983,11.957141200080514,1.7179169348809262,0.0,1.6434526764861874,0.5956375382168365,17.465656,61.871886500157416,23,18.338893,32.99069434467614,15.976573999971151,-19.969702322335163,0.1489761818181823,0.48751593746896943,-1.3393304364057124,0.3481090579763742,17.416183,72.91623839968815,21,18.224014809523812,29.762532484714253,15.083078699652106,-17.244913228561504,0.1686389499999999,0.7744496599268738,-0.36143336920278646,0.26080329654965584,0.04947299999999899,0.8485337129023105,-19.47383435188949
ZTF19aarfyvc,SN Ic,0.09,22,0.3181818181818182,0.6818181818181818,63.8433333998546,9.963275499641895,3.0401587333264097,0.0,1.3424226808222062,0.34459353590159036,18.872217,34.80344909988344,7,19.57365885714286,2.685430539055693,9.863611100241542,-8.540872495525111,0.27147566666666734,-0.027052957523843065,-1.660110964441008,0.3954961977051804,18.63166,63.8433333998546,15,19.3342308,7.657048194245507,22.9320022999309,-6.784307861277941,0.18937292857142854,0.2424708451518009,-1.1788613340965148,0.5605293615091802,0.24055699999999902,0.5451383448590844,-19.059111620723655
ZTF19aapszzy,SN Ia,0.07,17,0.29411764705882354,0.7058823529411765,57.8304397999309,20.01418979978189,3.6144024874956813,0.0,1.2304489213782739,0.2939628344313631,17.87568,26.870428199879825,5,18.409399200000003,34.115935127068795,7.03000000026077,-27.51460529847751,0.5131717500000006,1.0355301555150949,-0.34843542126943916,0.35432703011902483,17.950033,50.96449070004746,12,18.867091666666667,0.0,0.0,-10.970356955336673,0.19192009090909032,0.41252849020579574,-1.4263874524861853,0.0,-0.07435300000000211,0.5272382364816764,-19.509926273598314
ZTF19aapnzde,SN Ia,0.07087,15,0.3333333333333333,0.6666666666666666,54.92907400010154,15.916238400153816,3.9235052857215384,0.0,1.1760912590556813,0.2730794260244087,18.241152,29.879085700027645,5,18.7230872,24.30595998303114,10.058599600102752,-16.271831220328842,0.4555327499999997,0.34683301695464963,-1.2234860656372761,0.5074850106799786,18.360199,54.92907400010154,10,19.182581,32.484127708882035,6.953946700319648,-7.639432211871164,0.3190477777777766,0.23892484771360603,-1.1256777067639407,0.14494899944436965,-0.1190470000000019,0.5439575715398445,-19.17127623733461
ZTF19aapocyd,SN Ia,0.06,20,0.3,0.7,57.89981479989365,9.140011599753052,3.047358673678613,0.0,1.3010299956639813,0.3454242482315632,17.83416,54.796342599671334,6,19.1398075,36.014701440480124,10.02210639975965,-15.349430076802248,0.7399993999999992,0.4085227867453015,-1.278122086032259,0.22383645708688646,17.931911,57.89981479989365,14,18.634672357142858,37.13477132748279,10.01590280001983,-11.607881854618428,0.22381992307692264,0.6133568887045685,-0.41067141361891757,0.20917052057163216,-0.09775099999999881,0.9463992724165327,-19.216712325445247
ZTF19aaoxvfe,SN Ib,0.0364,19,0.47368421052631576,0.5263157894736842,31.97123849997297,3.9784260001033545,1.776179916665165,0.0,1.2787536009528289,0.5942841407290513,19.499647,28.970752300228924,9,19.912108666666665,5.54634794055596,6.012893499806523,-4.99944511790428,0.20674637500000026,1.274857272829179,0.3000583169176654,0.2619100305511023,18.741459,31.9296875,10,19.177590100000003,12.117409193375032,14.036446699872613,-11.016890757946692,0.22962866666666748,0.3663717610048469,-0.8120450589013934,0.7844552508214545,0.7581880000000005,0.9073296536406416,-16.465975991772307
ZTF19aapcoqg,SN Ia,0.08264,12,0.5833333333333334,0.4166666666666667,27.96743049984798,3.9955554995685816,2.5424936818043617,0.0,1.0791812460476249,0.4290705218724054,18.622004,21.00907399971038,7,18.83684057142857,8.970157358167663,9.968414300121367,-14.790477349069672,0.16353249999999994,0.9405899670572203,-0.26620884773199416,0.9028821258291694,18.649687,25.00019669998437,5,19.010234,4.383314116737504,6.983750000130385,-9.640603175752512,0.2136490000000002,0.27289312715684816,-1.7578006021603274,0.3876319296738454,-0.02768299999999968,0.840356348065194,-19.12406361608485
ZTF19aaptwpu,SN Ia,0.07,14,0.35714285714285715,0.6428571428571429,62.0392708000727,17.02068280009553,4.772251600005593,0.0,1.146128035678238,0.22566351634138798,18.23191,18.940011499915272,5,18.555943,26.010109097037848,11.0183564000763,-15.013849777226614,0.29644775000000045,1.0458725507833624,-0.24506858061132375,1.3909159463784628,18.369455,62.0392708000727,9,19.308266333333332,20.365232359296687,17.08806709991768,-7.61186402142704,0.43879250000000036,-0.18085582023304725,-1.7214143880598112,0.38014704153203244,-0.13754499999999936,0.30529068532980047,-19.153696273598314
ZTF19aaputrv,SN Ia-pec,0.03499,15,0.4,0.6,33.938703699968755,9.955185199622065,2.4241931214263395,0.0,1.1760912590556813,0.4419732743066969,18.990969,15.940138900186867,6,19.251824,13.039705235711589,6.934537100140005,-9.976521877922517,0.19102000000000033,0.0004956315912829825,-1.298524876550434,0.7700248416606563,18.545425,33.890092599671334,9,18.804700222222223,19.7732732247495,10.014826399739832,-7.202268838888781,0.18046949999999962,0.8894211654020692,-0.6647373572794391,0.4194644916574193,0.44554399999999816,0.4703480479820658,-16.88886678594156
ZTF19aaqdkrm,SN II,0.03422,38,0.39473684210526316,0.6052631578947368,83.86085649998859,9.035983799956739,2.2665096351348266,0.0,1.5797835966168101,0.4531315513097004,17.975695,74.77140039997175,15,19.04080486666667,0.0,0.0,-7.741566988141563,0.17912349999999982,0.1309549552453531,-0.494246780268651,0.0,18.039404,83.86085649998859,23,18.629868782608696,34.873871617130405,6.985636499710381,-5.977718653615818,0.10476122727272706,0.6512699656512019,-0.14299773501978486,0.09086980823840375,-0.06370899999999935,0.8916126488641567,-17.855821099552436
ZTF19aardunx,SN Ia,0.04301,25,0.32,0.68,85.81597220012918,12.969189800322056,3.575665508338716,0.0,1.3979400086720377,0.2913210601599683,17.871952,64.75555560039356,8,19.515790125,57.0847576252071,5.006678299978375,-11.270956482374089,0.5401922857142856,-0.05884743832408,-1.7459571710659154,0.08379535358974159,17.71393,85.81597220012918,17,19.074664,38.913955440837356,19.001006899867207,-11.085590783032863,0.32083975,-0.17905196114675828,-1.459703391339609,0.2843825004544709,0.158021999999999,0.754586284350177,-18.45601128629749
ZTF19aaqxosb,SN II,0.01931,40,0.525,0.475,100.81540509965271,7.008043999783695,2.5850103871705823,0.0,1.6020599913279623,0.39676475991403615,18.367285,97.94273149967194,21,19.315119714285714,0.0,0.0,-3.656990420074953,0.1126597499999999,-0.42940409841102023,-0.890463819310332,0.0,18.044897,90.85796299995854,19,18.44308484210526,28.05681368209292,5.972661999985576,-3.6307972632749266,0.08574883333333341,-0.4832266159916166,0.25073377141798225,0.07036155765045209,0.3223880000000001,1.0779763079182902,-16.221742442424006
ZTF19aaraxhh,SN Ia,0.04129,29,0.5517241379310345,0.4482758620689655,49.99814820010215,8.946400399785489,1.7856481500036483,0.0,1.462397997898956,0.5800214816744103,18.128685,37.06331009976566,16,18.97472475,26.061029815930137,10.225786999799311,-18.4223113365898,0.20941479999999993,0.8554217233368647,-0.6015145224319038,0.38102573630619935,17.87587,49.99814820010215,13,18.700346615384614,39.362127606366606,13.941342600155622,-15.010891077637488,0.2948741666666675,-0.02377016496278044,-1.5347208798665706,0.3866494096797165,0.2528150000000018,0.7412936565456625,-18.11065548790054
ZTF19aarinmw,SN Ia,0.05,14,0.5,0.5,57.81285879993811,12.001053200103343,4.447142984610624,0.0,1.146128035678238,0.24216065924792127,17.746426,42.79152779979631,7,18.726991857142856,40.98557504530519,13.996932900045067,-24.50338383422464,0.6221488333333335,0.44035425004753576,-1.2168051471225971,0.4860958436392514,17.684744,53.90078700007871,7,18.486843,29.22259741417633,10.007314799819142,-15.191332283420747,0.35985866666666705,0.2511408768383095,-0.8795930543202024,0.22799095852252863,0.061682000000001125,0.7938943043583728,-18.908540095207123
ZTF19aarfksi,SN Ia,0.0798,20,0.45,0.55,59.90730320010334,9.946747700218111,3.153015957900176,0.0,1.3010299956639813,0.3338491124061398,18.340218,37.02454870007932,9,19.142203444444444,6.264575147276303,5.020277800038457,-11.923919677058207,0.25295762499999963,0.4013597541040918,-1.3967896989145707,0.15686274546663853,18.471699,59.90730320010334,11,19.19614681818182,20.810391037302015,12.927314799744636,-6.805407882666852,0.28751859999999957,0.04458895305485104,-1.2103974675266846,0.27516641105952105,-0.13148100000000085,0.6180306360379689,-19.329912530280673
ZTF19aariwpf,SN Ia,0.072,20,0.35,0.65,42.88841440016404,15.932604200206697,2.257284968429686,0.0,1.3010299956639813,0.4663264025895885,18.683083,16.04233800014481,7,18.93711571428572,24.412563053385426,4.000694500282407,-11.47765186768376,0.16342050000000027,0.3152571229374925,-1.5334638968194982,0.3322382447485779,18.66457,42.88841440016404,13,19.31677546153846,13.52312895460704,12.935532399918884,-8.640479888596897,0.24114033333333248,0.6929935500401182,-0.7806428109228074,0.43186269687881823,0.01851299999999867,0.37404828843668914,-18.763695555683373
ZTF19aassqix,SN Ia,0.05,12,0.5,0.5,48.988206000067294,15.96209489973262,4.45347327273339,0.0,1.0791812460476249,0.24495691881395934,18.301945,48.93443290004507,6,19.68491383333333,22.528225593828836,13.939467600081116,-12.059271610967128,0.7242619999999995,-0.2877747764966634,-1.4383065593288042,0.39832780174511206,18.162132,40.98362260032445,6,18.827509999999997,17.35647664498737,5.896875000093132,-9.850885523071355,0.2647738000000004,-0.5837243826320797,-1.295246226147665,0.1680655918092065,0.1398130000000002,1.1939996953724064,-18.353021095207122
ZTF19aaqxcfs,SN Ia,0.08,16,0.5,0.5,49.05091439979151,16.9495254997164,3.270060959986101,0.0,1.2041199826559248,0.326191676460735,18.133942,26.01071760011837,8,18.493739375,32.40320331697366,9.029722299892455,-18.027938965406104,0.23881114285714286,0.5839125914605798,-1.1232141593149834,0.5317545962557522,18.394377,46.062638899777085,8,18.963029499999998,37.05036309848272,3.183564799837768,-7.287156109115973,0.24170185714285758,0.31747214883438435,-1.4419546484497376,0.07424518524858431,-0.26043499999999753,0.5646814472942462,-19.541624008486746
ZTF19aarifvr,SN Ia-91T,0.071,18,0.5,0.5,62.90888890018687,9.881261500064284,3.7005228764815805,0.0,1.255272505103306,0.2861280864228796,17.923279,44.88820610009134,9,18.982069555555558,32.64353366853475,9.090266200248152,-16.477804411179473,0.356306875,0.10175445327775622,-1.6257541982282013,0.2539326627644283,18.857145,31.89623840013519,9,19.358009555555554,0.0,0.0,-6.088974849357978,0.15752387500000076,0.3048989008448273,-1.6026721022917692,0.0,-0.9338659999999983,1.407319745261908,-19.493128817122404
ZTF19aarhxgn,SN Ia,0.033,15,0.4666666666666667,0.5333333333333333,81.98707180004567,26.97792820027098,5.856219414288977,0.0,1.1760912590556813,0.18295567423828454,16.953814,43.02781250001863,7,17.98025857142857,94.85808766783956,14.987094999756664,-48.017244034797045,0.6598466666666661,-0.06253714879157202,-1.6579684352637274,0.5344761595211196,16.861694,81.87744210008532,8,18.01334725,129.65517855957395,11.870497699826956,-22.39821904889382,0.617129285714286,0.16025388756441283,-0.708053224983916,0.16956171707707254,0.09212000000000131,0.5255148597268379,-18.798871772916463
ZTF19aarfkch,SN IIb,0.051,51,0.3137254901960784,0.6862745098039216,102.03412030031905,11.119039400015026,2.040682406006381,0.0,1.7075701760979363,0.49983279955656684,18.88017,73.95590270031244,16,19.6724319375,0.04906395966408631,22.025451300200075,-4.685601106793973,0.19146540000000012,0.37638002889422945,-1.3263547182226798,0.4241336384792607,18.66931,98.88373839994892,35,19.49163037142857,1.834577176380611,21.937245399691164,-3.4355897812963114,0.11530988235294155,0.011487863669133508,-1.273196891539309,0.2850974039793818,0.21086000000000027,0.7479076327109275,-17.817796954016714
ZTF19aarlefl,SN Ia,0.04346,42,0.42857142857142855,0.5714285714285714,103.71523150010034,13.028310199733824,2.529639792685374,0.0,1.6232492903979006,0.40495498484192616,16.651844,100.74395840009674,18,18.792738944444444,105.42086055022759,11.8336227000691,-23.573301345772403,0.27401247058823525,-0.7367627357439637,-1.0126942178420266,0.13309614238770015,16.72389,94.79836810007691,24,18.525637958333334,19.591921620205582,2.961261599790305,-21.059660840246625,0.15131330434782606,-0.4583060390676797,-0.9331663173696887,0.03224471798641722,-0.07204600000000028,1.0627182768984291,-19.698720683449555
ZTF19aapzbjr,SN IIn,0.0305,42,0.4523809523809524,0.5476190476190477,105.95106479991227,8.940995400305837,2.5841723121929823,0.0,1.6232492903979006,0.3964094186246892,18.031204,95.97353010019287,19,18.472783263157893,12.879901488208871,37.00085650011897,-5.665717265662611,0.14411566666666648,1.3491926358763857,1.247558581564257,0.6274237581806466,17.990732,92.95260410010815,23,18.448803304347827,11.453757234514423,46.951365699991584,-4.543482445742765,0.13977868181818193,1.6065217751241925,1.6334094515676219,1.020654385249607,0.04047199999999762,1.0324996381686224,-17.550411270260955
ZTF19aarixue,SN Ia,0.07,20,0.35,0.65,57.91752320015803,13.958842600230128,3.0482906947451593,0.0,1.3010299956639813,0.34531863406661406,17.863995,36.99616889981553,7,18.65514185714286,35.26622522192343,6.16224529966712,-19.3044318350912,0.38866649999999997,0.41331897877537,-1.5197536927602555,0.1998527783741885,17.930285,57.91752320015803,13,18.482225923076925,36.44938929959225,11.994525500107557,-11.554055891706268,0.24085424999999963,0.7047641916219038,-0.5921678759881543,0.2611877730293372,-0.06629000000000218,0.6387733255091023,-19.521611273598314
ZTF19aarprog,SN Ia-91T,0.0542,22,0.5454545454545454,0.45454545454545453,63.72348379995674,14.098923600278795,3.0344516095217493,0.0,1.3424226808222062,0.3452416391587011,17.482742,63.72348379995674,12,19.110445999999996,72.68675370294902,11.835277799982578,-18.024841576602103,0.4350563636363638,-0.7710734227039467,-0.692730992495052,0.22809186735013484,17.511087,55.77278929995373,10,18.3965238,39.02335894734272,20.798992999829352,-21.449192268199443,0.37794566666666657,0.1089350613898267,-0.6985260481182629,0.5947021827812093,-0.02834500000000162,1.142555081067276,-19.34737050621896
ZTF19aarmznp,SN Ia,0.05123,20,0.45,0.55,64.93641209974885,15.902303200215101,3.4177058999867818,0.0,1.3010299956639813,0.30799361026103494,17.312319,42.91879629995674,9,18.29766488888889,67.61736206080052,14.920543999876827,-35.553069508092996,0.5028580000000007,0.048442715284227625,-1.6043451195646028,0.5329098345125721,17.450468,64.93641209974885,11,18.444685999999997,59.05736045211893,14.951134299859405,-17.512634093008096,0.3979509,0.12566886109216174,-1.2826004654135819,0.29911075736569126,-0.13814900000000208,0.6609357510240812,-19.395418852908737
ZTF19aartuev,SN Ia,0.05344,17,0.47058823529411764,0.5294117647058824,43.9586227000691,16.95774309989065,2.7474139187543187,0.0,1.2304489213782739,0.38672731209054184,17.559837,43.936782400123775,8,18.3620445,49.34689346785342,9.043622700031847,-24.149029507542252,0.44182485714285696,0.996876137629539,-0.5475961485091525,0.2591803888716911,17.742874,43.91446760017425,9,18.35995611111111,43.71792947961499,8.951944500207901,-15.762081156917374,0.2580182500000001,-0.07918428800981171,-1.534302016648004,0.25604400673864747,-0.18303699999999878,1.0005081423314224,-19.239611320864476
ZTF19aartuli,SN Ia,0.05,15,0.3333333333333333,0.6666666666666666,70.9200578997843,17.938391199801117,5.065718421413164,0.0,1.1760912590556813,0.21150574949045017,17.249212,36.93725699977949,5,18.0516388,108.98268435595133,9.044525499921292,-34.91381146908385,0.8164317500000005,0.10960406014232467,-1.750956295930717,0.32426101760479326,17.378134,70.87590279988945,10,18.5172289,46.39770225270803,18.954710700083524,-18.64393659661049,0.42782911111111155,-0.29654929933116336,-1.1810822118623232,0.3650669395966041,-0.12892199999999931,0.5211539541735066,-19.405754095207122
ZTF19aariwfe,SN II,0.03590,19,0.47368421052631576,0.5263157894736842,67.96306709991768,16.963217599783093,3.7757259499954268,0.0,1.2787536009528289,0.2795636043333161,18.355074,67.96306709991768,9,19.304309333333336,0.0,0.0,-4.433727948400789,0.2555081250000004,-0.9096892839046623,0.33177741751945966,0.0,18.399824,61.94214119995013,10,18.5902145,0.0,0.0,-1.599068756438761,0.08121811111111062,-1.3335065130371262,0.5649876716707225,0.0,-0.04475000000000051,1.0972024179876494,-17.580514316418633
ZTF19aatlqdf,SN II,0.0785,42,0.40476190476190477,0.5952380952380952,85.93783569987863,9.975821699947119,2.0960447731677716,0.0,1.6232492903979006,0.48872536360674623,18.61597,85.77890049992129,17,19.26380152941177,6.735889081604599,9.81462959991768,-3.2006579356393874,0.11853399999999947,-0.08023853007937226,-0.9708348193251815,0.12920060291024543,18.723886,85.91833329992369,25,18.984275120000003,8.619103759702316,11.979085699655116,-1.6368411233127311,0.06937991666666694,0.10126501392519723,-0.8333310190283107,0.16201254527793713,-0.10791599999999946,0.9983771472903732,-19.018494357253285
ZTF19aatesgp,SN Ib,0.0043,23,0.4782608695652174,0.5217391304347826,69.99122680025175,11.974294000305235,3.181419400011443,0.0,1.3617278360175928,0.3286126140586133,17.278826,52.01640040008351,11,18.904404727272723,67.37726155998261,3.0429282002151012,-22.982791938932664,0.30282829999999983,-0.6878331844386956,-1.0523712091965065,0.0621342139637646,16.77814,50.90104160038754,12,17.75829183333333,0.0,0.0,-33.418809484674576,0.205193,0.4151509147062761,-0.6029700823196116,0.0,0.5006859999999982,1.0219122981500535,-14.04863235142496
ZTF19aatgxjy,SN II,0.04,44,0.3409090909090909,0.6590909090909091,98.80217589996755,8.022800900042057,2.297725020929478,0.0,1.6434526764861874,0.4453343218326273,17.186707,82.89126159995794,15,19.5020578,0.0,0.0,-15.567623909653669,0.2841793571428572,-0.6898689227225124,-0.3599773613061319,0.0,17.444536,98.80217589996755,29,18.80176627586207,16.360007773908098,6.9677546001039445,-10.56997665751661,0.11216971428571451,-0.13588160589222456,-1.469410891731497,0.07587301690890377,-0.257829000000001,0.8389619038742766,-18.983709030166843
ZTF19aatgwhs,SN Ia,0.04102,71,0.43661971830985913,0.5633802816901409,109.73032410023734,14.895902799908072,1.567576058574819,0.0,1.8512583487190752,0.6470408301641609,17.023369,109.67609960027039,31,19.305822387096775,117.67210393292248,10.981921300292015,-15.19497133636587,0.2287122,-0.5692657572446405,-0.7121865807021592,0.11127222992741023,17.238417,94.75145830027759,40,18.604383825,96.42904253919633,10.977708300109953,-14.367353789462776,0.14869671794871783,0.23572245895308472,-0.9422775952765043,0.13103995344708796,-0.21504799999999946,1.1575135788696254,-19.20172535368877
ZTF19aatheus,SN Ic,0.01836,30,0.6,0.4,94.81861109985039,14.09155090013519,3.269607279305186,0.0,1.4771212547196624,0.3163935819351749,16.889538,94.81861109985039,18,19.030288,0.0,0.0,-17.696130819939075,0.222451588235294,-0.8353313652611978,-0.5037027172689945,0.0,16.430668,44.95408570021391,12,17.702320416666666,73.55145195490502,9.78577549988404,-68.02015277470512,0.25352599999999953,-0.11864688205548404,-1.433051677651522,0.27825549320229354,0.458870000000001,2.1092323339010584,-17.589941457853143
ZTF19aatgrpm,SN Ia,0.08033,29,0.4827586206896552,0.5172413793103449,52.94792830012739,9.964849600102752,1.8909974392902638,0.0,1.462397997898956,0.5477079260895318,18.0776,36.96538199996576,14,19.392312785714285,29.540302976651045,16.92349540023133,-25.04633539087602,0.3325219230769228,-0.49483026447815986,-0.4898107588942908,0.8444063045669356,18.88433,49.94787039980292,15,19.428478333333338,31.268878410153746,3.957638899795711,-4.107092064685581,0.1453208571428569,0.48330848232053164,-0.27512852087355144,0.0860539025509165,-0.8067299999999982,0.74007924069795,-19.606904908344045
ZTF19aasmkhn,SN Ia,0.1,15,0.4,0.6,40.934849499724805,10.919455999974161,2.9239178214089145,0.0,1.1760912590556813,0.36643593865175544,19.059431,37.95480319997296,6,20.047380333333333,20.018733458956618,8.002604099921882,-6.656177469532621,0.6388782,-0.3182548615494896,-1.3701374003655686,0.26717918351137815,18.964365,35.933182899840176,9,19.45140677777778,6.374410030913982,10.976678300183266,-6.315885799254146,0.21096199999999943,0.018222226581817436,-1.476058074856538,0.43983235938955045,0.0950659999999992,1.0562605407310515,-19.10068507352703
ZTF19aathllr,SN II,0.055,30,0.36666666666666664,0.6333333333333333,91.70422449987382,9.912557899951935,3.1622146379266836,0.0,1.4771212547196624,0.3271386914137339,18.424824,54.8565857000649,11,19.471498090909094,21.139360689064855,10.977905100211501,-8.494951861283552,0.3098590999999999,0.1724671122438234,-0.867758161661552,0.25018767542997133,18.394224,88.80754629988223,19,19.225907105263158,11.96373255166956,8.01704870024696,-4.407319561635005,0.1333152777777775,0.13783837492383066,-1.4411341212272533,0.09923256989920004,0.03059999999999974,0.6177018506380876,-18.437105520998244
ZTF19aarphwc,SLSN-I,0.3057,65,0.4153846153846154,0.5846153846153846,97.85295139998198,10.912268499843776,1.5289523656247184,0.0,1.8129133566428555,0.6642620285851897,18.568035,91.8380092997104,27,19.16170177777778,6.217699955608372,35.72733799973503,-5.621492763055648,0.12926892307692292,1.000345444060116,-0.1974402635236574,0.6367298264661951,18.648075,97.85295139998198,38,19.192572578947367,4.931860569788622,44.91359949996695,-4.9117758621611225,0.0895042702702704,0.45934685497150946,-0.9738267057716583,0.848397229811085,-0.08004000000000033,0.9385308055177098,-22.018558267157477
ZTF18aaxokeg,SN Ia,0.0336,23,0.391304347826087,0.6086956521739131,54.98864579992369,9.765729200094938,2.499483899996531,0.0,1.3617278360175928,0.4182681654624766,18.157785,51.80164360022172,9,19.385900444444445,23.353655788621303,9.826562500093132,-11.558296483317815,0.3726506249999999,-0.11753083013926992,-1.6979450640917666,0.23410466978378341,17.706144,54.98864579992369,14,18.724281785714286,35.95457919516054,9.961388899944723,-15.52882664650628,0.21785953846153916,0.14795758431717368,-1.1509320357513464,0.22123019668003308,0.4516410000000022,0.9420425407219906,-17.63402746047625
ZTF19aatgznl,SN Ia,0.0671,21,0.38095238095238093,0.6190476190476191,56.9207406998612,10.027349600102752,2.84603703499306,0.0,1.3222192947339193,0.36893406062179385,18.15105,37.81695600040257,8,19.215233125,34.81879287710953,9.874942100141197,-16.9205683945265,0.45892614285714217,-0.15489016237991596,-1.6234199700141099,0.3534083883641911,18.279121,56.9207406998612,13,19.122158615384617,23.30236592985971,13.043356500100344,-9.170425794096358,0.24968449999999986,0.3476151820706121,-1.0206168468774914,0.2972683248554146,-0.1280709999999985,0.6643791970278206,-19.14267867437199
ZTF18aaqkdwu,SN II,0.06037,38,0.42105263157894735,0.5789473684210527,88.94075230043381,25.028055500239134,2.403804116227941,0.0,1.5797835966168101,0.4272507148538551,18.639782,34.786099599674344,16,19.2802143125,36.13407766773393,5.862916700076312,-8.89220004230662,0.20921179999999923,0.015104334532817213,-1.5547890958533888,0.20270648359927887,18.70385,88.94075230043381,22,19.41733531818182,2.759315086202861,88.94075230043381,0.0,0.2329843809523815,-0.24795045467996804,-0.7205028703818939,889.4075230043381,-0.0640679999999989,0.3911154189720596,-18.424439952794398
ZTF19aatqzim,SN II,0.05007,25,0.4,0.6,61.78503469983116,6.949050999712199,2.574376445826298,0.0,1.3979400086720377,0.40462872799953803,18.517712,50.79365739971399,10,19.3444652,56.49037687475112,5.859259199816734,-6.951884711704227,0.41767511111111116,0.5786606834424355,-0.6825914226347773,0.13039585338944476,18.67207,59.92802090011537,15,19.183075600000002,20.03446774711319,7.922789399977773,-4.370702823990478,0.13456992857142833,0.13266785818204768,-0.8369340777161005,0.15234600772725743,-0.154358000000002,0.8475777547263572,-18.140292030521582
ZTF19aatgrxl,SN Ia,0.062,15,0.3333333333333333,0.6666666666666666,47.932742999866605,12.027210699860007,3.423767357133329,0.0,1.1760912590556813,0.31293848549501424,17.909712,29.015219899825752,5,18.594702199999997,24.73161078892496,13.94987259991467,-32.852538568973216,0.5371682500000006,-0.027506223089533353,-1.4589942858502127,0.9259575847944113,18.102755,47.932742999866605,10,18.9171816,30.557418039393028,12.024837899953127,-11.459725100606327,0.2883547777777784,-0.6825217703901008,-0.4384065766585006,0.3348799621279522,-0.1930429999999994,0.605331931450418,-19.2123625210183
ZTF19aatgrxv,SN Ia,0.04,16,0.5,0.5,52.947013900149614,16.001967600081116,3.529800926676641,0.0,1.2041199826559248,0.30218890210076205,17.69612,36.93481480004266,8,18.807201374999998,86.2824680588592,6.937997700180858,-23.89068496816413,0.49919414285714275,-0.1770346931516585,-0.9982803786258581,0.23129112922493442,17.932243,49.947291700169444,8,18.706324374999998,46.656063086785366,3.958009200170636,-11.184701904142784,0.27509342857142877,0.1950982405979353,-0.9730983945976632,0.08606373017823749,-0.2361229999999992,0.7394758262722253,-18.47429603016684
ZTF19aathcvn,SN Ia,0.04,35,0.45714285714285713,0.5428571428571428,91.76760420016944,10.919455999974161,2.699047182357925,0.0,1.5440680443502757,0.38139821024046494,17.28997,85.82877320004627,16,19.038665125,80.75260539737764,8.057106500025839,-14.684167995482243,0.26302186666666666,-0.24592325620038322,-1.0389929513230827,0.10359950920305687,17.404419,91.76760420016944,19,18.60920231578947,79.68831516801481,10.976678300183266,-12.216547313793575,0.23861583333333314,0.22426629203768883,-1.1342951321442531,0.13586523706600007,-0.11444900000000047,0.9352840138752123,-18.88044603016684
ZTF19aaugoig,SN Ia,0.0509,21,0.42857142857142855,0.5714285714285714,60.024872600100935,9.890891199931502,3.001243630005047,0.0,1.3222192947339193,0.3498549699539835,17.867289,50.027835600078106,9,18.966539555555553,25.471413971845394,16.021701300051063,-18.42275907428178,0.4015552499999999,0.3106631305689291,-1.076770886735179,0.4711415051971468,18.069296,60.00513890013099,12,18.74339858333333,49.999497361983764,6.111076400149614,-8.082104279295441,0.20305699999999985,0.11499048864854716,-0.6881283349792437,0.11339053165924773,-0.20200700000000182,0.833725852769735,-18.826415985210822
ZTF19aauhwbp,SN Ia,0.03942,12,0.4166666666666667,0.5833333333333334,36.1144560999237,12.063692099880427,3.2831323727203365,0.0,1.0791812460476249,0.3322769133445527,17.931293,21.03287039976567,5,19.374837,0.0,0.0,-27.865911210342826,0.5578767500000001,-0.8906260189574884,-0.5536572625268512,0.0,18.371605,36.1144560999237,7,18.87247357142857,9.360934488129168,18.116666699759662,-17.10807722796027,0.29634600000000094,0.659972310441303,-0.5476290048375638,1.006605105602277,-0.4403119999999987,0.582394771267512,-18.20740617324415
ZTF19aauguzk,SN Ia,0.0536,16,0.375,0.625,41.990520799998194,12.02170140016824,2.799368053333213,0.0,1.2041199826559248,0.38103837950018205,18.064634,27.988055599853396,6,18.821487666666663,37.2700767004294,9.97298609977588,-24.449933419532584,0.5063941999999997,-0.19401515691822235,-1.4109927023043323,0.5535913197411183,18.206745,41.9786110999994,10,18.640115799999997,41.84672830852178,6.062615799717605,-8.457345849067156,0.22224499999999933,0.10112982035853288,-0.8296750545742486,0.16879988286639624,-0.14211099999999988,0.6667218106187843,-18.741306021990876
ZTF19aauisdr,SN II,0.0433,20,0.45,0.55,47.96862269984558,8.979988399893045,2.524664352623452,0.0,1.3010299956639813,0.4169392172284401,18.629658,40.962418999988586,9,19.316158111111108,12.717473533359943,11.978634299710393,-10.092930580004376,0.31547862500000035,0.852619776553737,-0.19408767267606875,0.413287444120278,18.65469,47.96862269984558,11,19.542277636363636,15.345843832839988,16.04216430010274,-8.368164617803245,0.2969555000000003,-0.15992669031758727,-1.4575929220222208,0.5024724038990793,-0.0250319999999995,0.8539419456819312,-17.712897555293857
ZTF19aaugaam,SN II,0.05,32,0.5,0.5,79.9502661996521,15.95273149991408,2.5790408451500677,0.0,1.505149978319906,0.4002488236885851,17.98308,79.94769669976085,16,19.0908503125,19.79913240664607,4.942662000190467,-6.857501383050421,0.16046019999999953,-0.4248396536750157,-1.292346357476664,0.0658977363318089,18.000889,79.91694450005889,16,18.267253875,8.086747961197638,26.922835699748248,-4.384835004630718,0.06851000000000008,-0.08840362537716988,-1.4698067079403252,0.5080345024990859,-0.01780899999999974,1.0003848019953008,-18.67188609520712
ZTF19aauitks,SN Ia,0.098,20,0.4,0.6,47.96681720018387,9.944676000159234,2.5245693263254667,0.0,1.3010299956639813,0.4169549110697162,18.89348,32.95886570028961,8,19.502026625000003,12.524123038432688,15.958854200318456,-9.16134173090717,0.32626285714285685,0.31579972721060107,-0.7867339221393155,0.938755494391609,18.959007,47.96681720018387,12,19.6331725,11.932509009146475,16.039363500196487,-5.287335242696574,0.2343989090909088,0.10561463050786632,-1.1477308451437587,0.5023690160484933,-0.06552699999999945,0.6871180458511487,-19.222766451989504
ZTF19aaujiwc,SN Ia,0.038,25,0.4,0.6,59.92269679997116,11.917152799665928,2.496779033332132,0.0,1.3979400086720377,0.417204186978648,17.439135,44.91878479998559,10,18.449611200000003,85.63462205105729,3.960011600051075,-23.448056471740426,0.33453344444444455,0.5450383188570785,-0.8469140966282005,0.09668286646967754,17.23565,55.8984953998588,15,18.13418406666667,0.0,0.0,-17.977468470942593,0.13586450000000003,0.16341309722990327,-1.2473907704436105,0.0,0.20348500000000058,0.8035777077480881,-18.619899056611082
ZTF19aaupkev,SN Ia,0.09,28,0.35714285714285715,0.6428571428571429,67.89918990014121,14.039687499869615,2.514784811116341,0.0,1.4471580313422192,0.4123760539879691,18.277164,46.93674770044163,10,19.288250199999997,21.836035809527576,16.06288200011477,-13.714262558993555,0.39519444444444496,0.1145684787208344,-1.5236487495396926,0.520274401528692,18.359032,66.89978009974584,18,19.17198133333333,16.912500685223925,17.97329859994352,-7.667035153670397,0.18606835294117666,0.19281108950783943,-0.7348976920026282,0.3673531807108618,-0.08186800000000005,0.7015979369507666,-19.654164620723655
ZTF19aaulzvc,SN Ia,0.07,23,0.2608695652173913,0.7391304347826086,55.9174537002109,7.982175999786705,2.541702440918677,0.0,1.3617278360175928,0.41132058915467484,19.091076,31.945196699816734,6,20.060347666666665,13.424093728432199,4.072754600085318,-6.548085875346509,0.3977179999999997,-0.24393036718463773,-1.5341204141113427,0.14612119689808464,18.58864,55.9174537002109,17,19.547131529411764,22.481345428003983,14.000219900161028,-6.966149818351574,0.2515392500000002,0.20874708650587934,-1.1614758470635382,0.3339967510008824,0.5024359999999994,0.5712920490100258,-18.294530273598312
ZTF19aauivtj,SN Ia,0.07,15,0.3333333333333333,0.6666666666666666,48.94484949996695,15.95273149991408,3.496060678569068,0.0,1.1760912590556813,0.30646738427523673,18.455563,45.955717499833554,5,19.3125878,12.563333650268776,20.99856479978189,-14.101955611328432,0.7867892499999991,0.5995652083309422,-0.7703935571992342,0.8413846343833292,18.48209,48.94484949996695,10,19.0336631,12.768668528944595,20.956469899974763,-9.057457418412504,0.24931444444444473,0.24736737747582005,-1.0155015715813587,0.7487560980479419,-0.02652699999999797,0.9389285689777142,-18.93004327359831
ZTF19aaurxsa,SN Ia,0.052,20,0.45,0.55,41.95434019993991,6.0283101997338235,2.20812316841789,0.0,1.3010299956639813,0.47670872440579215,18.177649,32.85906249983236,9,19.168184888888888,0.0,0.0,-14.431905129979567,0.29376099999999994,0.39622136791942014,-1.1759346438786613,0.0,18.113508,41.95434019993991,11,18.753018454545455,1.0869237182612668,4.938784699887037,-11.78501698411472,0.16109089999999995,0.4725987087816893,-0.6648921448788996,0.13342457334943908,0.06414099999999934,0.7832100884732642,-18.56248379170103
ZTF19aauoulb,SN Ia,0.05362,12,0.4166666666666667,0.5833333333333334,38.01165510015562,12.016550899948925,3.4556050091050565,0.0,1.0791812460476249,0.3156926465943566,17.956444,20.957337900064886,5,18.757328,48.66257370925847,2.940868000034243,-27.851916118159334,0.45865774999999953,-0.07440818736707189,-1.569256801270494,0.16323219900193883,18.454569,38.01165510015562,7,18.884384571428573,61.80233818832172,2.047800899948925,-7.914686402560546,0.28343566666666636,1.4609780139713175,1.2305905141576003,0.05694052947020221,-0.49812499999999815,0.5513397889369749,-18.850306121761324
ZTF19aauplxw,SN Ia,0.087,23,0.43478260869565216,0.5652173913043478,29.022673700004816,8.996724599972367,1.3192124409093098,0.0,1.3617278360175928,0.7924838434164039,18.848063,26.046446799766272,10,19.5143832,27.021087404113594,3.019363499712199,-8.724507021934432,0.1907738888888891,0.3129099990856991,-1.16416032090763,0.13112227286315106,18.96136,28.980196800082922,13,19.324133384615386,7.609115139433869,12.019699099939317,-6.183925869447851,0.11791225000000043,-0.07550197374599395,-0.7329241266762256,0.7086878765260258,-0.11329699999999931,0.8987670780652444,-19.009649336620118
ZTF19aaupkrl,SN Ia,0.03666,25,0.48,0.52,87.02348379977047,13.895358799956739,3.625978491657103,0.0,1.3979400086720377,0.28727877704277727,16.914663,77.96138889994472,12,18.724698916666668,86.69397789447831,17.00722219981253,-25.065577897230284,0.47823718181818137,-0.8625080716730319,-0.8319903575892424,0.27901656474906167,17.00669,75.88876160001382,13,18.142732846153848,7.335128972255867,5.916747699957341,-20.195202411254286,0.22189325000000024,0.0683204406958095,-1.4838814140330614,0.08455877386076728,-0.09202699999999808,1.027311386511419,-19.06641537665801
ZTF19aauhhjy,SN Ia,0.0682,17,0.35294117647058826,0.6470588235294118,49.98378469981253,12.02170140016824,3.123986543738283,0.0,1.2304489213782739,0.34011029981216606,18.481043,25.985277799889445,6,19.0058705,22.401373952416883,4.974270799662918,-12.243777895578503,0.28870640000000025,0.1762625199787392,-0.8204804487493043,0.23674594937830865,18.591125,49.98378469981253,11,19.030030818181817,11.153888823368984,21.982777799945325,-7.344619425157543,0.23469339999999939,0.9163205103839595,-0.09392385753870647,0.7850709754315862,-0.11008200000000201,0.5198741543072248,-18.84799494680943
ZTF19aaurhox,SN Ia,0.07,62,0.41935483870967744,0.5806451612903226,74.83689819974825,9.140474500134587,1.2268343967171844,0.0,1.792391689498254,0.8284683290121793,18.0936,67.74773150030524,26,19.292293076923077,29.61009038829508,15.900902800261974,-10.20134783911619,0.18685255999999995,0.22211660890218846,-1.1714109543559017,0.30668997890412353,18.150831,74.83689819974825,36,19.15440577777778,28.372239607780116,15.927789399866015,-8.207199720573541,0.145404085714286,0.2442676832197221,-1.0256375277263783,0.27037905893252717,-0.057231000000001586,0.9052717727487687,-19.292006273598314
ZTF19aaumvig,SN Ia,0.049,31,0.3548387096774194,0.6451612903225806,74.82940969988704,12.980601800139993,2.4943136566629014,0.0,1.4913616938342726,0.41427561869496876,17.921848,58.86325229983777,11,19.276209363636365,30.13282441129669,15.884189799893647,-13.963314528623583,0.42906200000000005,-0.11788390008047708,-1.281224467106355,0.36957971802931483,17.767872,74.82940969988704,20,18.74935475,34.45689455489641,15.95342590007931,-11.4997935131255,0.18581326315789456,0.2143714734677061,-0.6955731815032018,0.2709666127079037,0.1539760000000001,0.7866325891907527,-18.689248473669597
ZTF19aaujzqh,SN Ia,0.0426,54,0.5,0.5,109.76650470029563,8.889178300276399,2.0710661264206722,0.0,1.7323937598229686,0.4919533526866012,16.935371,109.70450240001082,27,19.112562259259263,84.08978333537479,15.90418990002945,-17.265711034107287,0.2474987307692308,-0.7297880446113878,-0.8737842582858195,0.16955369844884693,17.064194,106.75616900017485,27,18.350752592592592,75.61556423649893,15.911111100111157,-15.453823846407387,0.18565838461538456,0.28770814838339986,-0.9332054129587997,0.17514558819054923,-0.12882300000000058,1.027617452250756,-19.371793069040624
ZTF19aaurstb,SN Ia,0.05,24,0.4166666666666667,0.5833333333333334,37.85262730019167,4.934942100197077,1.6457664043561595,0.0,1.380211241711606,0.6340378914696491,18.0351,32.80681709991768,10,19.3719791,0.0,0.0,-16.819188899529227,0.3580777777777777,-0.05763723949133712,-1.431963675460212,0.0,17.826714,35.9466551002115,14,18.862025785714287,0.0,0.0,-16.63452575896291,0.17693792307692283,-0.28455316410798426,-1.1904546502301885,0.0,0.20838600000000085,0.9126528465154649,-18.619866095207122
ZTF19aauqwna,SN IIP,0.041,64,0.3125,0.6875,89.72964120004326,9.123576399870217,1.4242800190483058,0.0,1.806179973983887,0.7132537157628703,18.879246,80.85819440009072,20,19.738108699999998,2.5922434263907954,15.954930500127375,-3.4556994103971252,0.14950936842105228,-0.1034262201493017,-0.8958500979120347,0.24582631968584842,18.517443,87.92581019969657,44,19.11959618181818,13.25589329169992,9.123576399870217,-3.6523304230095217,0.09701806976744216,0.22608122636599753,-0.6201210661772927,0.11577814434862278,0.3618029999999983,0.9196184171228685,-17.34478935712571
ZTF19aauqywe,SN Ia,0.058,11,0.45454545454545453,0.5454545454545454,28.84994209976867,11.00067129964009,2.884994209976867,0.0,1.0413926851582251,0.38128326088003495,18.993164,25.93207179987803,5,19.616877199999998,4.423923029434007,11.062696799635887,-12.11378626088648,0.39684425,0.2591549162115923,-1.523745146757668,0.7439920507389002,18.495028,17.84927080012858,6,18.939438333333335,0.0,0.0,-9.561294193441748,0.16562380000000018,-0.5840696896642225,-0.9830802567031123,0.0,0.4981359999999988,1.452836482243926,-17.98409204134171
ZTF19aauxxgk,SN II,0.026,110,0.2909090909090909,0.7090909090909091,168.80314819980413,11.052870400249958,1.5486527357780195,0.0,2.041392685158225,0.6516466142550749,17.528713,96.82454860024154,32,19.033893968749997,49.346059625750115,11.052870400249958,-10.587397324803044,0.14117180645161298,-0.012080084088009998,-1.1262606741362353,0.12886387012829886,17.569845,168.80314819980413,78,19.047446166666674,38.166073006181115,16.99506950005889,-5.550606382949273,0.10715231168831157,-0.2484248954749118,-1.5241341392271297,0.11195102161639708,-0.04113200000000106,0.5735944479283941,-17.706269813381123
ZTF19aavbjfp,SN II,0.028,72,0.5277777777777778,0.4722222222222222,88.98386569973081,10.975382000207901,1.2532938830948002,0.0,1.8573324964312685,0.8091354475760633,18.253878,74.97035879967734,38,18.996428131578945,46.068596165957494,2.9221528000198305,-4.496316010052056,0.07190167567567526,-0.342465726419219,-0.9680218219470831,0.040558300647121195,18.435755,87.98518519988284,33,18.6421716969697,7.595170747356246,22.02269669994712,-3.044429496750729,0.08016709375000008,1.642961505182565,2.1420711623129103,0.33386697804720605,-0.18187700000000007,0.852079343009409,-17.142028230238125
ZTF19aavkptg,SN IIP,0.03787,24,0.5,0.5,59.98070600023493,8.96424760017544,2.60785678261891,0.0,1.380211241711606,0.40012866804045283,18.87205,53.94689809996635,12,19.40683291666667,16.362068965938242,8.96424760017544,-4.365478900547417,0.18939999999999946,0.27901014773194893,-1.1761228454922552,0.19928233442395993,18.92667,50.910532400012016,12,19.07785116666667,2.572892391262282,4.868113399948925,-0.7711526090766294,0.06060599999999994,-0.24177969303107347,-0.9450222342879981,0.10573105205315676,-0.05461999999999989,1.0596412089368292,-17.17954259913116
ZTF19aavbkly,SN IIP,0.0407,26,0.38461538461538464,0.6153846153846154,60.9890624997206,7.934918999671936,2.439562499988824,0.0,1.414973347970818,0.4263059462525614,18.951126,56.95113420020789,10,19.4996623,10.900892743289571,2.9369791001081467,-3.1093191695564353,0.15429422222222222,0.10956978225719156,-1.7514832892010936,0.0543742486514007,18.906727,60.9890624997206,16,19.129805750000003,6.714008625805099,20.00931719969958,-1.3005522765312043,0.11506033333333339,1.3435080959982901,1.69742730333272,0.4882733421891062,0.04439899999999852,0.933792582899086,-17.256962119653128
ZTF19aauvjws,SN Ia,0.09351,14,0.35714285714285715,0.6428571428571429,48.016504699829966,13.922870399896055,3.693577284602305,0.0,1.146128035678238,0.29156641216430684,18.299662,36.03250000020489,5,18.8563872,16.893153953969673,6.024490800220519,-13.40769320190714,0.5628722499999999,1.4045481419532766,0.13110908707765478,0.20076276170375398,18.293608,41.884687499608845,9,18.826013888888887,21.31569021436697,3.8755091996863484,-9.29717606034285,0.20526,0.6579377949689089,-1.0835518292029687,0.10196245678097837,0.006054000000002446,0.8602785922788941,-19.71474435850953
ZTF19aavkhuy,SN Ia,0.03,24,0.5,0.5,48.00193289993331,5.982974499929696,2.0870405608666656,0.0,1.380211241711606,0.4999798664364481,17.615307,39.00918979989365,12,18.639917416666666,44.07494465547684,8.044583399780095,-26.658825387697327,0.29631227272727273,0.4763509591826937,-1.1015356119798654,0.25979931073015655,17.603474,43.02836810005829,12,18.493938166666663,12.28846512929589,6.01106490008533,-20.08645227624435,0.17984763636363674,0.21351608203962516,-1.2704380145273781,0.16238527338452147,0.011833000000002869,0.9065923603977164,-17.93041534712534
ZTF19aavhblr,SN II,0.05,34,0.35294117647058826,0.6470588235294118,76.8322221999988,7.982743099797517,2.328249157575721,0.0,1.5314789170422551,0.4425226685686117,18.671515,57.852199100423604,12,19.44214133333333,0.0,0.0,-4.728319655112159,0.1612028181818181,0.3101647003328028,-1.0465180242567342,0.0,18.524122,76.8322221999988,22,19.16652809090909,0.0,0.0,-3.491186317876627,0.09115857142857141,-0.4142647079844017,-0.20195228078399508,0.0,0.147393000000001,0.7529679273082969,-17.983451095207123
ZTF19aauxmqj,SN Ia,0.07,21,0.2857142857142857,0.7142857142857143,54.85418980009854,10.130868099629879,2.742709490004927,0.0,1.3222192947339193,0.382833108583481,18.030027,20.91020830022171,6,18.728540666666667,0.0,0.0,-21.09038017581333,0.27529499999999985,-0.08681989649989239,-1.4472043718249237,0.0,18.205526,54.85418980009854,15,19.132901866666668,0.0,0.0,-7.901180557718171,0.13744957142857142,0.16036436678111915,-1.4574614845177727,0.0,-0.17549899999999852,0.3811961926048564,-19.355579273598313
ZTF19aavissk,SN Ia,0.04,47,0.3404255319148936,0.6595744680851063,63.9597570002079,5.954872699920088,1.3904295000045195,0.0,1.6720978579357175,0.7348370632466166,17.37894,35.87021990027279,16,18.448930750000002,36.914559248623604,3.014838000293821,-30.242076995279163,0.16655933333333336,0.030633778816579405,-1.4116473557340665,0.09176085700272293,17.42685,63.9597570002079,31,18.533619935483866,39.49463226280209,11.06289350008592,-17.46808187373203,0.10065409999999998,-0.05465497305695882,-1.2938054973290747,0.2091408217438149,-0.047910000000001673,0.5608248308409957,-18.79147603016684
ZTF19aavidqf,SN Ia-91T,0.098,61,0.39344262295081966,0.6065573770491803,63.81648150039837,4.9331249999813735,1.0636080250066395,0.0,1.7853298350107671,0.955865923125505,18.534386,39.88921289984137,24,19.142295500000003,15.794392744885638,8.78550919983536,-10.62177973570266,0.12002700000000018,0.9993390685908873,0.001451856559432585,0.28245861922333265,18.547728,63.81648150039837,37,19.151609189189184,14.949019380416928,19.912951400037855,-6.852383884483736,0.10730433333333315,0.6622501526674869,-0.7691260984442159,0.45356150984939453,-0.013341999999997967,0.6250613001845357,-19.581860451989503
ZTF19aavivbl,SN Ia,0.09,22,0.2727272727272727,0.7272727272727273,35.94194449996576,5.0289235999807715,1.711521166665036,0.0,1.3424226808222062,0.6120982129951528,18.789679,14.94732639985159,6,19.039445333333333,7.749732116583931,6.021562499925494,-17.19729130715055,0.18810320000000047,1.056662690679323,-0.12207461448949397,0.6746271319114044,18.763264,35.94194449996576,16,19.3833045,16.1013683192016,11.061504700221121,-8.589428347386054,0.15213273333333344,-0.007813694059058492,-1.1531304573804027,0.44458638148087126,0.026415000000000077,0.4158741717456559,-19.141649620723655
ZTF19aavlfvn,SN Ia,0.0277,10,0.5,0.5,22.017974500078708,5.977569399867207,2.4464416111198566,0.0,1.0,0.4541743837501607,19.61231,15.974085600115359,5,19.806010999999998,5.499920677012374,12.975138899870217,-1.075319845145328,0.1939782499999998,1.326050826828522,-0.02127675973386589,4.326565356699935,18.823347,17.94887730013579,5,19.005164,13.103832438091056,8.991631899960339,-6.100679354729129,0.19352550000000068,0.9274483785165836,-0.5432550267959684,1.0038389592166597,0.7889630000000025,0.8899768678007792,-15.760204918849269
ZTF19aavhypb,SN Ia,0.068,55,0.45454545454545453,0.5454545454545454,62.877013800200075,5.978738400153816,1.1643891444481496,0.0,1.7403626894942439,0.8747234748579137,17.805004,52.84685180010274,25,18.944221840000004,30.302871568703765,2.879004599992186,-14.160574682184722,0.1504990416666665,0.30972679404241565,-1.2193767346666189,0.057617143049257004,18.013397,62.877013800200075,30,18.7940444,24.99684778869385,9.944351800251752,-9.861415234969801,0.1200405517241381,0.4594603141292613,-0.9077849913624911,0.1878679708241664,-0.20839300000000094,0.840479669852492,-19.517656637058213
ZTF19aavmgtv,SN Ia,0.0292,20,0.35,0.65,31.88716429984197,4.927511500194669,1.6782718052548404,0.0,1.3010299956639813,0.6272116206990258,17.408998,17.935497699771076,7,17.85656014285714,76.58160032560554,3.0193981998600066,-49.78595469121784,0.2510996666666667,0.8159057951062725,-0.7223533190325151,0.20242545310709467,17.185349,31.88716429984197,13,17.65668669230769,91.6129615794602,10.947708299849182,-40.816322735192834,0.2180013333333335,0.9509542585487715,-0.02528378339014825,0.5228267773457416,0.22364900000000176,0.5624676290158533,-18.078032330769116
ZTF19aavhxby,SN Ia,0.02313,59,0.576271186440678,0.423728813559322,97.85148139996454,22.943020799662918,1.6870945068959404,0.0,1.7708520116421442,0.6029545915492024,16.190834,92.91369209997356,34,17.701021617647058,138.0254618052378,9.04601849988103,-37.67239199084474,0.14304003030303047,0.23049410566433556,-1.5777492779504112,0.10786061078807661,16.232145,64.89317130018026,25,17.06324048,188.25595840071404,13.939918899908662,-53.99996137249641,0.17145654166666682,0.5263065874420437,-0.9215230569988404,0.2735825142309141,-0.04131100000000032,1.431794597773271,-18.790160237380125
ZTF19aavhzsc,SN Ia,0.04,59,0.4406779661016949,0.559322033898305,65.97658570017666,5.067384300287813,1.1375273396582182,0.0,1.7708520116421442,0.894256642320338,17.452345,65.06261580018327,26,18.752406769230774,100.99695981887099,8.07587970001623,-16.90790656035812,0.2310276400000001,0.15732848794140794,-1.3996319125526893,0.14171507709831022,17.378674,60.878240799997,33,18.434451636363637,39.740736874088945,8.955277800094336,-19.625218823858635,0.11144050000000005,0.32641629259830196,-1.4397023453470237,0.1724723953082401,0.07367100000000093,1.0687335071644593,-18.71807103016684
ZTF19aavoweu,SN Ic,0.0359,15,0.4666666666666667,0.5333333333333333,30.961689800024033,6.951851800084114,2.2115492714302882,0.0,1.1760912590556813,0.4844696816253342,19.184067,24.87243050010875,7,19.618951285714285,9.386930175095,11.87086799973622,-11.054170119405928,0.3399181666666671,0.7540228447771554,-0.8096202126796599,0.9130339526034726,18.340418,25.0323843001388,8,18.72146125,20.543716355226298,8.981412100140005,-15.779137128204775,0.20284928571428548,0.16603657644400613,-1.463551666986352,0.5595556448687063,0.8436489999999992,0.9936101252636503,-16.751521316418632
ZTF19aavnwxf,SN Ia,0.0469,39,0.5384615384615384,0.46153846153846156,47.00562500022352,3.976319500245154,1.2369901315848295,0.0,1.591064607026499,0.829687936280276,17.438457,40.99142359988764,21,18.312303095238097,88.52829101959927,8.996145899873227,-29.124147750015144,0.1911309000000001,0.5054367707358146,-0.9398103657719195,0.2811710523102969,17.595543,46.00271990010515,18,18.269708277777777,67.95269489101128,9.04233800014481,-17.95466626635524,0.16999435294117635,0.08480721088372158,-1.4275269653998932,0.24464947425650146,-0.15708599999999961,0.8910652172067318,-19.07752328710245
ZTF19aavnxwj,SN Ia,0.08,18,0.4444444444444444,0.5555555555555556,42.02568279998377,4.9734606998972595,2.4720989882343396,0.0,1.255272505103306,0.42830951934008676,18.4797,36.0014466997236,8,19.14212475,31.878185513143965,8.994698999915272,-10.968396930417917,0.39360457142857086,0.3123298432441644,-1.47370653242875,0.3330537649292406,18.46476,41.948935199994594,10,19.0000665,19.858108869035675,14.96921299956739,-8.72945182413589,0.2573707777777783,0.461578790423535,-0.9161743783369545,0.5548319915366053,0.01494000000000284,0.8582207516849735,-19.195866008486746
ZTF19aawwlxc,SN Ia-91T,0.0557,28,0.39285714285714285,0.6071428571428571,67.90424770023674,6.968032399658114,2.514972137045805,0.0,1.4471580313422192,0.4123453384478388,18.13234,51.8561459002085,11,18.740955636363637,33.07190766507954,11.871377300005406,-12.805366411098387,0.40324379999999954,1.6816854346799435,2.018471903177522,0.29689748660806575,18.111446,67.90424770023674,17,18.976286411764704,22.010038288196384,17.98203710000962,-9.374072120530135,0.2066129375000001,0.404506358316831,-0.7999526518352864,0.3602011386075883,0.020893999999998414,0.7636657154222137,-18.757052049395668
ZTF19aavjlkx,SN II,0.08344,18,0.3333333333333333,0.6666666666666666,31.002303200308233,5.863715299870819,1.8236648941357785,0.0,1.255272505103306,0.5806020244270444,18.785755,24.871122700162232,6,19.461168333333337,0.0,0.0,-10.04880991828015,0.3685289999999995,0.6426086770265818,-1.2945128830572903,0.0,18.808746,31.002303200308233,12,19.288088916666666,6.972634594229786,5.966574000194669,-7.894220809422066,0.13747163636363655,0.4481621259550958,-1.1912440868649619,0.23832235731993792,-0.02299099999999754,0.8022346771937563,-18.981232550619396
ZTF19aavmlqh,SN Ia,0.08,24,0.4166666666666667,0.5833333333333334,46.886620400007814,4.004224500153214,2.038548713043818,0.0,1.380211241711606,0.5118731057015148,18.615479,33.87291659973562,10,19.2107305,17.216788574718766,6.0122684999369085,-10.441989358445586,0.24329544444444431,0.8723585550274299,-0.6002933268152257,0.2157978693963098,18.732256,46.886620400007814,14,19.23694992857143,20.584871012102692,9.931909800041467,-5.740993272554411,0.1844043076923076,0.21614653112602658,-1.321093054829045,0.2687589657392828,-0.11677699999999902,0.7224431257947944,-19.060087008486747
ZTF19aavounq,SN Ia,0.0763,28,0.42857142857142855,0.5714285714285714,57.89928240003064,9.059687499888241,2.1444178666678018,0.0,1.4471580313422192,0.4835983943038503,18.23585,39.83997690025717,12,18.973508666666667,35.26887324245932,11.867291700094938,-15.014830547746824,0.34490872727272726,0.6771343235421238,-0.8741671713597192,0.42424571024115026,18.410933,57.89928240003064,16,19.121136749999998,20.518422759820595,17.98214119998738,-8.331546549493691,0.24542693333333337,0.7048750581795752,-0.32839067407347544,0.45048669968298966,-0.17508300000000077,0.6880910306452448,-19.33688876330143
ZTF19aawfcgp,SN Ia,0.01951,32,0.4375,0.5625,83.86667820019647,15.896203699987382,2.7053767161353703,0.0,1.505149978319906,0.38155797614415393,17.335623,83.83560180012137,14,18.94350285714286,68.10623171281534,8.978564799763262,-14.791113472604211,0.36639423076923067,0.11163061639098668,-1.7512906764287517,0.11994282915205834,16.925024,82.81920140003785,18,18.580480777777776,84.4936198988902,12.032002300024033,-22.838949838323508,0.26205617647058793,-0.06146179768688607,-1.361915006180174,0.16997426728276474,0.4105989999999977,1.0122725211412513,-17.275779420499617
ZTF19abiszoe,SN IIn,0.043,10,0.5,0.5,26.988657400012016,6.985856499988586,2.9987397111124463,0.0,1.0,0.3705260269818219,18.649986,26.93354170024395,5,19.186636999999997,61.050179956155034,2.9881250001490116,-9.001383376780028,0.4665000000000008,-0.19500307787608914,-1.63098199981792,0.12478901651927253,18.350414,26.975648199673742,5,18.963824,46.70000913987335,7.009328699670732,-12.547446804715172,0.55778325,0.20785148907023845,-1.2656942571396355,0.35105762480008773,0.29957199999999773,0.9984390922094579,-17.677472351424967
ZTF19aavouyw,SLSN-I,0.1816,22,0.5454545454545454,0.45454545454545453,39.86937499977648,3.935659700073302,1.898541666656023,0.0,1.3424226808222062,0.5518019783385955,18.69584,39.8380439998582,12,19.023015999999995,12.98013149960885,11.866261600051075,-8.357174619423681,0.18135209090909077,1.6261253014029362,2.0107023401162323,0.424222576539595,18.853292,36.923148199915886,10,19.1382977,9.861887097623208,8.963148199953139,-5.10154125916572,0.1286306666666665,0.8318778083504555,0.16377064231870975,0.3205703934179214,-0.15745199999999926,1.0789449421853188,-20.75985529445236
ZTF19aavoiyc,SN Ia,0.047,24,0.375,0.625,51.8843634002842,8.944398100022227,2.255841886968878,0.0,1.380211241711606,0.4625671093782474,19.22079,27.99670139979571,9,19.72336033333333,21.06878785182233,6.016145799774677,-5.772381789027653,0.3037314999999996,0.1811918688708658,-1.4710375327951495,0.27370308145299654,18.750048,51.8843634002842,15,19.4075414,21.035399903734596,11.968715300317854,-5.657314488399759,0.23095342857142878,0.527004249259886,-0.11340368735575712,0.2998502058727175,0.4707420000000013,0.5395980516095599,-17.299815363205617
ZTF19aavnwyt,SN Ia,0.04616,28,0.5357142857142857,0.4642857142857143,46.02240739995614,12.96787039982155,1.7045336074057829,0.0,1.4471580313422192,0.6083992902993312,17.725618,39.97031249990687,15,18.330522266666666,64.40932577714909,9.959583300165832,-23.83745942676199,0.28573207142857143,1.253115292688232,0.10165717609279179,0.33186742094396604,17.788631,46.02240739995614,13,18.552579846153847,38.9091274554652,15.027650400064886,-18.50459283011776,0.290831666666666,0.08352368744088044,-1.466268657847566,0.4848449174845156,-0.06301299999999799,0.8684967770709222,-18.7558270742654
ZTF19aavrswr,SN Ia,0.035,30,0.4666666666666667,0.5333333333333333,58.92491899989545,3.9787847003899515,2.0318937586170844,0.0,1.4771212547196624,0.5091224648107404,17.174377,52.939560200087726,14,18.45882585714286,98.01672482658773,11.98053240031004,-30.91625851017401,0.4028843076923077,0.3413929691515692,-1.2246532843387274,0.2925004094060813,17.20019,58.88057869998738,16,18.2757834375,94.78140057076023,11.97791670029983,-24.170774501433517,0.3011165333333333,0.09450823002098116,-1.3012212550067803,0.2553781851524679,-0.02581299999999942,0.8991005416205101,-18.706079295278407
ZTF19aawrumx,SN Ia,0.06,52,0.34615384615384615,0.6538461538461539,64.88613420026377,5.963310199789703,1.2722771411816425,0.0,1.7160033436347992,0.8014038845265128,18.343122,53.846898099873215,18,19.14398527777778,28.30861609613555,12.94697909988463,-10.070712437445481,0.25628158823529434,0.8600299786815675,-0.4298640202597772,0.31655268314561313,18.390911,64.88613420026377,34,19.32856226470588,25.55886240069374,12.892198999878019,-6.983360467720915,0.127894575757576,-0.033697764851802016,-1.2243318105154706,0.24795582312035444,-0.04778899999999808,0.8298675635950327,-18.707750325445247
ZTF18aarlukc,SN Ia,0.0626,47,0.44680851063829785,0.5531914893617021,41.97355329990387,5.974398100282997,0.9124685499979102,0.0,1.6720978579357175,1.1197527086682852,17.92892,38.955196800176054,21,18.77015938095238,37.20401022439742,8.969178299885243,-19.255822129841242,0.18526539999999975,0.4427463189302596,-1.3836341526086884,0.2991120111460699,18.013676,41.939050999935716,26,18.546844307692304,35.76663305602957,8.977696800138801,-12.900247782705573,0.1432883600000001,0.5501209767779496,-0.8257508209026345,0.2723703870211169,-0.08475599999999872,0.9288526056594787,-19.214067739579175
ZTF19aavxpbx,SN Ia,0.07,26,0.34615384615384615,0.6538461538461539,35.941817100159824,6.997916699852794,1.437672684006393,0.0,1.414973347970818,0.7233913613088968,18.951105,23.9790856000036,9,19.246180888888887,5.767043448024501,8.976458299905062,-10.491344300695571,0.1737355000000007,1.0989603369261867,-0.5066547591910009,0.598325754572741,18.83465,35.88631940027699,17,19.254523352941177,7.161856205032613,8.96518520032987,-5.56623863507124,0.12215668749999975,0.2825483407495691,-1.6111218146369926,0.3330166230643982,0.11645499999999842,0.6681957358886607,-18.434501273598315
ZTF19aawfkeg,SN II,0.047,11,0.45454545454545453,0.5454545454545454,32.004294000100344,15.859988400246948,3.2004294000100346,0.0,1.0413926851582251,0.3437038792346274,18.539223,16.034270799718797,5,19.008136599999997,11.753482087980068,16.034270799718797,0.0,0.18319500000000044,-0.7892241303362224,-0.9173251122064574,160.34270799718797,18.653158,32.004294000100344,6,19.129433166666665,11.974711707061129,12.976863499730825,-11.168192437107237,0.33667939999999985,0.2921573796993809,-0.7040958310873107,0.6820081933542634,-0.11393500000000145,0.5010037340510785,-17.98138236320562
ZTF19aawgfnn,SN Ia,0.053,18,0.4444444444444444,0.5555555555555556,36.98282410018146,3.914131899829954,2.1754602411871446,0.0,1.255272505103306,0.486712424968965,18.198076,28.002164300065488,8,18.818752,29.304580982884563,8.97744210017845,-20.217359181102452,0.3116410000000001,0.3517858339475214,-1.0302855025961997,0.4718829534463192,18.02286,33.962546300143,10,18.500133499999997,27.057249057676216,6.023483800236136,-13.700641771343713,0.1535388888888889,0.08442091992606729,-1.5133923744398528,0.21559362631642398,0.17521599999999893,0.8245013213260627,-18.58341942153097
ZTF19aavsyhq,SN Ia,0.04,37,0.43243243243243246,0.5675675675675675,92.82222220022231,7.093576400075108,2.5783950611172863,0.0,1.568201724066995,0.39861144371429824,16.952595,86.8777431002818,16,18.352601562500002,89.66598887913773,14.939733800012618,-21.604535158903136,0.3669120000000002,0.22463394551364696,-1.5336274448777831,0.20767510729486804,16.88023,92.82222220022231,21,18.15125538095238,92.16604290674925,17.960069400258362,-21.796619586952744,0.29547904999999997,0.31963898238020216,-1.0253847290086284,0.23990853493418388,0.07236499999999779,0.9359584487525201,-19.217821030166842
ZTF19aavsahh,SN Ia,0.063,20,0.55,0.45,41.9754281998612,9.035277800168842,2.2092330631505894,0.0,1.3010299956639813,0.47646923111236145,18.113392,32.94015039969236,11,18.91224281818182,26.298904761409457,9.02401619963348,-20.928986016467352,0.2894635999999998,0.7434009404868503,-0.5265098404426829,0.3773191822786838,18.226744,38.93087959988043,9,18.650798888888886,12.74218078414282,5.957395799923688,-10.267608094680025,0.1686696249999997,0.72626178385583,-0.3402653155275024,0.18067231949362608,-0.11335199999999901,0.8461188326141372,-19.043426820794938
ZTF19aawfbtg,SLSN-I,0.0866,91,0.45054945054945056,0.5494505494505495,156.67391210002825,16.05142359994352,1.7408212455558694,0.0,1.9590413923210936,0.5808242021932865,18.19115,153.7380903000012,41,19.223777487804877,8.820225249776257,51.997720000334084,-4.568301231720773,0.1378615,0.3000184952425346,-1.1593229530061737,0.5110824724460847,18.244825,156.67391210002825,50,19.091826539999996,6.414094832457712,67.94807869987562,-4.178555599818296,0.11228893877551038,0.2923589108697941,-0.9359553052199048,0.7658206871208576,-0.05367499999999836,0.9812615785188751,-19.656555533613762
ZTF19aavitlq,SN Ia,0.03146,33,0.2727272727272727,0.7272727272727273,91.85693289991468,24.914722200017422,2.870529153122334,0.0,1.5185139398778875,0.35925432036747934,19.025887,29.015289400238544,9,19.777783555555555,4.902807636539271,3.0320139001123607,-7.236278299447346,0.2199743750000005,0.14949746040015485,-1.4541510600858034,0.11669098070786481,18.515104,91.85693289991468,24,19.163648708333337,20.241630348209817,14.063252300024033,-3.9638752841680533,0.1357211739130437,0.60674998346512,-1.0222736262582384,0.18077628146114225,0.510783,0.3158747901135886,-16.62302266496336
ZTF19aawgxdn,SN II,0.03066,107,0.5233644859813084,0.4766355140186916,125.8961805999279,12.000474600121379,1.187699816980452,0.0,2.0293837776852097,0.8499066412508886,18.398003,108.91780090006068,56,19.260677839285716,10.953967521690007,6.0081712999381125,-3.231802962310785,0.08333630909090911,-0.39435382105762434,-1.098347825023099,0.05838298440373511,18.378279,113.83579859975725,50,18.61281572,7.684164735888275,17.923437499906868,-1.734493366195381,0.07766002040816324,0.12842987604142597,-0.5820547775391112,0.1868730713577942,0.019724000000000075,0.9567974419278413,-17.194973826118808
ZTF19aawafvn,SN Ia,0.074,16,0.5,0.5,52.84961810009554,14.960810200311244,3.5233078733397027,0.0,1.2041199826559248,0.3027458016763053,18.058907,27.887002400122583,8,18.51849025,20.270899088837123,14.947627400048077,-28.056101010043683,0.2547311428571421,0.19987893722365171,-1.1329620124445832,1.1552047452030727,18.239655,49.88943290011957,8,18.743183749999996,27.300422906650173,5.958136599976569,-8.490123288483908,0.267395428571429,0.8906720643700768,-0.057478066646945436,0.13562396518577519,-0.1807479999999977,0.5589761354063366,-19.447367672181908
ZTF19aaxhysx,SN Ia,0.083,16,0.4375,0.5625,60.95697910012677,12.063541700132191,4.063798606675118,0.0,1.2041199826559248,0.26248019892387886,18.552382,35.97946759965271,7,19.282048857142858,23.27138768292923,8.932129699736834,-11.254901462351086,0.4371364999999994,0.3197940299087616,-1.019546860137082,0.3302406223040758,18.542149,60.95697910012677,9,19.622196444444445,21.45970933447685,14.955810100305825,-6.738839804784134,0.4874873749999997,-0.3953388757916659,-1.117346864172362,0.3251180442906579,0.010233000000003045,0.590243613295756,-19.203124535407397
ZTF19aawmqtd,SN Ia,0.057,28,0.5,0.5,61.742048599757254,6.978576400317252,2.2867425407317503,0.0,1.4471580313422192,0.45349969162037307,17.828215,48.77207179972902,14,18.80605807142857,37.1767087057029,17.86972220009193,-20.458510349108774,0.3528173076923075,0.3659698732412206,-1.325552358815839,0.5782641912866646,17.882584,55.78046289971098,14,18.504647357142858,24.79631473427465,15.953275399748236,-13.622494835770361,0.19245746153846136,0.4199589154635967,-0.6143720819983285,0.4005624399102537,-0.05436900000000122,0.8743576023637072,-19.11127535188949
ZTF19aavjukt,SN IIn,0.036,42,0.7142857142857143,0.2857142857142857,114.6983101000078,9.982233799993992,2.7975197585367755,0.0,1.6232492903979006,0.3661780192173655,17.808401,114.6983101000078,30,18.49965806666666,13.764703385720207,39.881226799916476,-8.225131566900995,0.11476875862068953,0.4725194091211309,-0.9263496155467905,0.5330497399899013,17.75841,83.85151620022953,12,18.040461916666665,19.58257894350595,16.021365799941123,-4.5443625273169825,0.12857472727272648,0.41752311905776013,-0.98409026133855,0.23619829390608282,0.049990999999998564,1.3678740146584714,-18.133227577363467
ZTF19aawmkja,SN Ia,0.04,66,0.5303030303030303,0.4696969696969697,58.870682899840176,6.0242129997350276,0.905702813843695,0.0,1.8195439355418688,1.1211013147628899,17.216915,58.870682899840176,35,18.179228257142857,95.89436532614702,11.935266199987382,-25.521551650096498,0.16635888235294108,0.7098898856346983,-0.9438044261482257,0.25429125890821835,17.180075,49.78804389992729,31,17.66960735483871,71.58032166497263,5.9111688998527825,-24.397757464777737,0.09278656666666692,1.0655882526951188,0.38887376715147237,0.1347217389534406,0.03684000000000154,1.1824261065200465,-18.95350103016684
ZTF19aawnqoj,SN Ia,0.07,27,0.4444444444444444,0.5555555555555556,59.01099539967254,11.96626150002703,2.2696536692181746,0.0,1.4313637641589874,0.4575418499066672,18.10527,55.917673599906266,12,19.006501083333333,28.450519146006766,15.899178199935704,-12.784339353858746,0.38217927272727276,0.7123661573991124,-0.9643896732381383,0.3972957514026727,18.114614,59.01099539967254,15,18.829869733333336,27.83782474849649,16.081354199908674,-9.32207871729313,0.26766807142857146,0.26799348349505564,-0.8801681095220104,0.3745979176736546,-0.009343999999998687,0.9475805859769748,-19.280336273598312
ZTF19aawqcgy,SN Ic-BL,0.02065,18,0.3333333333333333,0.6666666666666666,42.90901619987562,13.892094899900258,2.5240597764632717,0.0,1.255272505103306,0.41949225580362237,18.960459,18.843113400042057,6,19.163543833333332,5.225727008130331,11.927222200203687,-14.949910783700384,0.1691835999999995,0.6548721185168225,-0.664039228742614,1.7246110234473375,17.854067,42.90901619987562,12,18.43282683333333,30.598177341289283,11.932939899619669,-17.23482891669055,0.21539336363636316,0.39298087892777256,-0.8845575513297708,0.3852308402120338,1.1063919999999996,0.439141119252617,-15.774257353489126
ZTF19aawsday,SN Ic,0.02915,14,0.35714285714285715,0.6428571428571429,69.97959489980713,15.968310199677944,5.383045761523625,0.0,1.146128035678238,0.20005831728583764,18.857782,34.003507000394166,5,19.491488,0.0,0.0,-6.324852664810887,0.3774639999999998,0.3760106412306723,-1.8117070920763674,0.0,18.40274,69.97959489980713,9,19.129530666666668,4.051591448742588,14.013958299998194,-5.878886439282657,0.22570487499999992,0.18154029868675498,-1.4818592728296456,0.2504029106325941,0.45504199999999884,0.48590602802257554,-16.625526869002186
ZTF19aavvozj,SN Ia,0.1,26,0.5,0.5,34.89804399991408,3.004050999879837,1.3959217599965632,0.0,1.414973347970818,0.7450274290462816,19.05907,34.85974539956078,13,19.77941961538462,13.961069516855137,11.979328699875623,-7.284647474862074,0.22300916666666679,-0.25837798091139286,-1.5046469766747335,0.5235625232315136,18.986275,31.9096412002109,13,19.341391384615388,9.982653547088898,12.040277800057083,-5.9790861017227455,0.11963391666666705,-0.16573775489159295,-1.3568610002876884,0.6059719960612263,0.07279499999999928,1.0924518135707018,-19.10104607352703
ZTF19aawqckx,SN Ia,0.034,71,0.39436619718309857,0.6056338028169014,80.94280099961907,5.988912099972367,1.1563257285659867,0.0,1.8512583487190752,0.8771626274748527,17.03297,74.76909720012918,28,19.156447607142855,96.02393806035568,15.009444400202483,-24.28179731210282,0.2748102592592596,-0.7576777225832915,-1.0398943825133546,0.2511635141263889,17.06114,80.94280099961907,43,18.63462053488372,91.14265426805655,15.009085699915886,-20.66454071231548,0.1720398809523811,-0.5113451582015363,-0.9837950149186194,0.2276390103559575,-0.028170000000002915,0.9237275739998305,-18.784540658738308
ZTF19aaxqsbn,SN Ia,0.057,23,0.43478260869565216,0.5652173913043478,52.92068290011957,7.0011459002271295,2.4054855863690716,0.0,1.3617278360175928,0.43461268335122016,18.60731,33.031967599876225,10,19.335695299999998,25.055098523404816,11.93932869983837,-13.66376326284256,0.40703111111111157,0.6922487375428238,-1.0560347664455474,0.5660424357720808,18.316925,49.937152800150216,13,18.96196830769231,22.8323194020136,12.062974500004202,-9.454253077246134,0.20853583333333306,0.37238889577435674,-1.226422420143025,0.318501286137677,0.290384999999997,0.6614707837283198,-18.33218035188949
ZTF19aaxffum,SN Ia-91T,0.05498,67,0.4925373134328358,0.5074626865671642,61.90401619998738,5.959224599879235,0.9379396393937482,0.0,1.8260748027008264,1.0823207299434259,17.74493,54.9184258999303,33,18.793662212121212,40.569647140652286,14.958981500007212,-18.23331905529432,0.16538496874999997,0.41502029835711196,-1.0908792335025643,0.3743540913705999,17.633713,61.90401619998738,34,18.378854529411765,47.59924163425765,14.95706019969657,-15.175560920686817,0.1472246060606061,0.839028764371936,-0.16003253210694668,0.3185948882309626,0.1112169999999999,0.8871544896620374,-19.11620975106427
ZTF19aaxfcpq,SN Ic-BL,0.03800,26,0.4230769230769231,0.5769230769230769,52.93596070026979,9.941041700076312,2.1174384280107916,0.0,1.414973347970818,0.4911595001971409,17.876688,52.87391210021451,11,18.92764718181818,60.08069016887629,8.881909800227731,-14.747184081658972,0.42399489999999995,0.4834296146272682,-0.9962927725151536,0.20189828459411588,17.788265,52.92707179998979,15,18.735680133333336,53.214574167468754,11.991273200139403,-16.554273649024925,0.3052876428571429,0.3610599416760543,-1.2601827975871762,0.29292877164446546,0.08842300000000236,0.9989956047450317,-18.18234605661108
ZTF19aaxfzao,SN Ia,0.037,57,0.43859649122807015,0.5614035087719298,86.92506950022653,18.064571800176054,1.5522333839326166,0.0,1.7558748556724915,0.6557371806283279,17.521578,42.78768520010635,25,18.34222084,67.35226669271563,9.012002300005406,-26.16956166823032,0.15230929166666662,0.6098279717685078,-0.6609796604123828,0.26681924764216897,17.494621,86.92506950022653,32,18.326866,58.83482947901325,15.092789399903268,-12.49052382811032,0.16997987096774186,0.7983102994139393,-0.035166721813502555,0.21011151781377668,0.026957000000003006,0.49223642208298546,-18.479546693862
ZTF19aawyepw,SN Ia,0.06,20,0.45,0.55,33.92747680004686,3.939710599835962,1.7856566736866768,0.0,1.3010299956639813,0.5894927028576548,19.07692,27.90236120019108,9,19.771588333333334,14.016470766882245,11.86688659992069,-11.1188012237708,0.36314499999999983,0.4669270610971846,-0.8501804692435178,0.7400396243788501,18.85909,33.92747680004686,11,19.288148909090907,27.076061653157222,5.99133100034669,-6.198662361198258,0.2147468000000007,0.21044592564979442,-1.2338342821499988,0.2144651965702081,0.21783000000000285,0.8224119160005599,-17.973952325445246
ZTF18aanygjk,SN Ia,0.049,36,0.4722222222222222,0.5277777777777778,57.91405089991167,8.83591439994052,1.6546871685689049,0.0,1.5563025007672873,0.621610808441219,17.729925,46.99968749983236,17,18.492853647058826,46.36929475302988,15.003923599608243,-21.64190661362417,0.28190537499999957,0.6670969464769972,-1.1753933069392446,0.4689346891793743,17.808802,54.86788190016523,19,18.36955457894737,27.085727575085052,15.98004630021751,-14.949267530088397,0.169237222222222,0.6586692090271421,-0.6641484409475749,0.4109266060628736,-0.07887699999999853,0.8565974459402419,-18.881171473669596
ZTF19aaxibby,SN Ia,0.056,22,0.4090909090909091,0.5909090909090909,65.98228000011295,10.993009199853987,3.142013333338712,0.0,1.3424226808222062,0.3334228523167484,18.297934,52.99695600010455,9,19.091213888888888,20.212315652012272,14.931874999776483,-10.726773095973066,0.3935132499999998,0.5960384536780795,-0.4403781508172533,0.39227225077093075,18.398296,65.98228000011295,13,19.177227615384616,20.12704630636434,18.040289300028235,-6.554102563447589,0.278867,0.2502230334057872,-1.0191383569504548,0.3762941220543926,-0.10036199999999695,0.8031998288027304,-18.60312220855803
ZTF19aaxibpz,SN Ia,0.065,21,0.47619047619047616,0.5238095238095238,42.98710650019348,5.986979200039059,2.1493553250096737,0.0,1.3222192947339193,0.488518574747651,18.237003,37.00012730015442,10,18.8041895,20.963319952256903,12.033368099946529,-17.349877882870537,0.3256473333333325,1.3386466776030834,1.0081590237134392,0.4819755741404488,18.205067,42.95526620000601,11,18.61030290909091,17.447407320912184,11.94732639985159,-10.939460264331466,0.23072130000000007,0.6466867322626186,-0.06346327778153826,0.3852989420403897,0.03193600000000174,0.8613641719242621,-18.98767985674131
ZTF19aayjsty,SN Ia,0.07,12,0.4166666666666667,0.5833333333333334,30.99546300014481,6.000949100125581,2.817769363649528,0.0,1.0791812460476249,0.38715343597041724,18.261229,24.99893519980833,5,18.912346199999998,28.313384090823682,8.99881949974224,-21.801474753076015,0.5254002499999997,0.016905759638594482,-0.9614326621130393,0.5624221517163822,18.516258,30.99546300014481,7,19.068895,25.04487014615008,12.06365740019828,-9.972906405290047,0.3850643333333335,1.0026459102753817,0.12764659476163676,0.6372164206161273,-0.2550290000000004,0.8065353048506336,-19.124377273598313
ZTF19aaxyukr,SN Ia,0.087,15,0.3333333333333333,0.6666666666666666,59.9457870000042,14.9432060001418,4.281841928571729,0.0,1.1760912590556813,0.250226091785215,18.354488,34.065231499727815,5,18.9028886,17.244381547536765,10.053067099768668,-12.94008242883252,0.4416147500000003,0.20008313377060774,-1.4926705211052427,0.4186655951674965,18.491014,59.9457870000042,10,19.210833899999997,20.29954274797501,15.956990700215101,-6.361467942318317,0.360516333333333,0.6630003418346345,-0.35602008662427753,0.3627512467371517,-0.13652599999999993,0.568267316262366,-19.503224336620118
ZTF19aayabqe,SN Ia,0.033,22,0.36363636363636365,0.6363636363636364,29.990578700322658,2.974212999921292,1.4281227952534599,0.0,1.3424226808222062,0.7335637041162967,18.9381,18.99403929989785,8,19.797323499999997,30.891093135210674,6.02142360014841,-15.977802467673664,0.420928571428572,-0.21080569060473894,-1.4620320913267137,0.4641641855053727,18.479347,29.873391200322658,14,19.118724142857143,32.097586281926006,8.960810100194067,-14.870043517068186,0.22450592307692302,0.25586536508019864,-1.3324129088793204,0.4284889587416336,0.45875299999999797,0.6358179817125248,-16.814585772916466
ZTF19aayfaum,SN Ia,0.0113,52,0.5192307692307693,0.4807692307692308,122.70973380003124,9.995902800001204,2.4060732117653187,0.0,1.7160033436347992,0.42376426376035997,16.366138,115.79424769990146,27,18.39746733333333,158.7154173414401,15.997152800206095,-27.44266847778679,0.2409311923076919,-0.4307154138802804,-1.390377794945376,0.16029677834093872,16.303228,122.70973380003124,25,17.783655120000002,185.3661752704091,15.951863400172442,-27.198211193171687,0.3330093333333333,0.748554499881598,-0.07508288194930346,0.14942095922694182,0.06290999999999869,0.9436435408506442,-17.05937029094413
ZTF19aayqait,SN Ia,0.069,54,0.5,0.5,36.81655090022832,5.954872699920088,0.6946519037778929,0.0,1.7323937598229686,1.4667316377989421,18.571728,32.915752300061285,27,19.181416259259255,26.37176850988869,11.935960600152612,-15.054207106586853,0.18612569230769233,1.2626264158215217,1.0626474840935964,0.5689265542233467,18.604849,33.91953699989244,27,19.030215777777773,21.65951202632859,10.037175899837166,-9.03836539890647,0.11082076923076957,0.41844424058891655,-0.9890678714483436,0.420275694592606,-0.03312100000000129,0.9704068867498298,-18.782633527213306
ZTF19aayckwk,SN Ia,0.086,11,0.45454545454545453,0.5454545454545454,35.83543979981914,11.79350689984858,3.583543979981914,0.0,1.0413926851582251,0.30695869958474786,18.614513,24.04193289997056,5,19.1490328,15.269518575312702,11.937002299819142,-20.838110486841074,0.5234715000000003,0.6014348926775256,-0.9968924409730118,0.9861272810328894,18.605263,35.79312499985099,6,19.036909666666666,16.933266491548196,11.957731499802321,-8.831643976095764,0.3681917999999996,0.3624303388606176,-1.5422965984188488,0.5016796345224133,0.009249999999997982,0.671691362519217,-19.218095329744873
ZTF19aaycomi,SN Ia,0.03,89,0.550561797752809,0.449438202247191,103.72797459969297,8.730821799952537,1.1787269840874202,0.0,1.9493900066449128,0.8580134755688504,16.874905,94.99715279974043,49,19.116071102040816,112.38144345485178,14.034953699912876,-21.130477197432366,0.16304770833333326,-0.7908014897230304,-0.6999540907499671,0.17335193282741215,16.960255,103.69236110011116,40,18.415455675,102.42355552718281,13.963171300012618,-17.45043133753249,0.1619565128205126,0.030314650458567,-1.138573046578511,0.15561459243218626,-0.08535000000000181,0.9161441767925814,-18.670817347125343
ZTF19aayslow,SN Ia,0.06,28,0.5,0.5,49.986851800233126,7.003750000149012,1.8513648814901158,0.0,1.4471580313422192,0.5601472985716099,17.858385,42.983101800084114,14,18.74344735714286,43.47992825954318,14.99480320001021,-19.634302458144415,0.31907553846153863,0.676633846771452,-0.3754043762271402,0.5357525805434495,17.91672,49.953750000335276,14,18.614077000000005,29.42477200019731,20.964757000096142,-14.199946336453374,0.27445338461538454,1.4103921510944564,1.3656368666257945,0.723197145893381,-0.058335000000003134,0.8604579596085503,-19.19248732544525
ZTF19aayejww,SN Icn,0.0641,15,0.5333333333333333,0.4666666666666667,22.05663189990446,3.9362037000246346,1.5754737071360327,0.0,1.1760912590556813,0.6800675673453558,18.674337,22.020219899713993,8,19.312259750000003,15.128542779438844,3.0168403000570834,-14.260609434869899,0.2715062857142852,0.6679967493731488,-1.0758101542421699,0.15875283047608804,18.72437,21.992939800024033,7,19.350225571428574,18.44330528235467,5.970682899933308,-15.24360356905584,0.32923566666666676,0.4130990904040269,-0.8441839267199605,0.3726493050988029,-0.050032999999999106,1.0012404025991073,-18.520069221121112
ZTF19aaxzdtw,SN Ic,0.041,19,0.3684210526315789,0.631578947368421,42.87578699970618,6.011643500067294,2.381988166650343,0.0,1.2787536009528289,0.44314055390120777,19.368855,19.00337959965691,7,19.672391285714284,4.550683922495476,10.003321699798107,-7.166063851471108,0.23022883333333274,0.08494675665702832,-0.7405324462616392,1.1114730384073468,18.890417,42.87578699970618,12,19.4681285,13.885990923368656,15.955497699789703,-6.8863235687217275,0.2756463636363636,0.7711793254603494,-0.6101355900184893,0.5926941394288511,0.4784380000000006,0.4432193769361513,-16.855180357125708
ZTF19aavjzrz,SN IIP,0.018,70,0.4142857142857143,0.5857142857142857,139.6791203999892,8.000833400059491,2.024335078260713,0.0,1.845098040014257,0.5011486312309669,18.419077,88.94789350032806,28,18.763344642857145,0.1770549372385202,6.018958299886435,-3.807600051898916,0.0680918148148144,1.696378595540916,2.9343065174318204,0.07257971280275623,17.823767,130.68353009968996,41,18.73515287804878,0.6247135725984253,38.980543999932706,-7.03604832934786,0.10687790000000028,0.4075619033452012,-1.6502357904214324,0.42507387881053843,0.5953100000000013,0.6806358340065921,-16.017401599043552
ZTF19aayogzn,SN Ia,0.06965,25,0.4,0.6,51.00711809983477,4.0170834003947675,2.1252965874931156,0.0,1.3979400086720377,0.490127671025605,18.453705,40.992233799770474,10,19.274884399999998,23.21183193828196,12.99591439962387,-11.685975210131003,0.34306777777777797,-0.008036753575963783,-1.416779496145875,0.46420081918181777,18.40883,50.94386570015922,15,18.984353666666667,20.23022967288663,15.959456000011414,-8.140449829248324,0.20948300000000003,0.423098910969419,-0.4473807503565519,0.45618766006916467,0.04487500000000111,0.8046549518059513,-18.92101667732694
ZTF19aayrosj,SN II,0.01506,32,0.25,0.75,91.91140039963648,13.904074099846184,2.9648838838592413,0.0,1.505149978319906,0.3481613799905345,18.761751,43.87043979996815,8,19.53691475,0.0,0.0,-5.219943237003404,0.23364000000000015,-0.08415863683439669,-1.4181899410913141,0.0,18.182184,91.91140039963648,24,18.51975704166667,17.60835941119156,12.958379599731416,-4.261858681834377,0.0941278695652175,0.9815553487326535,0.2282749248755973,0.16412772391030536,0.5795670000000008,0.4773122769233931,-15.287489932850438
ZTF19aaypehm,SN Ia,0.11,23,0.391304347826087,0.6086956521739131,45.89821759983897,5.98347229976207,2.086282618174499,0.0,1.3617278360175928,0.5011087837990618,18.879562,30.076597300358117,9,19.35056722222222,16.181499726804052,10.091400500386953,-9.073506308464836,0.2593065000000001,0.31145546911409183,-1.5227469923633419,0.5049437641965835,18.972673,45.89821759983897,14,19.493181571428572,10.53740591845091,15.959293900057673,-5.583879313358081,0.18535530769230738,0.27703662137164436,-1.4095471466125618,0.5330617112389466,-0.09311100000000039,0.6552890040868087,-19.48751749931815
ZTF19aayveer,SN Ia,0.08,28,0.2857142857142857,0.7142857142857143,48.91563649987802,10.121550899930298,1.811690240736223,0.0,1.4471580313422192,0.5724140991208369,18.971985,22.88040510006249,8,19.427260999999998,16.492356567137715,9.87636569980532,-10.470837889041048,0.28472471428571416,0.5700158133375139,-0.7727900764020119,0.7594844490866433,18.95006,48.86797450017184,20,19.505047199999996,12.242318629416703,12.91521990019828,-5.578629619321848,0.16924168421052674,0.4844194071104596,-1.0845894816291057,0.35922754859533845,0.021924999999999528,0.4682085831075735,-18.703581008486747
ZTF19aazdcmj,SN Ia,0.09,16,0.4375,0.5625,49.95246529998258,11.975775400176644,3.330164353332172,0.0,1.2041199826559248,0.3203045115774412,18.822218,25.98273150017485,7,19.26988514285714,15.288034514135186,15.019618100021034,-12.849632823020038,0.3877670000000002,1.459116173282336,0.7610955990825108,1.3700139323388103,18.862,43.95327549986541,9,19.44773711111111,9.702947185226893,12.999097200110555,-6.421899552602069,0.24967525000000101,0.06672363655308192,-0.8308194522378072,0.41994644710738455,-0.039781999999998874,0.5911443733073867,-19.109110620723655
ZTF19aayvylv,SN Ia,0.071,33,0.36363636363636365,0.6363636363636364,83.97315969970077,10.014988500159234,2.624161240615649,0.0,1.5185139398778875,0.3929827115951383,18.407436,60.01850689994171,12,19.653892083333332,13.485144649127523,20.995347199961543,-9.867961692049779,0.33524799999999966,0.030800407038099883,-1.4201815121964245,0.5380227373021312,18.292393,78.9872221997939,21,19.238651285714287,7.891918076835916,16.038541600108147,-6.584716879304162,0.14385790000000007,0.4609577087704002,-1.0184306001944552,0.25478757373968236,0.115043,0.7598508369889011,-19.008971817122404
ZTF19aazfvhh,SN II,0.03403,43,0.37209302325581395,0.627906976744186,107.69519679993391,9.954050899948925,2.564171352379379,0.0,1.6334684555795864,0.3992750027643423,19.0442,86.97153940005228,16,19.8151241875,11.618072419259521,2.9868866000324488,-2.2671804779150095,0.1880864666666665,0.0015357007216440623,-0.17469398364799504,0.03556467164476679,18.90566,107.69519679993391,27,19.43205418518519,26.917636040222177,5.9754861001856625,-1.709658314302422,0.11043499999999937,0.19309339538794681,-1.2344067832445471,0.05874462342725137,0.138539999999999,0.8075712007994181,-16.77522581900607
ZTF19aaywlmi,SN Ia,0.07,26,0.46153846153846156,0.5384615384615384,52.95766199985519,4.002997700124979,2.1183064799942075,0.0,1.414973347970818,0.4909582299926892,18.45118,47.00077539961785,12,19.381482916666666,28.04169928428306,10.003321699798107,-9.58546214459805,0.3176036363636363,0.30846663651453343,-1.4490473370582166,0.2703786531084123,18.525866,52.932048600167036,14,19.12542642857143,20.406516635570295,12.992361099924892,-7.256000964410513,0.20998615384615385,0.37836424599180707,-1.1311534624659605,0.3252995181759027,-0.07468599999999981,0.8879455196349519,-18.934426273598312
ZTF19aaziick,SN Ia,0.08,14,0.35714285714285715,0.6428571428571429,43.99150459980592,16.022893499583006,3.383961892292763,0.0,1.146128035678238,0.3182432637246457,18.60275,36.97402779990807,5,19.6210908,41.825439649738236,6.077291700057685,-9.845896129806741,0.8258749999999999,-0.0917116439293762,-0.8067488391036668,0.1966968834642412,18.642767,43.9351852000691,9,19.149171777777777,37.28298003928049,5.9345487002283335,-5.306988816765541,0.29174537499999964,0.3882991741124852,-0.6505127546447147,0.15616971837440674,-0.04001699999999886,0.8415584828318857,-19.072816008486747
ZTF19aazgpar,SN Ia,0.09,14,0.5,0.5,43.91609960002825,21.86167829995975,3.3781615076944806,0.0,1.146128035678238,0.3187896950664306,18.786478,18.896932900417596,7,19.00542814285714,11.125163705492552,9.896921300329268,-16.22860532233749,0.1987221666666675,0.8896943180338185,-0.7027036251961065,1.0996565049129645,18.83248,43.91609960002825,7,19.379765142857146,24.1918336760333,6.126990799792111,-6.030787517016964,0.3995031666666667,1.027668847496427,0.06349391399892612,0.16213641957478037,-0.04600200000000143,0.43029624835820895,-19.144850620723656
ZTF19aazuqyt,SN II,0.05,23,0.30434782608695654,0.6956521739130435,67.97642359975725,9.0491897999309,3.0898374363526027,0.0,1.3617278360175928,0.3383526049476091,19.13437,26.861111199948937,7,19.47847942857143,5.2912336730833704,0.9671990997157991,-5.371359664479045,0.18250966666666635,0.9951759033347498,-0.03844465293073629,0.03735237441031905,18.999641,67.97642359975725,16,19.237877,21.548954397305494,3.0853703999891877,-1.4191273853244153,0.08376039999999942,0.14449291875023193,-1.5633921235194266,0.0475469305528272,0.1347290000000001,0.39515334549087483,-17.52059609520712
ZTF19aazlsfj,SN Ia,0.07,20,0.4,0.6,49.93337959982455,5.983414400368929,2.6280726105170813,0.0,1.3010299956639813,0.4005336742732766,18.380833,26.960104200057685,8,18.957589,30.09481267960257,10.994571699760854,-18.784380267917893,0.3861248571428578,0.6575934350307142,-0.9328379250860239,0.6886442215163474,18.471577,46.97583330003545,12,19.279108666666662,18.165525740732804,10.999965300317854,-9.156976210070491,0.2333040909090914,0.29727178982562963,-1.0590011415460538,0.3057595524979189,-0.09074400000000082,0.5739143365028363,-19.004773273598314
ZTF19aazwnwy,SN IIb,0.08528,25,0.44,0.56,56.94993049977347,6.982164300046861,2.3729137708238945,0.0,1.3979400086720377,0.438982098496142,17.756872,43.87673610029742,11,18.50039809090909,72.42283511724489,8.872141200117767,-19.24929775367637,0.3913176,0.9841468777448322,-0.2864849481536491,0.2534564740834133,17.963036,56.94993049977347,14,18.608376214285713,41.84006776603318,12.002256900072098,-11.295787315918687,0.25097469230769237,0.6312896546543243,-1.2718748957259927,0.2670273217466774,-0.20616399999999757,0.7704440675387997,-20.057480031939512
ZTF19aayjqpa,SN Ia,0.08,15,0.5333333333333333,0.4666666666666667,40.06403930019587,10.041273099835962,2.861717092871134,0.0,1.1760912590556813,0.3744005912036599,18.64184,30.005648100282997,8,19.068609125000002,27.00118284345184,9.017592600081116,-10.51987627349485,0.34023528571428635,0.9095788841498802,-0.8027445252188419,0.42965355223090473,18.648394,39.991261600051075,7,19.122706142857144,16.13453630013065,14.991261600051075,-6.361824713027544,0.3266355000000001,0.7941093905646149,-0.16931487233980302,0.599650464002043,-0.006554000000001281,0.7503051141613566,-19.03372600848675
ZTF19aazxcvl,SN Ia,0.06,23,0.5217391304347826,0.4782608695652174,47.9197685001418,6.992534699849784,2.178171295460991,0.0,1.3617278360175928,0.4799689297316188,18.394678,38.93025470012799,12,18.9738315,25.258157467936307,9.958182900212705,-12.123128803045857,0.24328363636363678,0.7739164985750359,-0.4051016191553489,0.34371663058773116,18.400661,47.9197685001418,11,18.93464609090909,18.920581079022128,16.955567100085318,-8.043524109557502,0.23620780000000002,0.4815460741995634,-0.6007190245382357,0.5475861263470011,-0.005983000000000516,0.8124048992434676,-18.65619432544525
ZTF19aazzpje,SN Ia,0.09,19,0.47368421052631576,0.5263157894736842,36.97188650025055,5.950023099780083,2.053993694458364,0.0,1.2787536009528289,0.5139039902622021,18.716547,28.082638900261372,9,19.288102777777777,22.73889059938379,9.99826390016824,-12.423743887270232,0.3205882500000006,0.300053872739902,-1.4804665152939505,0.5528675389731053,18.795702,30.980104099959135,10,19.3251724,11.731574927257759,7.024652699939907,-8.726406165630475,0.1909283333333344,0.45019589299626367,-0.7159648199770015,0.2932381687424295,-0.07915500000000009,0.9064733549522971,-19.214781620723656
ZTF19abadskf,SN Ia,0.04106,37,0.5675675675675675,0.43243243243243246,82.89506940031424,7.959398199804127,2.3026408166753956,0.0,1.568201724066995,0.4463474156867011,17.224737,82.89506940031424,21,19.042587952380952,75.43988666368283,14.996539300307631,-18.117476619471166,0.3453441999999999,-0.26847560618753463,-1.2729636076826105,0.2208669212458573,17.293888,76.94003470009193,16,18.345677125,66.08504114491167,11.999305600300431,-17.068735492566667,0.25718966666666676,0.40326750754291624,-0.7612101804028364,0.184773188823637,-0.06915099999999796,1.077398388542905,-19.002473798699892
ZTF19abahvdh,SN Ia,0.07,23,0.43478260869565216,0.5652173913043478,49.97351850010455,6.9899304998107255,2.2715235681865704,0.0,1.3617278360175928,0.46024375890106445,18.138979,36.9588310001418,10,18.8198044,35.84903829538328,9.958240699954331,-16.28991600709257,0.3138738888888892,0.5188146670738052,-0.7381678023159703,0.36881566622212664,18.344133,49.97351850010455,13,18.96159976923077,21.520155161702863,12.982754700351506,-8.833664916392483,0.22752199999999986,-0.001209980021142629,-1.3549272025693255,0.3509728744892308,-0.20515400000000028,0.7395683175693238,-19.246627273598314
ZTF19ababigc,SN Ia,0.055,15,0.4,0.6,43.95327549986541,8.961064800154418,3.139519678561815,0.0,1.1760912590556813,0.34127149409026253,18.547853,19.94211809989065,6,18.862410833333332,20.67222159731521,8.979004699736834,-16.18845591171617,0.28123280000000006,0.36422456202704895,-1.567711978256818,0.819019595255747,18.457443,43.95327549986541,9,19.12320111111111,24.278371098652492,8.98310189973563,-9.362047608234235,0.3138532499999993,0.5486815166078027,-0.11504219473385202,0.256878962125092,0.09040999999999855,0.4537117626182766,-18.314076520998245
ZTF19abattvp,SN Ia,0.07,17,0.35294117647058826,0.6470588235294118,46.93371530016884,6.020162099972367,2.9333572062605526,0.0,1.2304489213782739,0.36221296122147917,18.698793,28.002013800200075,6,19.045949666666665,0.0,0.0,-8.17226004358075,0.2545414000000001,1.2814199815034992,0.1423818917448072,0.0,18.593805,46.93371530016884,11,19.276220636363636,12.29121927334452,12.999097200110555,-7.924532584629359,0.21331769999999928,0.13753331338305505,-1.2038387205701182,0.38306301729348846,0.10498799999999875,0.5966289611020702,-18.686813273598315
ZTF19abaejto,SN Ia,0.06,35,0.5142857142857142,0.4857142857142857,65.95074080023915,12.914166700094938,1.939727670595269,0.0,1.5440680443502757,0.530699118392209,18.118898,52.98510419996455,18,19.20286566666667,45.630821735859016,9.964652800001204,-12.124677533790528,0.292367882352941,0.36949967711678033,-1.0420578029660315,0.23162594709570372,18.1559,65.95074080023915,17,19.018375176470588,29.531098657350984,16.010682900436223,-9.308312822791363,0.2943156250000005,0.6943103310916138,-0.158029461403685,0.32059800436273433,-0.03700199999999754,0.8034042310525862,-18.931974325445246
ZTF19abaeyln,SN Ia,0.0852,20,0.4,0.6,50.976007000077516,8.940231500193477,2.682947736846185,0.0,1.3010299956639813,0.3923414401596733,18.55411,38.98291670018807,8,19.319846624999997,18.67879297849047,8.9609375,-9.964421611711861,0.36023628571428495,0.5776596146275087,-1.0501306358266889,0.29847923883525523,18.464334,50.976007000077516,12,18.90243425,12.746573082345352,14.996007000096142,-7.554061371581349,0.1683412727272727,0.5797439907420561,-1.0021393553757834,0.4167872985020541,0.08977600000000052,0.7647306839888184,-19.25820404736053
ZTF19abacxod,SN II,0.01765,37,0.4594594594594595,0.5405405405405406,61.95468750037253,22.95872680004686,1.7209635416770146,0.0,1.568201724066995,0.5972106630313893,18.08689,60.914479200262576,17,18.870638411764705,9.145790896160689,17.93873850023374,-11.312699757762546,0.26790875000000014,0.18079469022753059,-1.1023498492396684,0.41741545830347265,17.661745,61.95468750037253,20,18.14393345,27.25126602769406,18.005069400183856,-15.453999973563795,0.15448763157894724,0.9949218507910412,0.6293427190703738,0.4096752185454499,0.42514500000000055,0.9832101759837995,-16.30694962214623
ZTF19abafrvy,SN Ia,0.078,11,0.45454545454545453,0.5454545454545454,31.92503480007872,8.959814900066704,3.192503480007872,0.0,1.0413926851582251,0.344557181186624,18.783157,15.950428300071508,5,19.034513399999998,10.930794165131344,6.972592600155622,-14.565272865019871,0.22838024999999984,0.5915030729954129,-0.7588943371470211,0.7766451551592717,18.90422,27.99246530001983,6,19.138600666666665,2.076023675698387,3.0196064999327064,-5.777280160673055,0.16707120000000017,1.1800830239752342,-0.015394987632721513,0.12091553170204813,-0.12106299999999948,0.5698114878099074,-18.837432086979437
ZTF19abajuqh,SN Ia,0.068,25,0.48,0.52,62.91258110012859,13.203345000278205,2.6213575458386913,0.0,1.3979400086720377,0.3973767974995529,17.938475,45.910266200080514,12,18.876553666666663,34.231106127980375,10.99884260026738,-17.596167667488682,0.33116518181818155,0.6479484238226569,-0.7253035806386205,0.31504995975948263,17.920675,59.97557879984379,13,18.67437423076923,15.139721604134156,11.019421299919486,-10.80678249442221,0.16227991666666686,0.22171072561034513,-1.0720846613869095,0.22508754491069943,0.017800000000001148,0.7654826700930495,-19.384185637058213
ZTF19abakjci,SN Ia,0.07,14,0.6428571428571429,0.35714285714285715,33.002476800233126,4.9734606998972595,2.538652061556394,0.0,1.146128035678238,0.42421058530677025,18.356312,33.002476800233126,9,19.034341555555557,18.5168625467978,10.997789300046861,-15.597573753236482,0.27170462500000037,0.3192136020786416,-1.23980307309916,0.49979302364342904,18.360544,20.02052089991048,5,18.5584526,14.40923158588092,10.979849600233138,-14.308548376385723,0.20807349999999936,0.41388861720133335,-1.5911372408305227,1.2144949458150307,-0.00423200000000179,1.6484324741211251,-19.029294273598314
ZTF19abafmwj,SN Ic,0.034,15,0.3333333333333333,0.6666666666666666,33.960312500130385,7.025219900067896,2.4257366071521704,0.0,1.1760912590556813,0.44169204862123723,19.586403,18.084791699890047,5,19.910054199999998,1.2221892360940474,8.999548600055277,-8.327313008479274,0.2186792500000001,0.4029773142761404,-1.7961607656366958,0.9905677262745946,18.98679,33.84364579990506,10,19.5996843,10.012178373328384,8.910069399978966,-7.303505466706416,0.2086121111111115,0.3504266671114879,-1.2088843459278127,0.357352240892541,0.5996130000000015,0.5343629881607135,-16.231107658738306
ZTF19abamqxo,SN Ibn,0.057,21,0.6190476190476191,0.38095238095238093,36.98261580010876,4.021053300239146,1.8491307900054381,0.0,1.3222192947339193,0.5678343607035563,17.93823,33.96172460028902,13,19.01734638461538,46.37510988741443,3.0041550998575985,-18.81091777732449,0.20709699999999978,0.1863476668977487,-1.3168106412705105,0.09704105161794867,18.042822,36.966643599793315,8,19.071532,45.901462524877836,9.00067130010575,-18.573719859687582,0.47825671428571376,0.13526362528138894,-1.2465439259826607,0.321843675008085,-0.10459200000000024,0.9187126904991424,-19.00126035188949
ZTF19abaosan,SN Ia,0.047,47,0.44680851063829785,0.5531914893617021,64.92778939986601,6.987824100069702,1.411473682605783,0.0,1.6720978579357175,0.7238811059859831,17.386686,59.944178299978375,21,18.455524380952383,65.73594134290337,15.993611100129783,-23.29516976713831,0.3227107999999996,0.8873770858874057,-0.5954694472885693,0.3638999930855245,17.483168,64.90510419989005,26,18.337363846153846,58.382204175457254,15.989710699766874,-17.106514433143346,0.1960087599999997,0.8747266856360295,0.18643693771258318,0.3268850469275405,-0.09648199999999818,0.9235664750705372,-19.133919363205617
ZTF19abasxkg,SN Ia,0.038,34,0.5,0.5,63.043738399632275,6.025069399736822,1.910416315140372,0.0,1.5314789170422551,0.5393081194594627,16.85049,47.98134259972721,17,18.297710764705883,98.07362278580872,10.996238499879837,-45.439022902141026,0.23587068750000006,2.783501303679459e-05,-1.4854790334539407,0.29731533187506193,16.964947,63.043738399632275,17,17.939819352941175,85.20705656599179,11.024282399564981,-26.720898323474156,0.18624437500000024,0.11597015364173174,-1.1668030044185056,0.21192613778103947,-0.11445699999999803,0.7610802248999733,-19.208544056611082
ZTF19abauylg,SN Ic,0.044,54,0.46296296296296297,0.5370370370370371,73.91898149996996,8.888993100263178,1.3946977641503766,0.0,1.7323937598229686,0.730529546054716,16.843922,64.9517244999297,25,18.53849244,127.98616258214312,12.092847199644893,-32.097646869805324,0.23912687500000032,-0.5369294656753146,-1.3315991376603664,0.22877608865861662,16.698881,70.82443290017545,29,17.662056448275862,95.17600340239323,8.907754600048065,-30.446878160344973,0.12158942857142829,0.6931638331533293,-0.859383297071092,0.14386680365619256,0.1450409999999991,0.9170807564598062,-19.533457455957965
ZTF19abakjao,SN Ia,0.06,20,0.5,0.5,47.96145830024034,6.977580999955535,2.524287278960018,0.0,1.3010299956639813,0.41700149888686305,18.005985,34.99583330005407,10,18.610773000000002,38.72344402339749,12.997395799960941,-22.64789938189511,0.3860122222222226,0.8804217911399401,-0.7745546505068233,0.5908326807258886,18.14334,47.891273099929094,10,18.8632594,34.647864086931875,12.911157399881631,-11.00481600562452,0.3491662222222224,0.5066764075266663,-0.5179770505102859,0.36909990551758276,-0.13735499999999945,0.7307350804191899,-19.04488732544525
ZTF19abcegvm,SN Ic,0.073,44,0.45454545454545453,0.5454545454545454,126.78660879982635,8.9799537002109,2.9485257860424734,0.0,1.6434526764861874,0.34703980504335613,18.595005,126.7653588000685,20,19.216269899999997,6.638557289244005,28.018182899802923,-2.694730867103273,0.15618068421052592,0.5642699780872394,-1.0540616762393902,0.2837365488619262,18.16189,126.75901619996876,24,18.644450958333337,6.39327463136041,57.90934030013159,-4.917290643275851,0.1637952608695654,0.9536827699467646,0.14086190624972783,0.8410982265824806,0.4331150000000008,1.000050036678178,-18.881725374129303
ZTF19abbwfgp,SN II,0.02592,47,0.46808510638297873,0.5319148936170213,106.88209490012378,7.999328700359911,2.3235238021766036,0.0,1.6720978579357175,0.4397368899245403,17.163004,91.89932870026678,22,18.269319045454544,13.670941405325943,6.075613500084728,-14.151444517113825,0.11759019047619036,-0.1954857869496813,-1.1466898773094232,0.07079177924089496,17.274338,106.88209490012378,25,17.707549160000003,34.35635097577496,11.936678200028837,-10.398417123353722,0.09823908333333353,1.4108704548183018,1.1366634132925801,0.1257214788759456,-0.11133399999999938,0.8598196806129439,-18.065287059519804
ZTF19abcejsg,SN II,0.134,51,0.4117647058823529,0.5882352941176471,168.64137730002403,19.93809030018747,3.372827546000481,0.0,1.7075701760979363,0.3024168849692663,19.181,138.7463773000054,21,19.571396857142858,0.08771174696492506,80.93528939969838,-1.2143273838600588,0.15551650000000022,0.23932730759523152,-1.2964246826096348,1.3999959582021382,18.892147,168.62358790030703,30,19.252670166666668,1.7257980589672093,5.003113400191069,-0.865167198733189,0.08494544827586221,0.5253526996098125,-0.70203613455578,0.03057755097872866,0.2888529999999996,0.822817133875923,-19.614640065351065
ZTF19abcejoa,SN Ia,0.09,20,0.55,0.45,63.934618099592626,9.938738499768078,3.364979899978559,0.0,1.3010299956639813,0.31281957403492233,18.637985,44.995219899807125,11,19.407263454545454,22.952192347494382,11.035150500014424,-8.519936193127704,0.32856880000000005,0.29505624244745376,-1.2565455142683044,0.324944874820597,18.77862,63.91249999962747,9,19.560170111111113,9.290796567548094,21.99468749994412,-5.449836601786673,0.3557652500000006,-0.10496016882618901,-0.7899431512093824,0.5247098116131482,-0.14063499999999962,0.7040128284775183,-19.293343620723654
ZTF19abauzma,SN Ia,0.07028,25,0.44,0.56,47.95417819963768,5.982569499872625,1.9980907583182368,0.0,1.3979400086720377,0.5213310067774009,18.52089,39.9922453998588,11,19.473093454545452,23.713413616947506,14.971122699789703,-13.140497646503931,0.4606268,0.5461702010291802,-1.0110020109100415,0.5983393662726556,18.51501,47.91212960006669,14,19.159095428571426,18.76935943372245,17.988981500267982,-8.953917154964362,0.2599469230769231,1.0785379991361261,0.6254318830943499,0.601172758971473,0.005880000000001218,0.8346998084552505,-18.873384837643314
ZTF19abbvzgr,SN Ia,0.0498,38,0.34210526315789475,0.6578947368421053,41.87297450006008,6.969097199849784,1.1317020135151374,0.0,1.5797835966168101,0.9075065827947206,17.765318,34.053483800031245,13,18.533550769230768,43.945236534427636,9.126678199972957,-28.101264480410364,0.2773972500000002,0.983135563485548,-0.3676307410146342,0.3661391012714287,17.84128,41.87297450006008,25,18.567992760000003,48.69511666424788,11.960023100022227,-18.87963552548581,0.14912016666666675,0.38526211444201114,-1.0512720437854277,0.39982758438229843,-0.07596200000000053,0.813256860937414,-18.880944787325618
ZTF19abcncdg,SN Ia,0.09,12,0.4166666666666667,0.5833333333333334,29.990127300377935,4.9586227000691,2.726375209125267,0.0,1.0791812460476249,0.4001316793293097,18.559008,15.990775500424206,5,18.875159,7.841563846119353,5.9645487000234425,-19.483736218379995,0.2341007500000014,0.7427380660672901,-0.580385707917416,0.5948946516734521,18.66748,29.990127300377935,7,19.199417999999998,22.41651849115775,9.036678200121969,-8.371687907307713,0.2935928333333327,-0.31178051375472804,-0.8254906906131585,0.43127401874909355,-0.10847200000000257,0.5332013212302267,-19.372320620723656
ZTF18abdcudb,SN Ia,0.087,40,0.45,0.55,36.007557899691164,5.9564815000630915,0.9232707153766965,0.0,1.6020599913279623,1.110877891564623,18.574526,36.007557899691164,18,19.071219166666662,18.467792531876686,9.04281249968335,-11.30324653465591,0.16912405882352974,1.2064190211858012,1.0436554593133822,0.33535686562353856,18.621218,35.93968749977648,22,18.994059272727274,14.209611437649173,11.92959489999339,-8.31619613299136,0.0861649047619048,0.2890992133321192,-1.3337586670033903,0.49685751316515797,-0.04669200000000018,1.0018884527005167,-19.28318633662012
ZTF19abctnpk,SN Ia,0.08,23,0.391304347826087,0.6086956521739131,57.93145829997957,9.044178300071508,2.633248104544526,0.0,1.3617278360175928,0.3970209049615468,19.071857,27.954050899948925,9,19.555507222222225,7.450869959173964,8.996088000014424,-8.477987971047606,0.20174224999999968,0.764286519460524,-0.7258928415499422,0.4745281994430692,18.832827,57.93145829997957,14,19.42322292857143,14.888628209702782,11.85696760006249,-4.755603946652615,0.19311892307692263,0.4169128355817347,-0.8270867489806495,0.2573434327746965,0.23902999999999963,0.48253663415821146,-18.603709008486746
ZTF19abdqaao,SN Ia,0.055,21,0.5714285714285714,0.42857142857142855,42.00347220012918,5.050925999879837,2.100173610006459,0.0,1.3222192947339193,0.49995866770117675,18.437132,33.94703700020909,12,19.385926666666666,30.14104676965959,11.988078699912876,-16.314627001404062,0.3784373636363641,0.23583220986039577,-1.468230688542312,0.5459311200454878,18.352999,39.11874999990687,9,19.09062888888889,28.781608120697406,9.122939799912274,-11.192079138808975,0.29746412499999986,-0.040162384540090766,-1.0855126670131792,0.30414046958844665,0.08413299999999779,0.8677945230941662,-18.424797520998247
ZTF19abegizf,SN II,0.037,24,0.3333333333333333,0.6666666666666666,38.9546759002842,6.874132000375539,1.6936815608819218,0.0,1.380211241711606,0.6161006206657954,18.997936,27.952303200028837,8,19.849420375,9.54019121012327,19.024953700136393,-15.794589919110306,0.34746771428571527,-1.0518513461944232,0.6734709695411873,2.131086466410395,18.602682,38.90837959991768,16,19.256842250000002,13.21450494487685,18.873217599932104,-9.783884011828754,0.2008605333333328,-0.14906887453405146,-1.1286149414880946,0.9420047414613214,0.3952539999999978,0.7184134494279473,-17.003188693862004
ZTF19abctxhf,SN II,0.05,53,0.49056603773584906,0.5094339622641509,66.01309030037373,12.07666670018807,1.2694825057764179,0.0,1.724275869600789,0.8028710632821251,18.974554,41.99062500009313,26,19.775994346153848,11.539054721338351,16.97849540039897,-8.375142226968372,0.16673039999999986,0.109611307751456,-1.4764645700053354,0.6788104680461345,18.671247,62.03039350034669,27,19.432506407407406,8.003802965170205,15.975069400388747,-5.814320078725825,0.12701073076923072,0.5109033666273232,-0.542865301715362,0.346866941283849,0.3033070000000002,0.6769362989750894,-17.68041209520712
ZTF19abcfzdy,SN Ia,0.08751,15,0.4666666666666667,0.5333333333333333,38.951330999843776,6.979872700292617,2.78223792856027,0.0,1.1760912590556813,0.3850959547456841,18.858496,25.013553199823946,7,19.19322857142857,21.04999733070071,6.9679049998521805,-9.001669344469061,0.281778833333334,0.595575641945223,-1.3277677778762011,0.3861266119475322,18.824486,34.8489815001376,8,19.206076625,8.965057644240325,8.882824100088328,-6.9766783554506775,0.19621900000000028,0.7735079750239027,-0.6964569693670262,0.3420923613469074,0.03400999999999854,0.7177699927822907,-19.011908492733998
ZTF19abcnpkt,SN Ia,0.085,10,0.5,0.5,24.9574883999303,6.978576300200075,2.773054266658922,0.0,1.0,0.4006813442024049,19.015162,17.978912099730223,5,19.237874799999997,11.261995419395992,9.094502300024033,-8.42946425226557,0.24254725000000033,0.5340818331505088,-1.3779629722385187,1.0236473221130333,18.972668,21.862627299968153,5,19.2275854,8.80620536978041,5.961064800154418,-8.109706382489554,0.2503402500000007,0.9145038505355142,-0.4980204624769482,0.3748728969385394,0.042494000000001364,0.822358257909671,-18.792048702098494
ZTF19abdkcib,SN Ia,0.107,14,0.5,0.5,40.02104160003364,7.004710599780083,3.0785416615410495,0.0,1.146128035678238,0.3498159828001136,18.78925,28.99748839996755,7,19.218880857142857,16.0303421180924,10.02009249990806,-10.517687493910552,0.3276088333333333,0.5978105160928578,-1.0628431672652832,0.5280014472310528,18.954498,22.9801620002836,7,19.50480357142857,0.0,0.0,-6.103927598871424,0.16106699999999977,-0.5242554014021183,-0.9895765004557444,0.0,-0.16524800000000184,1.261848737167723,-19.51778496195308
ZTF19abdkdir,SN Ia-91T,0.1,16,0.4375,0.5625,35.98188660014421,6.942094900179654,2.398792440009614,0.0,1.2041199826559248,0.4446681792370463,18.987194,28.996608800254762,7,19.444304000000002,16.193528771016606,6.034965300001204,-6.965099274444975,0.26735966666666694,0.43182344033422126,-1.0899044727277123,0.26282810722736644,18.979185,29.97609949996695,9,19.332151222222222,1.6616522756537258,9.992361099924892,-7.166246775875698,0.12030337499999977,0.21888891868476948,-1.4743405341990856,0.5000246150091647,0.008008999999997712,0.9673242778062814,-19.17292207352703
ZTF19abdkgwo,SN II,0.098,202,0.43564356435643564,0.5643564356435643,212.70908570010215,10.049375000409782,1.058254157711951,0.0,2.305351369446624,0.9496538398213941,18.050789,212.66423610039055,88,19.170794136363636,16.077929512509805,21.02787040034309,-2.835268011436207,0.09508545977011472,-0.20856439282980185,-1.3108311722024881,0.10972797529074557,17.973349,212.6826621000655,114,18.973550833333334,14.360150812342926,29.956551000010222,-2.9008819729952235,0.08616147787610624,-0.36534332523631774,-1.1310076844941837,0.1639423660891405,0.07744000000000284,0.9999133638845169,-20.065457451989502
ZTF19abdkgns,SN Ia,0.0862,34,0.4117647058823529,0.5882352941176471,60.039097199682146,5.948946800082922,1.8193665818085498,0.0,1.5314789170422551,0.5662976557912,18.372816,39.02315969998017,14,19.08695992857143,19.77491202306786,15.044097200036049,-15.822111739105711,0.24840830769230765,0.6970418268825394,-0.7620555719372808,0.6273847111441954,18.520025,60.009965299628675,20,19.18719865,16.257059913847144,14.951064799912274,-6.671185370813714,0.15867631578947364,0.31053539266114555,-1.0050799997547823,0.33181157627240315,-0.14720900000000015,0.6502779914158963,-19.46483640265059
ZTF19abddsvk,SN II,0.058,10,0.5,0.5,25.008414399810135,8.96430560015142,2.778712711090015,0.0,1.0,0.399865414901151,18.675549,25.008414399810135,5,18.8345766,0.4484622622468661,5.985729199834168,-8.674635570614152,0.20777450000000108,1.4805244552610228,0.22252813042031416,0.31466268494217264,18.580564,13.060127299744636,5,18.831109199999997,16.777823692251495,6.022372699808329,-16.59798197054545,0.1897720000000005,-0.5924345162261386,-1.251688503377094,0.855723599663852,0.09498500000000121,1.9148675832814528,-18.30170704134171
ZTF19abdyawn,SN Ia,0.041,30,0.36666666666666664,0.6333333333333333,69.73792829969898,8.092580999713391,2.404756148265482,0.0,1.4771212547196624,0.43018197889496945,18.059074,36.119756900239736,11,18.680037727272726,32.20888884105386,13.116157399956137,-20.476651874205725,0.3018417000000003,0.6707563733654851,-0.9817444348958957,0.5701784801024046,17.76237,69.73792829969898,19,18.798333526315787,32.4869566417499,20.94373849965632,-13.498215868887101,0.23513827777777763,0.0969866985905884,-1.3443707653841308,0.42922607354447784,0.2967039999999983,0.517935616685012,-18.16496135712571
ZTF19abdzehg,SN Ia,0.024,43,0.46511627906976744,0.5348837209302325,125.72415510006249,10.924294000025839,2.993432264287202,0.0,1.6334684555795864,0.342018603869533,16.266632,125.72415510006249,20,18.422101450000003,180.38562668175373,17.01391200022772,-27.663973749883525,0.4431557368421052,-0.2175177297011032,-1.3930213931129007,0.1565069814497874,16.2912,104.75348379975185,23,17.726349521739127,161.64708250434214,13.947997699957341,-32.03197798834997,0.2200483636363636,0.3562414814313542,-1.3115827576296177,0.153603028837141,-0.02456799999999859,1.2001906813944103,-18.79454028208506
ZTF19abcttsc,SN Ia,0.025,32,0.375,0.625,85.86800919985399,8.986284699756652,2.769935780640451,0.0,1.505149978319906,0.37266498080235466,17.493181,35.036203699652106,12,18.802646499999998,45.89191826253126,3.025682899635285,-28.06501686930088,0.25002363636363645,-0.16156028846787246,-1.5979417834856557,0.09452151430268811,17.087786,85.86800919985399,20,18.72862335,87.2125032793236,14.974976799916476,-19.621842426071517,0.3009966315789471,-0.03348425219884445,-1.4426712321209079,0.2112334074727727,0.4053949999999986,0.408023943097445,-17.656635116887216
ZTF19abdoior,SN Ic,0.047,14,0.5,0.5,39.98004629975185,9.000520799774677,3.075388176903988,0.0,1.146128035678238,0.35017468201598595,18.939074,30.97952549997717,7,19.469292142857146,18.518095886430817,8.992233799770474,-9.6039125161494,0.46491216666666624,1.0173843175142168,-0.3795969152620122,0.4089741438999484,18.457802,31.025879600085318,7,18.944175857142856,8.811370845307744,3.0184375001117587,-11.087307760629045,0.2630761666666661,0.9233451012533397,-0.5770194680001759,0.10777269446232679,0.4812720000000006,0.9985059537165218,-17.581531363205617
ZTF19abdviwl,SN IIn,0.03,38,0.5,0.5,105.77738430025056,7.998194499872625,2.8588482243310964,0.0,1.5797835966168101,0.3592450338168363,18.274284,92.80116899963468,19,18.882110684210527,14.145904430902823,19.919687499757856,-4.621656477673085,0.128489611111111,0.22743662007606694,-1.0793090032101393,0.2733161715406611,18.309029,105.77738430025056,19,18.799516894736843,9.921113787285757,28.856458300258964,-4.145007736146484,0.12619883333333348,0.410942786628497,-1.152214511889544,0.3751444476924539,-0.03474499999999736,0.8773252393556763,-17.27143834712534
ZTF19abdoznh,SN Ia,0.037,29,0.3793103448275862,0.6206896551724138,77.87734960019588,6.978576300200075,2.78133391429271,0.0,1.462397997898956,0.3723804180404087,17.162014,54.8545949999243,11,18.58242027272727,76.03466492553177,11.900127399712801,-29.436803027702453,0.40100669999999994,0.02776274434227917,-1.134986272534427,0.27704050508716366,17.17919,77.87734960019588,18,18.21695661111111,78.42451175472739,14.842546300031245,-19.222780648792746,0.2973554117647061,0.4195192735022501,-1.166866966767819,0.2354658938071514,-0.017175999999999192,0.7043716212934181,-18.839110693862004
ZTF19abkfqqp,SN II,0.03,49,0.42857142857142855,0.5714285714285714,167.7311459002085,24.959919000044465,3.4943988729210105,0.0,1.6901960800285136,0.292134175421138,16.668798,95.85170140024275,21,18.34047766666667,56.58237596912485,7.016307900194079,-22.144470753108482,0.2043117000000004,-0.33457383787783535,-1.682197915864127,0.07898099646724968,16.398226,167.70894680032507,28,18.218678750000002,33.84662648024789,10.993703700136393,-16.878253388419648,0.18367340740740734,-0.5087547076372236,-0.4070003219516378,0.0701508256801036,0.2705719999999978,0.5715360046614816,-18.876924347125343
ZTF19abfibel,SN Ia,0.04529,42,0.42857142857142855,0.5714285714285714,86.86923620011657,10.943622700404376,2.1187618585394286,0.0,1.6232492903979006,0.4834853146774144,17.760326,79.90179400006309,18,19.413234833333334,60.739722660619314,12.026516200043261,-10.848545318479948,0.3707389411764709,-0.031032003034775216,-1.5779959050348347,0.17718551716984277,17.693478,86.8472569999285,24,18.856565458333336,49.69578018206757,14.961574099957943,-10.610401411620066,0.22031360869565228,0.277979735601249,-1.089273076380915,0.2081300962359512,0.06684800000000024,0.9200266854729663,-18.679801676941814
ZTF19abeloei,SN Ia,0.06,72,0.4305555555555556,0.5694444444444444,73.86023150011897,7.951319499872625,1.040284950705901,0.0,1.8573324964312685,0.9748141664013608,17.81731,56.02922450006008,31,18.983787032258068,51.44962729185913,11.983009200077504,-15.517156988371958,0.18559350000000036,0.274269958285488,-1.3068545657183057,0.27205536544889575,17.97382,70.9397686002776,41,18.81284612195122,39.88404642275523,9.03434030013159,-8.982869217913171,0.10030080000000022,0.36406839652240996,-0.6218443506048756,0.1459377723118068,-0.15651000000000082,0.7898140296420536,-19.23356232544525
ZTF19abcvrpm,SN Ia,0.1,52,0.46153846153846156,0.5384615384615384,33.91694450005889,4.002083300147206,0.6650381274521351,0.0,1.7160033436347992,1.5331569740873832,18.736172,24.90045140031725,24,19.2021275,9.993261527420026,8.874687500298023,-12.694769040087275,0.0933509130434789,0.6469294985578011,-0.9219841967676157,0.5537762540160333,18.839453,30.863090300001204,27,19.299152148148153,13.446453974063735,11.936122699640691,-8.464927300156974,0.11289042307692312,0.16433793561222906,-1.2111369602629365,0.6306410488816675,-0.10328099999999907,0.806803568867382,-19.42394407352703
ZTF19abdrwsz,SN Ia,0.02617,37,0.5945945945945946,0.40540540540540543,108.73878470016643,15.931388900149614,3.0205217972268454,0.0,1.568201724066995,0.340264976310181,16.402655,108.73878470016643,22,18.594796272727272,178.8242067551437,15.015081000048667,-28.245383462352816,0.3837954761904762,-0.4539881897264972,-1.248951473257418,0.1602058007448312,16.761595,82.83329859981313,15,18.061198733333335,278.42396622878823,2.8326735999435186,-23.079177162636796,0.2518946428571431,0.23254052542350176,-1.30857552902264,0.03540814337323159,-0.3589400000000005,1.312742418064367,-18.846479686726436
ZTF19abexfad,SN Ia,0.046,16,0.375,0.625,47.98969900002703,7.044421299826354,3.1993132666684687,0.0,1.2041199826559248,0.33340488341031244,18.661665,29.99586800020188,6,19.1985725,16.178667129437592,15.978587900288403,-12.610111697355151,0.4614466000000007,0.6830160212444748,-0.7896203949944658,1.1399207111789849,18.393713,42.094398099929094,10,18.9335417,11.990180246785467,10.125219900161028,-8.392866957398947,0.1529873333333328,-0.14819380134527468,-1.5516118831518344,0.3167181788937723,0.2679519999999975,0.7125857442834516,-17.8122402319349
ZTF19abeytzv,SN Ia,0.07,22,0.3181818181818182,0.6818181818181818,60.952222200110555,7.974282399751246,2.902486771433836,0.0,1.3424226808222062,0.3609384400747918,18.283623,52.9450463000685,7,19.40230357142857,21.210367438742768,18.028333300258964,-12.386113838452683,0.6793211666666673,-0.08249623068608633,-1.714228106698519,0.5163238962486906,18.146383,60.91607639985159,15,18.8242572,21.442537435095907,20.91723380004987,-10.858343118514828,0.2566622857142856,0.7160251267046619,-0.7039529400714009,0.5229459764456675,0.13723999999999847,0.8691473487645289,-19.101983273598314
ZTF19abfaqqo,SN Ia,0.1,11,0.5454545454545454,0.45454545454545453,31.978865700308233,7.04386579990387,3.1978865700308234,0.0,1.0413926851582251,0.34397717864939703,18.650103,19.044027800206095,6,18.907304166666666,27.570955163980123,6.103136599995196,-5.75260675306716,0.1967271999999994,0.7940443624342021,-0.6941098297456354,0.4716164061325029,18.803408,28.953078700229526,5,19.04238,15.3538657369293,6.038981500081718,-5.283747946880196,0.23957024999999987,0.2974752903415507,-1.4542512455518097,0.2635487423891509,-0.15330499999999958,0.6577548452577903,-19.510013073527027
ZTF19abfdszw,SN Ia,0.04169,15,0.5333333333333333,0.4666666666666667,41.85787030030042,7.084583299700171,2.989847878592887,0.0,1.1760912590556813,0.3583555468155852,17.788973,41.85787030030042,8,18.62114825,54.94410082165903,11.89305549999699,-22.3749894321112,0.6195070000000003,0.8024509719156893,-0.9328977461349033,0.39690068432782566,17.656866,36.02711799973622,7,18.199715714285713,35.68852588621985,12.964652800001204,-26.97008157584472,0.3679075,0.5018934183686965,-1.0987946991968325,0.5621538152022952,0.13210699999999775,1.161843428625262,-18.471302549158516
ZTF19abfhszx,SN Ia,0.06,14,0.42857142857142855,0.5714285714285714,44.88098380016163,16.945833399891853,3.4523833692432024,0.0,1.146128035678238,0.3119361211495899,17.939234,27.85097219981253,6,18.397854666666664,28.760376414841247,18.87567130010575,-25.837781285681046,0.4574538000000004,1.5476534215043556,0.7547650282562839,2.1030683551481166,17.917658,44.88098380016163,8,18.569411874999997,31.53671594128609,18.911412000190467,-15.253070326553733,0.4593047142857145,1.2211926244690194,0.4880664062098994,0.7282142403368956,0.021575999999999596,0.6205517313038987,-19.11163832544525
ZTF19abgbkwv,SN Ia,0.09,13,0.46153846153846156,0.5384615384615384,21.975185099989176,6.9899304998107255,1.831265424999098,0.0,1.1139433523068367,0.5915763594640394,18.689087,9.00030090007931,6,18.84744533333333,16.4606068402435,7.004803200252354,-0.22107990558037496,0.09207579999999993,0.752796324745515,-0.9850746822429923,3.5103038208762616,18.703331,18.868969900067896,7,18.843375571428574,10.281068128943103,6.909259300213307,-8.969416272641503,0.1489726666666679,1.0418657442425718,-0.27107549637273376,0.5777112449775593,-0.014243999999997925,0.4769895202412149,-19.242241620723654
ZTF19abggnnp,SN Ia,0.079,15,0.5333333333333333,0.4666666666666667,28.86554400017485,4.008576400112361,2.061824571441061,0.0,1.1760912590556813,0.5196506949569056,18.873209,21.876863399986178,8,19.221728375,15.20547013917045,12.884722200222313,-11.663525228264449,0.25570771428571454,1.5120205037422116,1.2886696524728816,1.4328869969880667,18.969536,25.988101900089532,7,19.26552614285714,19.60451155661331,5.98166669998318,-4.713774586865616,0.191673166666666,0.2683419219359054,-1.2370688246285633,0.2989871328976879,-0.09632700000000227,0.8418030483369318,-18.775042529979235
ZTF19abfsxpw,SN Ic-BL,0.0292,18,0.6111111111111112,0.3888888888888889,48.892060100100935,6.038587999995798,2.876003535300055,0.0,1.255272505103306,0.3681579373654341,17.968163,48.892060100100935,11,19.335375454545453,43.53961657284384,9.893645799718797,-14.789932212683963,0.36330190000000007,-0.2840769723442503,-1.2355482578190653,0.2536935405504898,17.723976,34.025115800090134,7,18.202268714285715,18.265566350238398,15.968703699763864,-30.08230474242377,0.2796574999999996,0.5877062759571495,-1.191007451163185,0.8843785582117567,0.24418700000000015,1.4369402998467213,-17.518867330769115
ZTF19abfvhlx,SN Ia,0.05638,17,0.5882352941176471,0.4117647058823529,44.954328699968755,9.828726899810135,2.809645543748047,0.0,1.2304489213782739,0.37816158068915434,17.846046,44.954328699968755,10,18.8655234,45.436902298935095,11.036921299993992,-18.52705353360413,0.43280644444444427,0.4918848901840165,-0.9376461655324362,0.32540580622333193,17.96369,38.85107639990747,7,18.478050714285715,19.21262073765881,11.919062499888241,-16.86511329428549,0.29381933333333343,0.5677823819029589,-0.6252386215223953,0.4425611298188039,-0.11764399999999853,1.157093518780237,-19.06969543120494
ZTF19abfiqjg,SN Ic,0.0888,18,0.4444444444444444,0.5555555555555556,38.94412040011957,5.979536999948323,2.2908306117717396,0.0,1.255272505103306,0.4622007074512006,19.06959,27.009213000070304,8,19.5037265,11.556079346245204,12.006516200024635,-8.745014765681443,0.264131428571428,0.22100976283454488,-1.3393870933795222,0.800290531765468,18.929087,32.91189819993451,10,19.253736099999998,11.43297600972106,8.956319500226527,-5.167573583791326,0.13274266666666693,0.14837839919920467,-1.6131795243324292,0.37387197414419815,0.1405030000000025,0.8206519367553236,-18.832590902420034
ZTF19abfwtkw,SN Ia,0.11,62,0.4032258064516129,0.5967741935483871,46.07282410003245,4.9841899001039565,0.7552921983611877,0.0,1.792391689498254,1.3456956722554443,18.789774,28.882418900262564,25,19.185759040000004,19.24666356478651,8.019791600294411,-8.955712431313698,0.08787062500000002,0.7631734027434429,-0.4368415444607834,0.38440947465454905,18.902708,46.07282410003245,37,19.381962135135137,10.98101372824943,13.988877300173044,-5.2360803296713785,0.07388430555555568,0.2970979479135353,-1.3049294985346194,0.43600861787472933,-0.1129339999999992,0.6268862277153577,-19.57730549931815
ZTF19abgfrbl,SN Ia,0.092,31,0.5806451612903226,0.41935483870967744,41.926493000239134,6.913912000134587,1.3975497666746377,0.0,1.4913616938342726,0.7393892925846001,18.54811,35.01258100010455,18,19.125305,23.66423682057239,14.009166600182652,-12.42846533356096,0.21435605882352896,1.3536003689230622,1.5524647658507256,0.6669947244498851,18.651804,41.90138889988884,13,19.180146999999998,17.133605073078886,16.942037099972367,-8.477584191769468,0.2504876666666667,1.491996720997229,1.6835348368293532,0.6787851397658917,-0.10369399999999729,0.8355947599674298,-19.430945210254805
ZTF19abgcbey,SN Ia,0.075,23,0.4782608695652174,0.5217391304347826,48.89177080010995,4.90625,2.222353218186816,0.0,1.3617278360175928,0.47042681464808545,18.476425,44.89444450009614,11,19.64555409090909,21.90021227131153,13.02865740004927,-11.147035873094447,0.37735699999999994,0.07933939230669046,-1.1174433911378627,0.40886036673577425,18.297096,48.89177080010995,12,18.8449,21.026027233211256,15.957604200113565,-11.21028180974081,0.2633194545454545,0.8815239812925288,-0.3117468988417986,0.48453037825208894,0.17932899999999918,0.9182413270250211,-19.05899739048553
ZTF19abgjlef,SN Ia,0.058,23,0.30434782608695654,0.6956521739130435,54.926539400126785,5.9195717996917665,2.496660881823945,0.0,1.3617278360175928,0.418741108600534,18.5852,19.05806710012257,7,19.10075457142857,22.731056617890832,4.021967600099742,-16.65419114484674,0.25806150000000017,0.5484437098079126,-0.9967170039487439,0.2674874291762725,18.49136,54.926539400126785,16,19.34304225,23.26888465796015,12.93104170029983,-8.007248927688005,0.2425067333333331,0.38932246206451493,-1.016709954006667,0.30791495299633304,0.09384000000000015,0.34697374544733434,-18.39205604134171
ZTF19abgfuhh,SN IIb,0.0354,20,0.45,0.55,71.9080671002157,13.889710600022227,3.7846351105376685,0.0,1.3010299956639813,0.2781329106249889,18.924044,71.9080671002157,9,19.726952555555556,20.746060877966944,5.967534699942917,-2.927732333270726,0.370476,-0.39597672062603323,-1.0718953154435713,0.09049873397622477,18.488274,54.91774299973622,11,19.45325736363636,27.143748139420065,9.950798599980772,-7.109041915990943,0.29247949999999995,-0.3858151562798098,-1.4041769948879552,0.22129141156486695,0.435769999999998,1.309377683284637,-16.98108838365597
ZTF19abglmpf,SN Ia,0.041,61,0.4918032786885246,0.5081967213114754,66.82395839970559,6.889131899923086,1.113732639995093,0.0,1.7853298350107671,0.9128462524642771,16.979551,66.82395839970559,30,17.92079046666667,96.76746482360507,13.984918999951333,-28.131756953305704,0.17973220689655156,0.9358389484831973,-0.5312361804623853,0.26467019761938315,16.957298,48.86081020021811,31,17.44251483870968,97.03055347586593,11.029641200322658,-32.35018174741771,0.10586123333333314,0.5381021470867977,-0.2240325961538474,0.2915490451895139,0.02225299999999919,1.3676391800684322,-19.244484357125707
ZTF19abfloxk,SN II,0.016,22,0.36363636363636365,0.6363636363636364,58.93314820015803,7.135682899970561,2.8063403904837156,0.0,1.3424226808222062,0.37330434011908104,18.227694,41.83260409999639,8,18.9079295,64.40594283690125,5.8682407001033425,-10.338328226430736,0.4094512857142857,0.2694110213506443,-1.5961788849012535,0.16316820722929282,18.021963,58.93314820015803,14,18.489554642857144,79.07494379454384,5.976365800015628,-5.546942730989949,0.17452561538461545,1.4959828509578244,2.569484225733513,0.11285364270922091,0.2057310000000001,0.709831484955087,-15.953021986806654
ZTF19abgmkef,SN II,0.06,35,0.4857142857142857,0.5142857142857142,59.94096060004085,5.922928199637681,1.7629694294129663,0.0,1.5440680443502757,0.5839078928604315,18.666298,51.013171299826354,17,19.396666058823534,24.647798308933186,3.0312037002295256,-5.5730595367544735,0.1398137499999994,0.5575109085757698,-1.1748318827051423,0.06317380990968356,18.695866,59.928669000044465,18,19.162079666666667,22.65769643390861,5.97596069984138,-3.015561345145195,0.09770547058823537,-0.03855954967072218,-1.2973195155085877,0.11076294199338434,-0.029567999999997596,0.8512315082417149,-18.384574325445247
ZTF19abgncfz,SN II,0.073,31,0.4838709677419355,0.5161290322580645,45.961180499754846,10.940567099954933,1.5320393499918281,0.0,1.4913616938342726,0.6744822405108883,18.701672,43.00186339998618,15,19.1827972,7.908383671420616,4.079606399871409,-6.180203477636518,0.13819385714285712,0.8190428285526176,-0.6064926841565312,0.10481423006531661,18.726849,45.88337960001081,16,19.0214719375,26.802556807298235,3.973796300124377,-3.5666503665869405,0.07879173333333303,0.4791852802402095,-0.9054567767959192,0.09481832047075364,-0.02517700000000289,0.9371991290714785,-18.775058374129305
ZTF19abgndlf,SN IIn,0.03,82,0.5,0.5,52.07398150023073,2.977291699964553,0.6428886604966757,0.0,1.9138138523837167,1.5746827424677845,17.593704,50.09942129999399,41,18.664710414634147,74.99146165916302,8.130474499892443,-19.22094917766543,0.12405112500000026,0.2905206776070942,-0.6264441143642139,0.19372595978207321,17.90617,52.01554400008172,41,18.60841682926829,30.30342105805352,15.0189119996503,-14.981271417257604,0.10202310000000007,0.41300132893075386,-0.7099287037595632,0.40595349326595903,-0.3124660000000006,0.9631624981162417,-17.952018347125343
ZTF19abgprpq,SN Ia,0.05,18,0.3333333333333333,0.6666666666666666,56.941516200080514,8.898969899863005,3.3495009529459128,0.0,1.255272505103306,0.31611381644197506,18.475367,56.941516200080514,6,19.2343865,83.64289088218352,3.02274309983477,-5.978980299505838,0.551153200000001,0.20122001343388973,-1.176571864559196,0.05606105120780267,17.78174,50.95050919987261,12,18.579609333333334,48.36300287612433,12.91261569969356,-16.56788243413976,0.33124818181818194,0.30480114649605966,-1.1048255723850073,0.33946716054696296,0.6936269999999993,1.117584830736547,-18.179599095207124
ZTF19abgnuri,SN Ia,0.07,62,0.41935483870967744,0.5806451612903226,48.00765040004626,3.000150399748236,0.7870106622958403,0.0,1.792391689498254,1.2914608293335734,18.47298,44.03252310026437,26,19.26178330769231,26.82120411501298,11.941493000369519,-11.056523974396153,0.16257279999999993,0.5454132647129859,-0.6901164403765647,0.37211310958848426,18.39574,46.01457169977948,36,19.03902577777778,22.637723458505402,12.958124999888241,-9.807336485639699,0.10486820000000024,0.37771976312422356,-0.6634212572292726,0.39199993627660157,0.07723999999999975,0.9569256318966323,-18.912626273598313
ZTF18aarwxum,SN Ia,0.09,124,0.4032258064516129,0.5967741935483871,48.048587900120765,2.9703588001430035,0.390638926017242,0.0,2.093421685162235,2.5807210038671777,18.774448,45.092060199938715,50,19.507614779999997,14.133787932130083,15.107696800027043,-8.446656547070283,0.1034844897959186,0.8276795198494011,-0.6283484625151012,0.5038525113416797,18.821056,48.048587900120765,74,19.366390472972974,12.030881189242319,18.062592499889433,-6.879024536434044,0.09217971232876727,0.3094449718138729,-1.0382708633547955,0.6023676139078606,-0.046607999999999095,0.9384679585937504,-19.156880620723655
ZTF19abgqvyr,SN Ia,0.1,19,0.42105263157894735,0.5789473684210527,48.96148149995133,9.939675900153816,2.720082305552852,0.0,1.2787536009528289,0.38806015295960533,18.867607,38.01431720005348,8,19.275841125,13.639373353759918,6.076539400033653,-7.537627132772271,0.3678294285714294,1.986216277112351,2.3918435710942907,0.19026180963754716,18.976461,48.96148149995133,11,19.54342727272727,10.897691788010484,12.02373840007931,-4.697466194988143,0.21565269999999934,-0.12137181487674847,-1.287081167839388,0.3255136180781161,-0.1088540000000009,0.776412723542511,-19.29250907352703
ZTF19abhdlxp,SN Ia,0.05,21,0.38095238095238093,0.6190476190476191,51.94534720014781,8.996851800009608,2.5972673600073906,0.0,1.3222192947339193,0.4042710489369921,18.498423,42.002939799800515,8,19.349322625,14.27295362179892,9.021678199991584,-10.544660084670006,0.3797238571428575,0.7964380170403129,-0.9073996311996537,0.27353951190405185,18.286184,51.94534720014781,13,19.06505569230769,19.48976143689941,15.007152799982578,-9.977172628010457,0.21573366666666693,-0.05039320110942306,-0.7191351558600538,0.4062773788400293,0.2122390000000003,0.8085986919667947,-18.156543095207123
ZTF19abhiayh,SN Ia,0.09,15,0.4,0.6,36.89119210001081,6.018472200259566,2.6350851500007724,0.0,1.1760912590556813,0.40660111929523696,18.822691,24.950323999859393,6,19.23144483333333,10.808131611032945,9.959571700077504,-13.589181682001566,0.3517420000000001,0.9890784410432429,-0.2764600506506034,0.6643810464550477,18.868696,32.95606480026618,9,19.188143555555556,6.035767316811485,8.96692130016163,-7.298679372483502,0.15923124999999994,1.1880414980779779,0.24604426431338444,0.3737908066672973,-0.04600500000000096,0.7570783754393479,-19.108637620723655
ZTF19abgrcxs,SN Ia,0.0825,41,0.36585365853658536,0.6341463414634146,47.99936340004206,5.033356500323862,1.1999840850010515,0.0,1.6127838567197355,0.8541779952015796,19.010609,24.003576300106943,15,19.369071199999997,13.36603695681428,8.00222219992429,-8.88954749018145,0.11395057142857164,0.48534149511932845,-1.194871958358993,0.5000965636922532,18.806711,47.99936340004206,26,19.44486780769231,12.495106507957132,12.075786999892443,-6.624896995991445,0.12292767999999982,0.6761072253911271,-0.1974201282513337,0.3361521376764188,0.2038979999999988,0.5000811385778902,-18.731776816276653
ZTF19abhjhes,SN Ia,0.08,25,0.48,0.52,50.91715279966593,11.947789399884641,2.1215480333194137,0.0,1.3979400086720377,0.4909936755176151,18.601322,27.0101272999309,12,19.008619083333336,20.65284307775564,11.986030099913478,-15.4787576117746,0.22769018181818204,0.9583527144547614,-0.5019294602937774,0.797787044395558,18.588436,47.960104200057685,13,19.1691296923077,24.45660083962055,8.965752300340682,-7.5263200143756706,0.22874574999999955,0.8652079700298744,0.3530716102933664,0.22992438298239162,0.012885999999998177,0.5631790787455881,-19.074244008486748
ZTF19abgqwed,SN Ia,0.0786,12,0.4166666666666667,0.5833333333333334,25.976435199845582,6.981990700121969,2.361494109076871,0.0,1.0791812460476249,0.461957151074807,18.989216,15.997685099951923,5,19.492326399999996,0.0,0.0,-10.808160205956446,0.3105960000000003,0.4596128125381394,-1.450697137297617,0.0,18.833155,25.976435199845582,7,19.08881842857143,9.293957918384242,6.981990700121969,-8.202585347604323,0.18500933333333336,1.2389873089864407,0.31790712419306866,0.3675806734028765,0.15606099999999756,0.6158537527138066,-18.648012803724065
ZTF19abgppki,SN Ia,0.0617,13,0.38461538461538464,0.6153846153846154,39.97481490019709,10.005833400413394,3.331234575016424,0.0,1.1139433523068367,0.3252047578570753,18.522968,29.950092599727213,5,18.990993800000002,22.735670535257885,7.022233800031245,-13.322357206339504,0.5585867500000008,1.1431073700511154,-0.3322596449201405,0.3062751677502638,18.429806,39.97481490019709,8,18.8618015,21.587632088265032,10.023275500163436,-9.339443021998948,0.30598800000000076,0.8069143495627663,-0.40018263819980504,0.3346497609452479,0.09316199999999952,0.7492240470531747,-18.588573893693237
ZTF19abgsyrp,SN Ia,0.035,20,0.35,0.65,62.91472220001742,17.86777770007029,3.3113011684219695,0.0,1.3010299956639813,0.31789061924832696,18.04026,41.95854170015082,7,18.79342114285714,17.504035140642056,22.979328699875623,-23.83981271466347,0.4427601666666667,-0.1477373084051743,-1.6408324883569552,1.2107629910440663,17.593552,58.847476799972355,13,18.243789923076925,39.334361177443,8.825023099780083,-14.972701758347254,0.21258175,0.8834471302880361,-0.10087005331107601,0.1764212358048754,0.446708000000001,0.7130049405987535,-17.840196295278407
ZTF19abgrmfu,SN II,0.035,27,0.5185185185185185,0.48148148148148145,79.92637740029022,8.00346070015803,3.074091438472701,0.0,1.4313637641589874,0.33781088144127447,17.529177,76.94954870035872,14,19.291452928571427,66.74806084479877,13.03278940031305,-14.076671127981248,0.4133844615384618,-0.9499221897353818,0.4444986479754163,0.20390253734756758,17.586529,76.94342599995434,13,18.34812453846154,65.9967749548284,10.03076389990747,-11.226506345055427,0.27760625000000044,0.21777969908206996,-1.2368837166684246,0.14990830711397513,-0.05735199999999807,1.0000795740548956,-18.351279295278406
ZTF19abhduuo,SN II,0.01805,21,0.42857142857142855,0.5714285714285714,53.91938650002703,8.918483800254762,2.6959693250013514,0.0,1.3222192947339193,0.3894703067511622,19.2009,50.98218750022352,9,19.77317988888889,0.0,0.0,-2.9470128689362336,0.17262500000000003,0.6163171092575681,-0.7195938653607641,0.0,18.340456,53.89545139996335,12,18.695381,1.0583360539170679,8.023449100088328,-6.099673697098703,0.10492745454545468,0.9302738834333145,-0.4118736887686092,0.17490950248121584,0.8604440000000011,0.9459460154045243,-15.24160210473541
ZTF19abirbpd,SN Ia,0.07,20,0.4,0.6,44.93923609983176,5.938842600211501,2.3652229526227244,0.0,1.3010299956639813,0.4450453931965006,18.90059,27.957407400012016,8,19.41836675,16.340463568549744,9.001863399986178,-10.169967202047577,0.30545699999999953,0.44037676486238525,-0.6177100164543736,0.4748934348691817,18.722235,41.92313659982756,12,19.244867666666664,11.794455042777034,12.93842599960044,-8.046150853647783,0.18798509090909088,0.5485902934263022,-0.7724054319412734,0.4463879656434816,0.17835499999999982,0.6668729887001588,-18.485016273598312
ZTF19abhxllw,SN Ia,0.041,16,0.5625,0.4375,36.95341440010816,4.938518499955535,2.4635609600072104,0.0,1.2041199826559248,0.432977581631893,17.648306,36.95341440010816,9,18.678678888888886,49.23402891630114,6.9392129997722805,-26.795195644974672,0.4135808749999996,0.6737155527343526,-1.100915111220315,0.23119765564359232,17.539791,26.015057899989188,7,18.000449857142854,25.687018549893818,3.020034700166434,-28.462218903735096,0.22075933333333295,0.5115641521149281,-1.0508196508531162,0.13133427498301947,0.10851500000000058,1.4204625083737952,-18.575729357125706
ZTF19abhzdjp,SN Ia,0.1,27,0.37037037037037035,0.6296296296296297,37.05612269975245,3.9274189001880586,1.4252354884520173,0.0,1.4313637641589874,0.7286245303851061,18.889652,29.08409719960764,10,19.3498499,18.06254859970708,8.993067099712789,-8.604533297759705,0.22313199999999966,0.3803197914691276,-1.3047327146880339,0.4476160283966652,18.918243,34.08319449983537,17,19.377625117647064,9.819953993131765,9.00259259995073,-5.956552292315378,0.13875575000000007,-0.11484419401048654,-1.1015282646227298,0.35894643341841564,-0.0285909999999987,0.853326621122563,-19.270464073527027
ZTF19abhphah,SN Ia,0.09,115,0.4608695652173913,0.5391304347826087,41.952037000097334,2.975486099720001,0.36800032456225734,0.0,2.060697840353612,2.741225652516782,18.957542,36.000370300374925,53,19.595176528301888,12.870069259733915,11.010833300184458,-8.15180038664862,0.13148030769230734,0.7494176177174581,-0.7639517936772551,0.44061773934029014,18.889694,41.89243059977889,62,19.37542791935485,15.513627997637553,9.918194499798119,-5.279742708972888,0.10849670491803273,0.3844734782600904,-0.9528760002615284,0.31019332154753443,0.06784800000000146,0.8593526273112675,-18.973786620723654
ZTF19abiahik,SN Ia,0.033,22,0.45454545454545453,0.5454545454545454,28.991782399825752,6.8413426000624895,1.3805610666583692,0.0,1.3424226808222062,0.7588357175353325,18.585005,16.05805560015142,10,19.0090883,34.8058550435783,5.998958399984986,-21.187958983808695,0.2470894444444447,0.6695957262367693,-1.142553153021569,0.5963714516930734,18.20386,28.93276620004326,12,18.72366025,37.14519520207126,9.00538200000301,-19.55155061314263,0.24234918181818185,0.6175337760320149,-1.0735950304828443,0.4519098899084216,0.38114500000000007,0.5550128006815819,-17.167680772916466
ZTF19abhzelh,SN Ia,0.05352,39,0.358974358974359,0.6410256410256411,62.932742999866605,17.876678199972957,1.6561248157859634,0.0,1.591064607026499,0.6197092028879572,17.671328,34.083587899804115,14,18.49823328571429,59.79941773378617,12.053402799647301,-30.10303490579619,0.28031461538461555,0.39027977771042416,-0.7026685486894269,0.5471312539975665,17.741037,42.08313659997657,24,18.32602204166667,36.84437759255269,13.007893499918282,-19.383328827912724,0.1091027391304348,0.05359002972536569,-0.36242685529286245,0.44738726534988815,-0.06970899999999958,0.809910825416542,-19.131368597325864
ZTF19abhztqq,SN Ia,0.1,56,0.42857142857142855,0.5714285714285714,38.95715280016884,2.9750810996629298,0.7083118690939789,0.0,1.7481880270062005,1.4374767141544618,18.924753,33.958946800325066,24,19.26749116666667,9.117805911171423,11.974768500309438,-8.63398900880575,0.09650482608695592,1.2631050450900065,0.5057446376381867,0.544699389574225,18.996847,38.107685199938715,32,19.3673745,10.849022781197148,8.119305599946529,-4.2646690728034065,0.07969058064516184,0.31939231178770805,-1.3826942479888813,0.2707483934860103,-0.07209399999999988,0.89113118842442,-19.23536307352703
ZTF19abhibzk,SN Ia-91bg,0.0596,19,0.42105263157894735,0.5789473684210527,36.00158559996635,5.931469900067896,2.0000880888870194,0.0,1.2787536009528289,0.5277545331230566,18.826927,21.02895830012858,8,19.26944225,17.96330458249782,6.000080999918282,-12.564358809236472,0.22952985714285695,0.5508845851304212,-0.9555210778791281,0.39923680791740335,18.754984,36.00158559996635,11,19.210513,13.248313533474816,9.00414349976927,-7.836939006382405,0.1727999999999998,0.4796781953228756,-0.8064591390887164,0.3335183928296504,0.07194300000000098,0.5841120036709782,-18.209420372228205
ZTF19abidfsb,SN Ia,0.083,14,0.35714285714285715,0.6428571428571429,46.95327549986541,14.979699099902064,3.6117904230665703,0.0,1.146128035678238,0.2981687614113339,18.989004,23.018506899941713,5,19.2425712,7.7010514506903585,12.916134199593216,-9.295592833117949,0.26050849999999937,0.30809223422383303,-1.739199993733599,1.2785248161699334,18.89004,46.95327549986541,9,19.366118555555556,9.592183891208844,19.08503479976207,-6.374243181686295,0.3154352499999997,0.6291745022143655,-0.8013879493644227,0.684830987543871,0.09896400000000227,0.490242835135276,-18.766502535407398
ZTF19abidbya,TDE,0.117,20,0.5,0.5,43.962916700169444,5.002048599999398,2.3138377210615495,0.0,1.3010299956639813,0.4549288696289551,18.85895,43.94046299997717,10,19.2972674,11.169170398410571,5.986666699871421,-5.18965829978794,0.18409355555555568,0.9158478249081117,-0.6855256659590436,0.15773564922291425,19.082626,35.96064820000902,10,19.4309597,9.764668597775449,5.979212999809533,-3.466149272326184,0.1436128888888888,-0.14104998233253702,-1.6810532663222566,0.19943051291186187,-0.2236760000000011,1.221904086811376,-19.642095382257843
ZTF19abiahko,SN IIP,0.023,18,0.3888888888888889,0.6111111111111112,62.81284729996696,15.923101800028235,3.6948733705862917,0.0,1.255272505103306,0.2865655797139683,19.116062,37.932210699655116,7,19.744142857142858,0.0,0.0,-3.5800121054568073,0.19605633333333294,-0.3648450521906,-1.7150496396856205,0.0,18.710611,62.7709143999964,11,18.995506636363636,4.018057048858625,10.044201399665326,-2.6634261617476755,0.10437629999999949,0.597095678059941,-0.8086405666905061,0.19049549702827592,0.40545099999999934,0.6042959715058299,-15.852693253614994
ZTF19abfvnns,SLSN-I,0.14,98,0.46938775510204084,0.5306122448979592,133.7851041997783,8.979548600036651,1.3792278783482297,0.0,1.9912260756924949,0.7325180227363639,18.088034,122.76098380004987,46,19.292363739130433,14.186326547397915,37.04343750001863,-5.431365069324002,0.1385724666666665,-0.4726495303835217,-0.7046095311668483,0.432156998175823,18.26015,127.74767359998077,52,19.123733442307692,13.634311735543507,27.93831010023132,-3.8606645919328795,0.1127589215686271,-0.5389339549794231,-0.596205548450814,0.27991672444941956,-0.17211599999999905,0.9609645353265232,-20.80272225191822
ZTF19abidfxd,SN Ia,0.054,20,0.45,0.55,65.87586809974164,10.979120399802923,3.467150952617981,0.0,1.3010299956639813,0.30360131223953374,17.720558,36.885347300209105,9,18.32647411111111,29.24694182818294,5.989826400298625,-23.55623251912915,0.3344851249999996,1.4553800399219472,0.8294109227494451,0.19387361746394705,17.782452,65.87586809974164,11,18.670129545454547,45.03697266470945,15.916527799796313,-13.124509425163458,0.49483,1.0362973763279,-0.014341420231009927,0.3185896311728066,-0.06189399999999878,0.5599219921377213,-19.101526872641873
ZTF19abheamc,SN Ia,0.037,47,0.46808510638297873,0.5319148936170213,120.72612260002643,10.909895800054073,2.6244809260875313,0.0,1.6720978579357175,0.38931093774720227,16.089392,103.71090280031785,22,18.060238,245.08614812169674,8.96151620009914,-37.182257429113825,0.22476033333333353,-0.3232273567291823,-1.4352224074661228,0.09458125821870444,16.305937,120.72612260002643,25,17.808290279999998,141.5639215559281,13.038032399956137,-26.890808150301833,0.19370425,0.4624071368981067,-1.0315525073982315,0.12107218519460405,-0.216545,0.8590593366766105,-19.911732693862003
ZTF19abiszzn,SN II,0.04942,16,0.5,0.5,57.94490740029141,13.000937500037253,3.862993826686094,0.0,1.2041199826559248,0.2761243518687465,18.06497,32.95188659988344,8,19.053124625,0.0,0.0,-15.025141804066434,0.27875271428571374,-0.12046229727936097,-0.2549897766705205,0.0,18.280422,57.94490740029141,8,19.059903375,0.0,0.0,-6.110436327707837,0.24945314285714254,-0.069074757330723,-0.8138874588207097,0.0,-0.21545200000000264,0.568676145640328,-18.56465977885733
ZTF19abimkwn,SN Ia,0.059,46,0.391304347826087,0.6086956521739131,74.09967599995434,9.954050899948925,1.646659466665652,0.0,1.662757831681574,0.6207854404117549,17.54034,71.88582179974765,18,19.32322111111111,69.06361689373293,9.1268981997855,-14.438204525305638,0.2753318823529409,-0.3107531019098691,-1.6342856949725606,0.14542789576765472,17.662533,74.00046300003305,28,18.973470499999998,35.46349870905608,15.047418999951333,-12.594752507899969,0.14854725925925938,-0.5742144095234558,-1.0128485878859634,0.2552441397246676,-0.12219299999999933,0.9714239463571402,-19.474036131737748
ZTF19abimlck,SN Ia,0.04808,147,0.14965986394557823,0.8503401360544217,75.84212969988585,4.076134299859405,0.51946664178004,0.0,2.167317334748176,1.9382367106737677,17.935192,71.88782409997657,22,19.499585909090907,42.26667854343681,9.127847199793905,-9.591635047000244,0.2667703809523807,-0.3897112107743917,-1.4017676938121344,0.1454405761543124,17.795694,75.74291669996455,122,19.275105811475406,39.24676597500528,11.9875579001382,-10.354606911183128,0.09918019008264457,-1.0885357185514806,2.590320871222376,0.18802431867375594,0.13949799999999968,0.9491029291193142,-18.634746368500444
ZTF19abipmfl,SN Ia,0.077,12,0.4166666666666667,0.5833333333333334,26.932916699908674,8.829710700083524,2.4484469727189704,0.0,1.0791812460476249,0.445551446718754,19.356052,17.964918999932706,5,19.620204599999997,12.081849276472575,5.9471064996905625,-5.257790839858394,0.25391725000000065,0.2075978483490403,-1.5800450805545974,0.49485765396745335,18.797838,26.932916699908674,7,19.223190714285714,15.493354939876733,11.980567099992186,-11.138134639303594,0.3166285000000008,0.5841400930908189,-1.140285439360242,0.8012497982296442,0.5582139999999995,0.6670246375504374,-18.236517699389445
ZTF19abjamgc,SN Ia,0.07,16,0.5,0.5,44.95464120013639,7.958738399669528,2.9969760800090928,0.0,1.2041199826559248,0.35591430768557564,18.414091,41.91857639979571,8,19.349386875,24.693114339589936,13.96130790002644,-12.9192180499251,0.5322454285714286,0.27098167706710824,-1.2369553661645492,0.49938025598393715,18.427814,44.95464120013639,8,19.137548000000002,25.10956374271825,14.064166700001806,-8.507148806056186,0.4239571428571424,0.8882450481716897,0.10972636676899805,0.45529137792753976,-0.013723000000002372,0.9324638186561376,-18.971515273598314
ZTF19abjarhj,SN Ia-91T,0.108,23,0.5217391304347826,0.4782608695652174,44.94416669989005,6.032094900030643,2.0429166681768205,0.0,1.3617278360175928,0.5117460549125337,18.747272,35.95999999996275,12,19.252811666666663,11.768379538157184,14.971689799800515,-11.383406337546102,0.2183651818181822,0.8142394897971108,-0.6108393830199255,0.7133346923605498,18.78843,42.965254600159824,11,19.242281545454542,11.494306392677434,12.93807870009914,-6.605127764609157,0.18643249999999972,0.549607896071739,-0.8750454561534826,0.4308789725401047,-0.041158000000002914,0.8369553569415827,-19.57996285096178
ZTF19abimzvh,SN Ia,0.08,49,0.4489795918367347,0.5510204081632653,56.95881940005347,5.988101799972355,1.1866420708344474,0.0,1.6901960800285136,0.8602706396676825,18.769629,44.984050900209695,22,19.374338636363632,17.657810113905384,13.021527700126171,-8.074799966406244,0.18423328571428618,0.798286092434972,-0.6540102683515716,0.40739986698209557,18.762577,56.00658559985459,27,19.361898851851848,17.637732859092573,12.034710600040853,-5.460634612772875,0.1424535384615379,0.3875308760138084,-0.9154275618073071,0.27369109459380186,0.00705199999999806,0.8031921678211801,-18.90593700848675
ZTF19abkdehm,SN Ia,0.08,35,0.5142857142857142,0.4857142857142857,55.69261569995433,6.674907399807125,1.6380181088221861,0.0,1.5440680443502757,0.6284495630186158,18.55193,54.74613420013338,18,19.387855944444443,17.611527299566713,18.01049769995734,-8.987594018211423,0.24644352941176476,0.5144772325786002,-1.1814431201098956,0.4902731901724646,18.626291,52.746377300005406,17,19.37097023529412,18.63647219475688,11.997338000219315,-6.183922664127514,0.1727547500000004,-0.17206360676472507,-1.42013030726365,0.29442014355126883,-0.07436099999999968,1.037912687135914,-19.12363600848675
ZTF19abitbcj,SN Ia,0.038,56,0.5178571428571429,0.48214285714285715,86.89071760000661,8.998275499790907,1.5798312290910292,0.0,1.7481880270062005,0.644487714531152,17.134428,69.92848379956558,29,18.639984413793105,67.50357887218561,19.956041699741036,-26.176291449226675,0.245011857142857,0.3195417631471745,-1.0250951585122559,0.39934093394669423,17.240967,83.92291670013219,27,18.419053074074075,75.32192367368164,14.008217599708587,-16.526507990902587,0.2017961923076925,0.14359677647651056,-1.3034663699399456,0.20036155171872452,-0.1065390000000015,0.8332465856665756,-18.924606056611083
ZTF19abjibet,SN Ia,0.0515,95,0.4631578947368421,0.5368421052631579,71.92298609996215,4.008946800138801,0.7651381499995973,0.0,1.9777236052888478,1.320857282927106,17.538305,66.9123957999982,44,18.674959136363636,58.59512748744224,13.954803199972957,-16.934160516875284,0.1450551627906977,0.5929071782602591,-0.935555864105952,0.2635090175901672,17.656513,71.92298609996215,51,18.56352878431373,45.12516246171049,15.978738400153816,-13.381459212004293,0.11038059999999994,0.35615239122422615,-1.1733268127136531,0.28561896990543606,-0.1182079999999992,0.9303339506371442,-19.180847218732985
ZTF19abhzewi,SN Ia,0.03692,23,0.5652173913043478,0.43478260869565216,72.91086810035631,11.994502400048077,3.3141303681980143,0.0,1.3617278360175928,0.31545365731131103,16.904724,56.93424770003185,13,18.038649615384617,150.09253059048717,10.000057900324464,-34.55532555349128,0.43346366666666647,0.6851161034794396,-0.7211603228876617,0.21306552734797204,17.072,69.93980329995975,10,17.9892563,62.67706874185677,14.00363429961726,-23.34396349961699,0.36424033333333367,0.5688092503039339,-0.6823631186366512,0.25035025726433857,-0.16727599999999754,0.8140464372747902,-19.091700535296397
ZTF19abitljz,SN Ia,0.08,15,0.4666666666666667,0.5333333333333333,34.044999999925494,6.99037029966712,2.4317857142803923,0.0,1.1760912590556813,0.44059333235520126,18.632942,25.977661999873817,7,19.126411571428577,0.0,0.0,-10.02605159227388,0.24337633333333328,0.8089420767569451,-0.5786390356412081,0.0,18.595543,34.044999999925494,8,18.971991625,13.706045924680616,15.964062499813735,-10.831278524375024,0.2616814285714284,0.6701657686786643,-1.0337228985405424,0.8829222765531411,0.037399000000000626,0.7630389778214325,-19.042624008486747
ZTF19abjozed,SN Ia,0.08,26,0.46153846153846156,0.5384615384615384,53.992997700348496,8.042094900272787,2.15971990801394,0.0,1.414973347970818,0.4815439243491417,18.422913,43.04937499994412,12,19.44618608333333,26.217134957222473,12.992731499951333,-12.47986620706938,0.36473399999999984,0.18030085013352115,-1.404017995868328,0.4322748646220078,18.534313,50.955497700255364,14,19.186775285714287,21.167387023850303,9.937951399944723,-7.5685745964017475,0.20941892307692347,0.5533835173745246,-0.18088115000541993,0.24228537044083154,-0.11139999999999972,0.84484259683187,-19.252653008486746
ZTF19ablpfhz,SN Ia,0.06,28,0.4642857142857143,0.5357142857142857,65.91706020012498,11.919861199799925,2.441372600004629,0.0,1.4471580313422192,0.4247762250772663,18.461187,42.00399300036952,13,19.247587461538465,20.50402304684652,16.045879600103945,-13.692743391317384,0.33044766666666714,0.7102366002719556,-0.9368048201080397,0.6181450613410057,18.286915,62.89399310015142,15,18.90045913333333,21.35283236456706,12.936817100271583,-7.775796539691126,0.19104135714285725,0.6231254016274379,-0.5956758752295279,0.25895813446906407,0.17427199999999843,0.667853811308864,-18.58968532544525
ZTF19abjpkdz,SN Ia,0.05643,13,0.46153846153846156,0.5384615384615384,18.99141199979931,3.96884260000661,1.5826176666499425,0.0,1.1139433523068367,0.6845199293310774,19.073826,16.04649299988523,6,19.492009000000003,15.6703025633891,6.021967600099742,-14.113377718298121,0.3122245999999997,0.3852637581505633,-1.182604345949815,0.6007234617040926,18.90268,18.95920139970258,7,19.159613857142855,11.449457903842292,9.971562500111759,-9.173268574793223,0.16444099999999948,0.2677461738331665,-1.1350761913468959,1.1094752038342055,0.17114600000000024,0.846369668299265,-17.843840324877238
ZTF19abjpntj,SN II,0.05468,74,0.40540540540540543,0.5945945945945946,118.7518171002157,8.02207180019468,1.6267372205509,0.0,1.8692317197309762,0.6231483593851095,19.050581,99.73353009996936,30,19.74861276666666,13.91299509089287,5.999375000130385,-1.6634796195385617,0.1339726206896553,0.1461369541253678,-1.4181410165048514,0.06400415082144045,18.971445,118.74112269980833,44,19.27916509090909,6.69094774490043,18.954629599582404,-1.3893580011247384,0.09726600000000035,0.9685077944541204,0.20967505431244904,0.18995185631530614,0.07913600000000187,0.8399240956488813,-17.79867760300595
ZTF19abjpelp,SN Ia,0.065,12,0.5833333333333334,0.4166666666666667,32.93762730015442,5.9998727003112435,2.9943297545594927,0.0,1.0791812460476249,0.36432496763188954,18.23767,26.984131900127977,7,18.670256000000002,30.795656235056583,8.016747700050473,-17.99344470155376,0.32321666666666654,0.5653146526122262,-1.2694052571294108,0.4226596359037065,18.563248,32.91532409982756,5,18.9762464,9.18703079703268,17.93603009963408,-9.507983918608687,0.2861784999999992,-1.1402252879287236,-0.19171792498775364,1.1973882146516661,-0.32557800000000015,0.8198045329369655,-18.98701285674131
ZTF19ablojrw,SN IIn,0.0488,15,0.4,0.6,27.98638889985159,3.95768509991467,1.999027778560828,0.0,1.1760912590556813,0.5359748288240054,18.70462,21.996574100106955,6,19.293788333333328,31.983766210920802,7.060023199766874,-16.485848688126943,0.5490046000000006,0.5638504775778309,-1.4201018020819618,0.4726675687628882,18.648664,27.919016200117767,9,19.370384333333334,33.12893310997534,6.957881900016218,-12.078566258709126,0.326724,-0.14459637520972574,-1.336098536397577,0.3319420504825691,0.05595599999999834,0.7878706736097015,-17.89759518354058
ZTF19abjsmmv,SN II,0.02,51,0.5686274509803921,0.43137254901960786,87.88488420005888,8.998749999795109,1.7576976840011775,0.0,1.7075701760979363,0.5803045707371579,17.484266,83.89258099999279,29,18.371437379310347,63.448603927392355,13.931365699972957,-10.718527040799367,0.1649965357142856,0.32854987791569795,-0.07745084711181782,0.19912984130178493,17.536484,84.93813649984077,22,18.11230490909091,59.823613814967345,7.9837615001015365,-6.615628134706946,0.10107347619047603,-0.753741458400742,-0.5715609488226541,0.10374668756816738,-0.052217999999999876,0.9876903880526041,-17.181000051846933
ZTF18aaxgwpl,SN Ia,0.05453,20,0.6,0.4,34.959351799916476,8.995138899888843,1.8399658842061304,0.0,1.3010299956639813,0.5720929871488002,18.122395,22.010509199928492,12,18.744709,49.389743512604404,7.987118000164628,-22.66675007820275,0.22301727272727234,-0.0728829917389734,-1.1828796371313526,0.5695568130695178,18.120247,28.980254599824548,8,18.644166,28.52282314106731,3.976481500081718,-16.577296667242493,0.2400908571428571,0.7363453792901536,-0.918574489335501,0.15903525776766136,0.002148000000001815,0.7595002012184444,-18.720898561961132
ZTF19abinjcy,SN Ia,0.08,129,0.4418604651162791,0.5581395348837209,45.94400469958782,4.974166700150818,0.35893753671552986,0.0,2.110589710299249,2.8077656887658575,18.800823,37.96987269958481,57,19.34662863157895,20.881102914626652,10.98358799982816,-8.35435802854114,0.09889907142857167,0.7282586080690259,-0.9007684904982205,0.4070063042033794,18.8101,43.922754699829966,71,19.24892015492959,21.497417288094063,7.933622700162232,-4.507879285037548,0.06935844285714284,0.13262695709299369,-1.5021568830080925,0.22044495822337362,-0.009276999999997315,0.8644692929455948,-18.874743008486746
ZTF19abixauz,SN Ia,0.09,12,0.4166666666666667,0.5833333333333334,25.979143499862403,6.83150459965691,2.3617403181693093,0.0,1.0791812460476249,0.4619089924986772,19.049866,18.849178199656308,5,19.2401842,5.31098584045529,8.989560099784285,-9.57241907563584,0.1959142499999995,0.9006802890768331,-0.5985377236444722,0.9117554056075426,18.97349,25.979143499862403,7,19.298425714285717,14.906593260039324,9.032384300138801,-6.547097687542309,0.2360386666666662,0.41412110600680985,-1.0829048194973023,0.5329859351684255,0.07637599999999978,0.7255504093026062,-18.881462620723653
ZTF19abisbgx,SN Ia,0.085,10,0.5,0.5,28.935104199685156,11.929803299717605,3.215011577742795,0.0,1.0,0.34560096728833656,18.787903,16.97606479981914,5,19.273849600000002,23.391151415428904,9.017476900015026,-13.546409089216802,0.43672500000000003,0.8343191710708712,-0.5118111875643914,1.1330498592893563,19.021763,25.9175116000697,5,19.311227199999998,6.751633874404265,10.981678199954331,-5.935870145045265,0.21843850000000042,-0.6360306111984342,-0.9764556309990375,0.7352571433924473,-0.23385999999999996,0.6550036539685965,-19.019307702098494
ZTF19ablfcjr,SN Ia,0.0831,16,0.4375,0.5625,41.9002777999267,6.955925999674946,2.7933518533284465,0.0,1.2041199826559248,0.381859043426867,18.878193,34.898969900328666,7,19.56575728571429,24.968425200290334,8.027418999932706,-7.12475271999372,0.43296816666666693,-0.17692550039840496,-1.6486715218140107,0.29873299943452164,18.719124,39.9145601997152,9,19.194841111111113,21.2041535647854,10.044814799912274,-5.18385995869569,0.2598307499999999,0.29444388927368687,-0.9207211601895491,0.3362872587450494,0.1590689999999988,0.874341837307221,-18.879928192447583
ZTF18abugthp,SN Ia,0.06443,16,0.375,0.625,39.93650459963828,6.979409700259566,2.6624336399758857,0.0,1.2041199826559248,0.4006359635225792,18.544807,24.041979199741036,6,19.223470666666667,25.53381837811378,11.97589119989425,-19.27010517200046,0.5537204000000002,0.5746347299584608,-0.8738903533471212,0.9925247685949512,18.397432,39.89681709976867,10,18.9446839,23.956218538945844,12.0211227000691,-9.28785321258328,0.2722672222222222,0.13247352040757904,-1.3929097060030993,0.43124029585424994,0.14737500000000026,0.6026039405504465,-18.660749730258765
ZTF19abkdrir,SN Ia,0.083,26,0.5384615384615384,0.46153846153846156,30.936967599671334,3.9982292000204325,1.2374787039868533,0.0,1.414973347970818,0.8404185030816084,18.386177,29.977685199584812,14,18.896721142857146,24.062651346028293,11.9763541999273,-16.61626643348909,0.1845230769230773,0.3022331476509072,-1.262848647346358,0.6653038155986999,18.52169,26.87653939984739,12,18.8193375,17.123996806726744,8.000833400059491,-9.111103447776522,0.12446127272727284,0.33454634114288434,-1.2075072786561243,0.4238693588546778,-0.13551299999999955,1.1153848623738751,-19.3693295354074
ZTF19ablusdf,SN Ia,0.057,23,0.391304347826087,0.6086956521739131,21.015092600136995,3.0490393000654876,0.9552314818244089,0.0,1.3617278360175928,1.0944515181365446,19.17905,11.948576400056481,9,19.43251488888889,15.951548833920837,7.9136458998546,-13.596257022964808,0.17910312499999925,1.8362266839960182,2.2955112930164763,1.9612843144283785,18.754282,20.04706020001322,14,19.030597571428572,20.060146218712337,7.918321799952537,-9.998850068954354,0.11692276923076943,0.5784333171180543,-0.9017328292392812,0.6528561783402731,0.42476800000000026,0.5960263640076564,-17.76044035188949
ZTF19abjioie,SN II,0.087,18,0.4444444444444444,0.5555555555555556,42.97862259997055,6.984224500134587,2.5281542705865028,0.0,1.255272505103306,0.4188128634911705,18.981758,32.935347199905664,8,19.65154625,20.886235357370804,6.036585600115359,-6.441517074770447,0.28144257142857143,-0.3200805421748597,-1.157482892172327,0.22441871822687995,19.056404,42.97862259997055,10,19.467806100000004,21.101387287562286,5.978830999694765,-2.902756219412867,0.2622207777777774,0.3732947635438571,-1.2144026809032704,0.16159093716760828,-0.07464600000000132,0.7663192817149108,-18.87595433662012
ZTF19ablpnmk,SN Ia,0.06,26,0.34615384615384615,0.6538461538461539,36.96357640018687,4.916712999809533,1.4785430560074746,0.0,1.414973347970818,0.703395140083592,19.485785,25.980636599939317,9,19.843729444444445,8.779824935170904,10.004016200080514,-5.3219654214306304,0.2537080000000005,0.7282035905134328,-0.8124429446937733,0.6261659818974561,18.795492,36.93546300008893,17,19.320955411764704,15.100445954787718,12.95261579984799,-7.910695415046757,0.15648293750000009,0.2515020803582657,-1.3820845794757703,0.540078318962807,0.6902930000000005,0.7034062792140108,-17.565087325445248
ZTF19ablovot,SN Ia,0.04,49,0.3877551020408163,0.6122448979591837,63.85791669972241,7.008888800162822,1.3303732645775501,0.0,1.6901960800285136,0.76732850885837,17.48094,40.036782399751246,19,18.62331447368421,79.54198540856065,10.978587999939919,-31.076125172231727,0.2713008333333329,0.14925608961241613,-1.443805394499775,0.3778138396655231,17.401564,63.81498839985579,30,18.45370923333334,57.27184649608448,15.915242999792099,-19.550408296107186,0.19410727586206902,0.22799391076118655,-1.3233661524104077,0.3322615363999604,0.07937599999999989,0.6273883832570237,-18.68947603016684
ZTF19ablrkfz,SN Ia,0.103,10,0.5,0.5,27.002488399855793,5.979363400023431,3.0002764888728657,0.0,1.0,0.3703362390872615,18.95037,16.017870400100946,5,19.2007876,0.0,0.0,-7.976071694032561,0.18059225000000012,0.9278706687361101,-0.5447936135321316,0.0,18.999233,26.985706000123173,5,19.632918,13.42149780977151,14.10466430010274,-6.653525903573719,0.49286025000000055,0.5886072907241389,-0.8757852138259299,1.0949940717978086,-0.04886300000000077,0.5935686989263069,-19.273932197052893
ZTF19abjrjdw,SN II,0.0224,24,0.5416666666666666,0.4583333333333333,83.93870369996876,8.973148100078106,3.649508856520381,0.0,1.380211241711606,0.2859229287812904,18.11071,71.8460069000721,13,18.767762153846153,0.0,0.0,-5.867721597829878,0.1218357499999998,0.2683611605127407,-1.101521119772349,0.0,17.89683,83.93870369996876,11,18.192301909090904,10.174576309471533,13.121238400228322,-4.031255694639889,0.10086539999999929,0.16711570382328336,-0.9747764200588867,0.18528251956903088,0.21387999999999963,0.8559341964212254,-16.800646165197836
ZTF19abmpoxa,SN Ia,0.063,16,0.4375,0.5625,50.834386500064284,12.915254599880427,3.3889591000042856,0.0,1.2041199826559248,0.31474757740962933,18.042936,24.93991900002584,7,18.65966785714286,47.69216412199484,9.959629599936306,-21.308116035533605,0.41183966666666666,0.869733620720366,-0.13747402786006502,0.6648489447658321,18.183949,37.895613400265574,9,18.870486444444442,13.874453320924463,3.033205999992788,-12.885622844621563,0.26281312500000054,0.973971807372239,0.29581417788881836,0.08700506437111552,-0.1410129999999974,0.6581215281199554,-19.113882820794938
ZTF19abmylxw,SN Ia,0.041,104,0.5,0.5,83.7930092997849,11.994837999809533,0.813524362133834,0.0,2.0170333392987803,1.241153657913405,17.015783,83.7930092997849,52,18.46985103846154,96.61579682136208,14.88812500005588,-21.734966407672225,0.1293469803921566,0.11720062230965851,-1.4228265112348149,0.21606777445984957,17.079842,63.83694439986721,52,18.013399211538466,76.87852425514357,16.978518499992788,-26.76947319621798,0.09130880392156865,0.38801813172940286,-0.9553623408596983,0.36233650990052335,-0.06405900000000031,1.3126099641441986,-19.20825235712571
ZTF19ablesob,SN Ic-BL,0.0558,43,0.4186046511627907,0.5813953488372093,81.78609950002283,11.052615799941123,1.9472880833338768,0.0,1.6334684555795864,0.5257617157789509,18.386349,62.76969909993932,18,19.473381777777778,25.500285785545273,11.025439799763262,-7.555076831551678,0.2539125882352938,0.1172942796430106,-1.5974922855700695,0.21307561358262112,18.07234,81.70636569987983,25,19.333326239999998,27.36324893867696,16.881898100022227,-7.740261325884024,0.19820391666666648,-0.9236572556867613,-0.38268015945825473,0.2604247859655281,0.31400899999999865,0.7682351131673408,-18.506938068214925
ZTF19abnkrcd,SN Ia,0.075,11,0.45454545454545453,0.5454545454545454,36.93215279979631,8.91725690010935,3.6932152799796314,0.0,1.0413926851582251,0.2978434552577901,18.66144,26.913726899772882,5,19.178029600000002,15.021413579576583,15.931249999906868,-15.64707804387804,0.5131424999999998,0.5263305809250755,-1.0838519944713467,1.4506062835516846,18.536764,33.00855330005288,6,18.848899333333332,8.470547752314653,15.142442199867219,-8.922709688540067,0.20416239999999916,-0.01856600086157184,-1.6986957967051968,0.847551104711862,0.12467599999999734,0.8153561489085245,-18.87398239048553
ZTF19abnktws,SN Ia,0.0763,11,0.45454545454545453,0.5454545454545454,36.9988656998612,13.000937500037253,3.69988656998612,0.0,1.0413926851582251,0.2973064117487598,18.58563,16.01976849976927,5,18.8446402,14.016474394239381,2.9961804999038577,-13.013648170938806,0.20048500000000136,0.8054537870624863,-0.6459789772649596,0.23005799169436414,18.635775,36.9988656998612,6,18.995158166666666,11.385588986163414,17.968425899744034,-8.59495572051303,0.3256500000000003,0.6301185023264446,-1.107224587772864,0.9441939381576145,-0.05014500000000055,0.43297998997383774,-18.987108763301432
ZTF19abnimpq,SN Ia,0.0705,41,0.4146341463414634,0.5853658536585366,92.91763889975846,11.857523099984974,2.3229409724939614,0.0,1.6127838567197355,0.44125098835358567,17.912748,90.82076390041038,17,19.35905829411765,44.62559232992243,12.021597200073302,-8.180692363267852,0.2983131874999998,0.11004585590624177,-1.2494367140960743,0.15255995340394732,17.945942,92.91763889975846,24,19.178087166666668,30.093091010367853,18.012083400040865,-7.8928225050037755,0.21338252173913058,0.11016538952635715,-1.5786382313286085,0.24046391859558097,-0.03319399999999817,0.977432971563018,-19.488313658484024
ZTF19abmolyr,SN Ia,0.03137,51,0.49019607843137253,0.5098039215686274,73.7249075002037,8.056261499878019,1.474498150004074,0.0,1.7075701760979363,0.6917607865409542,17.106201,63.88173620030284,25,18.95626132,106.04936456724246,11.998877400066704,-25.766663368438696,0.24719862499999992,-0.696677064690193,-0.844362845414838,0.2312686246967581,17.026442,70.78479170007631,26,18.226871653846157,77.6683982628998,12.960763900075108,-23.877653724439316,0.1630905199999998,0.07621492546085058,-0.5042414122449381,0.22414149261450855,0.07975899999999925,0.902478267803308,-18.536487667015756
ZTF19ablfdwt,SN II,0.026,30,0.43333333333333335,0.5666666666666667,94.83030090015382,14.910335599910468,3.270010375867373,0.0,1.4771212547196624,0.316354579867745,18.416132,90.78905089991167,13,19.837776230769233,19.330063685043573,20.046620400156826,-5.299948141467875,0.4185903333333328,-0.5130412232870096,-1.2710719877165177,0.2833747760507931,18.04413,94.83030090015382,17,19.250569352941177,27.758175798937852,19.980937500018626,-6.854727779370847,0.3126803125000004,-0.14752522804817958,-1.1571624822764177,0.2669486631863931,0.37200200000000194,0.9573844018010957,-16.818850813381122
ZTF19abocled,SN Ia,0.075,17,0.47058823529411764,0.5294117647058824,34.026678299997,7.005173600278795,2.1266673937498126,0.0,1.2304489213782739,0.4996079796599334,19.016424,33.98462969996035,8,19.726465375,20.61365868480633,6.982581099960953,-6.974935896114761,0.3573429999999997,0.25564885651752056,-1.1887753578047013,0.2585944941955666,18.876926,30.026169000193477,9,19.22483233333333,17.197607011499954,5.9655440002679825,-5.916817811289116,0.15727574999999971,0.1047650200066923,-1.3006344913581118,0.24793803154683036,0.13949799999999968,1.1318336914623164,-18.518998390485528
ZTF19abnmrqt,SN Ia,0.08,90,0.4666666666666667,0.5333333333333333,36.98572919983417,2.854652800131589,0.4155699910093727,0.0,1.954242509439325,2.4333709770525096,18.881268,33.995219899807125,42,19.448411023809523,20.30015911146614,10.846296300180256,-9.501951871884529,0.10256736585365865,0.9654957083873381,0.28859395330299975,0.46854430416605136,18.760984,36.98187499959022,47,19.251576063829788,21.150535987953855,10.888796299695969,-5.964969405687763,0.10135717391304333,0.7311736421916305,0.25192799580463143,0.41730592334204314,0.12028399999999806,0.9192400304252776,-18.79429800848675
ZTF19abmzord,SN Ia,0.06,12,0.4166666666666667,0.5833333333333334,33.99356480035931,8.94424769980833,3.090324072759937,0.0,1.0791812460476249,0.35300799049687076,18.905293,27.923182900063694,5,19.3550744,23.20101618826317,3.0263195000588894,-8.312161151593042,0.4621579999999996,1.3428722350563196,0.05352629124412678,0.1215542476751632,18.595234,33.99356480035931,7,18.949971285714287,20.828078171636463,10.979861100204289,-6.62631919729492,0.27650666666666623,0.9459500874484601,-0.2672649852348572,0.4771010022228768,0.310058999999999,0.8214255569856724,-18.145579325445247
ZTF19abnishu,SN Ia,0.091,22,0.4090909090909091,0.5909090909090909,50.83680559974164,8.021192100364715,2.4208002666543638,0.0,1.3424226808222062,0.43275732494316693,18.431015,33.979004699736834,9,19.02042422222222,34.562667657763654,9.984004700090736,-10.66505344274324,0.35331887500000025,1.0458734447929856,0.3482395973424084,0.41608688061004334,18.450857,46.87643519975245,13,18.980344692307693,16.004322168367203,14.03560179984197,-8.238355803970347,0.16498025000000016,0.017838370808607756,-1.4350042740841467,0.42738263152238487,-0.01984200000000058,0.7248632400254761,-19.524308035132496
ZTF19abomiel,SN Ia,0.066,20,0.55,0.45,29.91466430015862,4.006030099932104,1.574456015797822,0.0,1.3010299956639813,0.6685684251483962,18.606228,23.869247700087726,11,19.309831545454543,21.453342184127216,12.861354200169444,-21.149375508989124,0.26932999999999935,0.40581012701315206,-0.9900333562545951,1.1683756024951477,18.668587,28.028900399804115,9,19.087821777777776,17.449046070086126,11.175474499817938,-9.352884785163186,0.19945087500000058,-0.0829555005665159,-1.4747252388152559,0.6630980885510704,-0.06235899999999717,0.8515941531639444,-18.65160775123637
ZTF19abopflp,SN Ia,0.07,59,0.3728813559322034,0.6271186440677966,71.70353010017425,7.000868000090122,1.2362677603478318,0.0,1.7708520116421442,0.8228325706917549,17.932247,56.88581019965932,22,18.74678927272727,40.466022835412474,14.93740739999339,-14.359488631823123,0.24164642857142837,0.9342646598555283,-0.3194618545781185,0.3560900154251487,18.108572,71.70353010017425,37,19.06244435135135,33.389326022146975,15.050046300049871,-8.450140387839882,0.16232238888888884,0.2911423810274048,-0.9488367691887798,0.2656508530551625,-0.1763249999999985,0.7933474142791344,-19.453359273598313
ZTF19abopyyu,SN Ia,0.07,27,0.4444444444444444,0.5555555555555556,59.89421289972961,7.0801504999399185,2.3036235730665235,0.0,1.4313637641589874,0.4507948045865695,18.297062,52.93855319963768,12,19.247809583333336,32.38861216163186,9.040300899650902,-9.836657498210062,0.32556827272727257,0.7627225550555967,-0.8392893329825046,0.20593760402743014,18.257853,59.89421289972961,15,19.02006953333333,28.72810186842879,15.019571700133383,-8.99647115218777,0.28590764285714293,0.8145772816388204,-0.30764543061296834,0.3347006527211749,0.039208999999999605,0.8838675831380142,-19.088544273598313
ZTF19abnoxud,SN Ia,0.05677,10,0.5,0.5,30.97763890028,8.94424769980833,3.441959877808889,0.0,1.0,0.3228134988657774,18.933407,27.923182900063694,5,19.486243,24.516913928363593,3.0263195000588894,-8.548161454856503,0.5209650000000012,1.2834340294395028,0.00419302105020547,0.1215542476751632,18.552551,30.92584490031004,5,18.876858,15.60494213675051,7.91214120015502,-8.291497540935842,0.296716749999999,0.3954826583521136,-1.0488854836975356,0.3438012978372414,0.38085599999999786,0.902907680940473,-17.99730354465409
ZTF19abornyn,SN Ia,0.06,15,0.5333333333333333,0.4666666666666667,39.94339119968936,5.996736099943519,2.853099371406383,0.0,1.1760912590556813,0.37553145963522133,18.20657,33.86103009991348,8,19.08011425,32.66854093418923,8.915833299979568,-16.00859384373136,0.351739428571429,-0.253344794427915,-1.3931272966304467,0.357416835452795,18.151148,39.94339119968936,7,18.778765571428575,28.620140277055157,15.143784699961543,-12.826973486203041,0.4387486666666671,0.586141154748299,-0.8221510488941752,0.6106461689272268,0.05542200000000008,0.8477254705448449,-18.84430232544525
ZTF19abormur,SN II,0.0564,25,0.48,0.52,60.93902779975906,12.000937500037253,2.539126158323294,0.0,1.3979400086720377,0.41024612473549904,19.2295,36.977789300028235,12,19.639333333333333,0.0,0.0,-3.9259400338139785,0.18676690909090835,0.9965773801688236,-0.10758529756683766,0.0,18.986187,60.93902779975906,13,19.525302,18.04206873787015,11.098205999936908,-2.793327476413545,0.3235869166666667,1.5620042905535632,2.447498352175505,0.22267301379000357,0.24331300000000056,0.6067997904648954,-17.687011593443742
ZTF19abovstj,SN II,0.04457,13,0.5384615384615384,0.46153846153846156,55.955219900235534,11.97559029981494,4.662934991686295,0.0,1.1139433523068367,0.23232863749223295,18.21885,40.9769791001454,7,18.54078785714286,3.991735284185689,7.0002083000727,-9.013311446385744,0.17308366666666686,0.9927201857472482,-0.41325543468298065,0.20602924101479714,18.31312,55.955219900235534,6,18.60645,32.50924197304643,7.084583400283009,-3.8176926606548442,0.28803359999999856,0.5612554240620116,-1.193389753835777,0.14496605544087585,-0.09427000000000163,0.7323173632988066,-18.186479243957915
ZTF19abowcic,SN Ia,0.083,52,0.4807692307692308,0.5192307692307693,42.84188660001382,6.8637500000186265,0.8400369921571338,0.0,1.7160033436347992,1.213765408733966,18.72711,30.97991900006309,25,19.2453736,19.923687822772774,13.003333400003612,-11.872589086628562,0.1251446666666669,0.9923095153049831,-0.0026879592734654345,0.7233483426330186,18.742706,38.95663189981133,27,19.14844740740741,19.370701869166762,6.987488399725407,-6.305842259019226,0.0951146153846155,0.5746923183719497,-0.6569140650670717,0.2185697718084511,-0.015595999999998611,0.7952412077034086,-19.0283965354074
ZTF19abpbopt,SLSN-I,0.1075,80,0.525,0.475,91.8481365996413,5.911909700371325,1.1626346405017884,0.0,1.9030899869919435,0.8710029725340387,17.076195,87.91630779998377,42,18.328185523809523,48.24086627279832,28.08113419963047,-22.754121534783845,0.14217892682926841,0.12714857394631318,-1.5074988198891195,0.4693081428523617,17.245728,88.87583339959383,38,18.364725210526313,42.84344700735784,25.93768520001322,-16.58807703078594,0.1734277027027025,-0.14382879199459603,-1.2646152786179938,0.4121138918444705,-0.16953300000000127,0.9892037513134089,-21.240963394785155
ZTF19aboxjlj,SN Ia,0.07,25,0.4,0.6,56.75689810002223,5.95950230024755,2.3648707541675926,0.0,1.3979400086720377,0.44047509354621,18.748375,41.7870139000006,10,19.621477499999997,10.629973111676764,19.914791599847376,-11.536910025517571,0.32539966666666703,-0.20091471977683265,-1.4370929106020507,0.9105060897130632,18.31898,46.796157400123775,15,19.254829400000002,20.957497974387753,5.95950230024755,-9.203941183533251,0.17369428571428586,-0.2739824088616123,0.37467646538973787,0.14593512337560705,0.4293949999999995,0.892958230367224,-18.637231273598314
ZTF19abpbmli,SN Ia,0.037,11,0.5454545454545454,0.45454545454545453,31.002673600334674,6.061793999746442,3.1002673600334676,0.0,1.0413926851582251,0.3548081091909846,17.971132,20.979432800319046,6,18.531846166666668,52.602705694020635,8.981180500239134,-32.1093545713854,0.47964679999999904,0.4483747396160874,-1.2291049166587067,0.7485407270673343,17.982304,27.915451400447637,5,18.292913,12.86735408400297,14.908205999992788,-20.871454343470983,0.24588175000000057,-0.20157863933324577,-1.7393441155051905,1.1461462854749758,-0.011171999999998405,0.7515347862145848,-18.029992693862003
ZTF19abpbqor,SN Ia,0.053,15,0.6,0.4,36.954988500103354,8.89738419977948,2.639642035721668,0.0,1.1760912590556813,0.40589919274249125,18.589989,36.954988500103354,9,19.239113666666665,21.119672330109246,11.99052090011537,-11.258139252935612,0.3571080000000002,0.25667159942009865,-1.4601945506371348,0.4803034894331631,18.331076,28.01988420030102,6,18.576129166666668,5.077902230273159,12.99807870015502,-11.354062326219726,0.13242520000000013,-0.06795499460488477,-1.6659220112734525,0.8652807214171884,0.2589129999999997,1.3188844120814154,-18.19150642153097
ZTF19abpmetl,SN Ia,0.068,23,0.43478260869565216,0.5652173913043478,36.02751149982214,11.904074100311846,1.6376141590828246,0.0,1.3617278360175928,0.6384010175144499,18.64898,30.971724499948323,10,19.050072600000004,14.096414559995555,6.029803199693561,-11.133137356194917,0.23687099999999953,1.727991937705636,1.9825954324593456,0.24175375774407445,18.655224,35.903136500157416,13,18.988231,7.228955615013924,7.949305499903858,-6.643662293751149,0.11532283333333293,0.8552503428922076,-0.7813451978916199,0.2843726679120208,-0.006243999999998806,0.8626467634606946,-18.67368063705821
ZTF19abozuxh,SN Ia,0.063,13,0.38461538461538464,0.6153846153846154,30.01582180010155,4.931249999906868,2.501318483341796,0.0,1.1139433523068367,0.4331049166861731,19.150064,18.95565970009193,5,19.5666622,15.428736526105233,7.001203699968755,-8.811081149313434,0.3630602499999993,-0.2205943910199744,-1.5732638023130097,0.5856564029259564,18.790894,30.01582180010155,8,19.172567500000003,15.426507001915667,9.977152800187469,-7.442553050965443,0.2135479999999999,0.05312889518148665,-1.2482100680158785,0.4978949849528553,0.3591699999999989,0.6315222627030588,-18.00675482079494
ZTF19abpbbxx,SN Ia,0.073,22,0.36363636363636365,0.6363636363636364,72.85126159992069,10.862129600252956,3.4691076952343187,0.0,1.3424226808222062,0.30198516150369525,18.28683,49.95181709993631,8,19.316740625,31.57223360423335,11.9755903002806,-11.302273789554205,0.571905714285715,0.25761692208736714,-1.384269391388772,0.3153443959416519,18.33503,72.83291669981554,14,19.266614,29.60458095078126,11.980416699778289,-6.402654300227019,0.285504846153846,0.40696800159452073,-1.0048071185744796,0.19687632718082174,-0.04820000000000135,0.685841228984625,-19.189900374129305
ZTF19abpgggu,SN Ia,0.0491,24,0.4166666666666667,0.5833333333333334,68.65302089974284,13.037187499925494,2.9849139521627324,0.0,1.380211241711606,0.34958403411043343,18.168304,46.940821800380945,10,18.872662899999995,42.22592318196604,8.943252300377935,-12.755756148666082,0.41898100000000027,1.271098335147227,0.8123602026779473,0.23536379873921218,18.021366,68.65302089974284,14,18.954367142857144,45.5939067465269,11.979097299743444,-8.900650698683208,0.39658469230769267,0.4226655351900378,-0.5924872924347873,0.21136876607116664,0.14693799999999868,0.6837400770598395,-18.447219534141873
ZTF19abnacvf,SLSN-I,0.19,30,0.4666666666666667,0.5333333333333333,65.0361110996455,6.975763900205493,2.2426245206774307,0.0,1.4771212547196624,0.461282193734421,18.453709,64.92317129997537,14,19.19900892857143,10.080916714574032,33.9848726997152,-10.781330357180869,0.28103246153846145,0.4040417332011395,-1.1302000401818373,1.0984725805002544,18.466494,65.0361110996455,16,18.985283312500002,9.06936673104315,37.03866899991408,-8.505110282270918,0.1942023333333329,1.0954472477443997,0.3273245143149457,1.3229304615748951,-0.012785000000000935,0.9982634293816078,-21.100175078291176
ZTF19abpidqn,SN IIn,0.01458,16,0.5,0.5,17.0302199004218,3.98467590007931,1.1353479933614532,0.0,1.2041199826559248,0.9395063653642968,18.138569,17.000127300154418,8,18.667643124999998,30.22511788920933,7.0168519001454115,-39.80353630376082,0.2696012857142855,0.7265397157697847,-0.9867398662930058,0.7028606964142331,18.074974,13.09356479998678,8,18.24036875,25.034745466007106,7.156724600121379,-29.039364523079563,0.11986557142857025,0.6338107725034078,-1.2191838192040256,1.2054770482593813,0.0635949999999994,1.2983574419833765,-15.840334693436805
ZTF19abplfxs,SN Ia,0.0485,30,0.5666666666666667,0.43333333333333335,57.96045129979029,6.941388899926096,1.9986362517169067,0.0,1.4771212547196624,0.5175943134885242,17.79737,53.959328699857,17,19.02268735294118,42.39189771804548,10.941377399954945,-16.40736584532721,0.2524060625000002,0.22841442906464882,-1.3519053894820245,0.25434445549664886,17.868477,51.87947909999639,13,18.585834153846154,40.113192964334566,14.988310100045055,-14.781152659944357,0.29947075000000023,0.7845465377747258,0.0925149822979634,0.4062844986035771,-0.07110699999999781,1.040090024725417,-18.79145476653835
ZTF19abpelgt,SN Ia,0.0769,15,0.4,0.6,30.01627320004627,5.9195717996917665,2.1440195142890195,0.0,1.1760912590556813,0.4997289270400456,19.086226,21.008634299971163,6,19.595458166666667,10.301483011576428,8.94609950017184,-12.809531525545038,0.3480330000000002,0.5685177432000748,-0.4985671603946473,0.741643414808691,18.96069,30.01627320004627,9,19.439204333333333,19.524530978550278,9.017870400100946,-6.152523564085205,0.24596462500000005,0.634873843272869,-0.07365042019112833,0.4294550631310124,0.12553600000000031,0.6999081518200859,-18.50352177253418
ZTF19abpfxfs,SN Ia,0.054,14,0.42857142857142855,0.5714285714285714,32.033125000074506,6.0340392999351025,2.46408653846727,0.0,1.146128035678238,0.4370475874572786,18.860964,21.00422460027039,6,19.438080999999997,22.127281536813545,9.035879700444639,-14.19439058976684,0.4579433999999999,0.2394854153697024,-1.2433836711520296,0.7549815597790963,18.591158,32.016180499922484,8,19.08935925,21.81312067298029,11.991932800039649,-11.316296977141395,0.3441759999999999,0.728751804356387,-0.8242228711140598,0.5988705782994193,0.2698059999999991,0.6560502930798146,-17.961120872641875
ZTF19abpxttd,SN Ia,0.076,13,0.46153846153846156,0.5384615384615384,44.96318279998377,13.926365700084716,3.7469318999986476,0.0,1.1139433523068367,0.28912543975878624,18.555483,30.95825230004266,6,19.11437433333333,8.400883391972506,8.9868981000036,-13.738913922258085,0.39566580000000046,1.018693573536124,-0.23127399704924922,0.40902795604595116,18.589975,41.81197910010815,7,19.093324571428575,20.070249229364006,2.991678200196475,-7.0261137028354534,0.2791808333333338,0.846402736300889,-0.32244584974228774,0.0770647864865798,-0.03449200000000019,0.7404158560856686,-19.00870103493099
ZTF19abqqrgy,SN Ib,0.0296,20,0.35,0.65,101.77532409969717,26.921944399829954,5.356596005247219,0.0,1.3010299956639813,0.1965112877499499,18.436272,33.81328700017184,7,18.949146857142857,14.154368521940563,8.916608800180256,-13.39794330104809,0.3467760000000002,1.267437620080903,0.43382615401480074,0.3581445174554761,18.080614,101.77532409969717,13,19.051043076923083,30.55468276738468,13.979120399802923,-5.353838701580723,0.2676400833333335,-0.371659306972052,-1.1542018579123858,0.15922237876692794,0.35565799999999825,0.3322346285731204,-17.080302628821723
ZTF19abqwsuf,SN II,0.04,28,0.21428571428571427,0.7857142857142857,52.02672460023314,4.960104200057685,1.9269157259345606,0.0,1.4471580313422192,0.5381849465855963,18.940065,27.788495399989188,6,19.652505833333333,0.0,0.0,-7.040349298337702,0.29004699999999983,0.10552513317569753,-1.276763872551565,0.0,18.407133,52.02672460023314,22,19.452973999999994,28.401496439580853,8.938020899891853,-7.869561911905182,0.15845014285714246,-0.6848883887302534,-0.36840809335949487,0.20743304235956997,0.5329319999999989,0.5341196397334739,-17.23035103016684
ZTF19abpztlw,SN Ia,0.065,22,0.3181818181818182,0.6818181818181818,56.02466439967975,8.997546299826354,2.6678411618895117,0.0,1.3424226808222062,0.3926841907173612,18.44588,40.89612259995192,7,19.060800142857143,21.568204830566977,13.998055499978364,-12.802309237132246,0.5445900000000007,0.8965914266701877,-0.8301735701344071,0.5204112045654062,18.433079,56.02466439967975,15,19.03958253333333,22.85513959958705,13.991134299896657,-7.498793846240031,0.2149435714285714,0.6243077701478275,-0.6786027039743421,0.3328565139944993,0.012800999999999618,0.729966400301823,-18.77880285674131
ZTF19abpxiff,SN II,0.055,16,0.375,0.625,62.90228009968996,11.984988399781287,4.193485339979331,0.0,1.2041199826559248,0.2543627985288066,18.865093,38.966273200232536,6,19.475972499999997,0.0,0.0,-5.128720853995528,0.2633613999999994,0.23026981682550648,-0.9280676745557406,0.0,18.783987,62.90228009968996,10,19.3259544,14.734303077606977,3.0012269001454115,-3.2331058448758023,0.1625152222222223,-0.2077982935280743,-1.3000023074711415,0.050103073983484334,0.0811060000000019,0.619473143715574,-17.996836520998244
ZTF19abqanpy,SN Ia,0.043,198,0.1111111111111111,0.8888888888888888,82.98320600017905,5.988703700248152,0.42123454822425915,0.0,2.296665190261531,2.3860249506336593,17.58138,78.81069439975545,22,19.242235727272725,52.90290248357879,14.982071700040251,-13.515903920071088,0.2678365714285716,-0.5386971137834712,-1.3620660542928325,0.23472340568155642,17.531715,82.98320600017905,172,19.62544597674419,40.77740189961726,20.037685200106353,-13.519083562209909,0.1140798011695907,-2.5261377877786315,5.84206889848452,0.3183337741179387,0.04966500000000096,0.949718602093843,-18.746078351424966
ZTF19abqgtqo,SN II,0.036,127,0.41732283464566927,0.5826771653543307,117.64465270005167,18.92226850008592,0.9336877198416799,0.0,2.103803720955957,1.0795220784390502,19.054993,98.72149300016463,53,19.39562203773586,4.537355976674343,25.76031249994412,-2.0027836835022943,0.08685819230769215,1.3514029762619628,0.5934829061988487,0.35306874591847187,18.651493,94.76687500020489,72,19.009166305555556,5.631369474028601,23.795601800084114,-2.8053379569840358,0.0648806760563377,0.9344979126011294,0.30809661677947364,0.3352849783740898,0.4035000000000011,1.041729961022258,-16.886635577363467
ZTF19abqykei,SN IIb,0.0355,33,0.5151515151515151,0.48484848484848486,79.9646528000012,14.897523100022227,2.4988954000000376,0.0,1.5185139398778875,0.41268233956490713,19.00278,76.84766199998558,17,19.442726117647055,31.871930013357805,2.9984837998636067,-1.6218379892584778,0.23553674999999963,0.6505988431040222,-0.3410946282307621,0.04060280524365611,18.30942,79.9646528000012,16,18.869910875,8.900641638255665,31.992627299856395,-4.729490002855004,0.20541586666666684,-0.04215439067437618,-1.0838571930119634,0.6669017404687201,0.693360000000002,0.961020392249917,-16.908477838802497
ZTF19abqhikf,SN Ia,0.04,25,0.52,0.48,70.89436340006068,9.016238499898463,2.9539318083358617,0.0,1.3979400086720377,0.3526373438029715,16.450796,70.89436340006068,13,17.451887461538462,114.9463020566108,19.9423378999345,-48.01139939413413,0.43645425,0.7682530955223745,-1.047760770694171,0.3913944088421983,16.622618,53.94821759965271,12,17.427191666666666,42.55057120970244,3.9866897999309003,-36.10877345673191,0.16864772727272737,0.06114811707813429,-1.5439660465760996,0.07979519393226199,-0.1718219999999988,1.3141187337488063,-19.71962003016684
ZTF19abqlrtb,SN Ia,0.057,20,0.45,0.55,58.00729160010815,7.00414349976927,3.053015347374113,0.0,1.3010299956639813,0.34478424088261883,18.134504,47.96394670009613,9,19.20694922222222,34.662303661193356,13.986655100248754,-14.530355259752659,0.5708990000000003,0.3511391136613171,-1.3535019881253856,0.41164714553974574,18.129578,55.03925919998437,11,18.913779090909088,28.845534837675984,14.053425900172442,-10.81472196870839,0.3099936000000003,0.30138349760097777,-1.1127157593188277,0.3428849621617167,0.004926000000001096,0.8714497142089033,-18.80498635188949
ZTF19abqmjdq,SN Ia,0.067,21,0.47619047619047616,0.5238095238095238,34.81800929969177,6.939849500078708,1.7409004649845883,0.0,1.3222192947339193,0.6031361477115208,18.461536,22.966967599932104,10,18.9010395,30.58951127771356,9.009004699997604,-17.1407740087498,0.23773388888888924,0.5847140553174968,-0.9579563136225548,0.6454383612124288,18.466557,29.840509299654514,11,19.028005909090908,15.587787476156262,6.037766200024635,-10.462986880440926,0.19095730000000052,-0.09844072449739931,-1.1463485151760107,0.2536584197356026,-0.005021000000002829,0.7696573597086029,-18.82895408703116
ZTF19abqmsnk,SN IIb,0.03561,13,0.5384615384615384,0.46153846153846156,48.97107640001923,11.989351800177246,4.080923033334936,0.0,1.1139433523068367,0.26546281919167486,18.663317,36.98172459984198,7,19.529927285714287,17.957622035611724,15.002141200006008,-11.8733604243138,0.5391766666666667,-0.2111169487808884,-1.500546554293778,0.6825489331211785,18.504353,48.88303240016103,6,19.088042,14.117477250370499,20.97589119989425,-9.106985008382562,0.5207182000000004,0.4444804269828548,-1.38979904601566,0.7516316719569158,0.158964000000001,0.7565349935148491,-17.254658941898292
ZTF19abqsojs,SN Ia-91T,0.063,15,0.5333333333333333,0.4666666666666667,42.934930600225925,10.972500000149012,3.0667807571589947,0.0,1.1760912590556813,0.34936588438135424,17.851034,31.962430600076914,8,18.389272875,50.523650605285475,8.97385419998318,-21.536818518966125,0.3314558571428573,0.25655371956431194,-1.6368924677961478,0.39036145796077176,18.115662,36.962534700054675,7,18.389354285714283,6.012411345187439,9.987534699961543,-13.981672341858205,0.22698366666666617,1.68300474906533,1.299516263227897,0.3702515180695852,-0.26462800000000186,0.8647250752538255,-19.30578482079494
ZTF19abqqmui,SN Ia,0.05,19,0.3684210526315789,0.631578947368421,61.8260995997116,10.979872700292617,3.4347833110950887,0.0,1.2787536009528289,0.30731357991227104,17.950409,28.94956019986421,7,18.63214842857143,0.0,0.0,-19.004363000124894,0.32389699999999993,0.661740768649854,-0.8646917441493951,0.0,17.94753,61.8260995997116,12,18.929802249999998,32.50004535086741,15.018148200120777,-11.374308861389697,0.29427772727272744,-0.04478935522833387,-1.0143706150331244,0.3208460902702967,0.002879000000000076,0.46824173588979323,-18.70455709520712
ZTF19abpzuzd,SN Ia,0.064,40,0.35,0.65,73.7341088000685,8.003830999601632,1.8906181743607307,0.0,1.6020599913279623,0.5424897737417671,17.646536,60.74784730002284,14,18.852680785714284,34.941271698866814,8.987511599902064,-15.851843790417961,0.28190899999999997,0.547079262573282,-1.1832270772617384,0.1736370423092347,17.75841,73.7341088000685,26,18.987659884615386,45.29325961982092,15.080856500193477,-11.828461546124212,0.20674779999999998,-0.2437111353132131,-1.2791006805769465,0.25711884522771145,-0.11187400000000025,0.8238771484272203,-19.544479943446465
ZTF19abqrrto,SN Ia-91T,0.04,190,0.13157894736842105,0.868421052631579,96.79246519971639,8.87518520001322,0.5121294455011449,0.0,2.278753600952829,1.9629627121074371,17.691465,86.76407410018146,25,19.29008996,57.36688878569048,9.028495400212705,-9.80120385173392,0.2226113333333335,-0.49515646820225206,-1.3536024020115829,0.11614367000546089,17.518667,96.79246519971639,160,19.56824665625,47.37171791214234,17.044907399918884,-10.951354235180707,0.14126574213836482,-2.3536865254343304,5.818767623292905,0.2137357916678693,0.17279800000000023,0.8963928537325412,-18.47895103016684
ZTF19abqsvgf,SN Ia,0.05365,28,0.5714285714285714,0.42857142857142855,44.96483789989725,6.878981499932706,1.665364366662861,0.0,1.4471580313422192,0.6227087944214291,18.262669,38.08585639996454,16,18.9008703125,36.74537822369336,11.007893499918282,-14.332720521429195,0.257330466666667,0.8296025337655044,-0.3164277573152998,0.40652590966876156,17.962648,41.81986110005528,12,18.493262833333333,35.61270246089634,10.843310200143605,-12.604943875604478,0.178248727272727,-0.2924439370430036,-1.5837612268060557,0.35004898496218717,0.30002099999999743,0.9107121687669641,-18.545295705036875
ZTF19abpyqog,SN II,0.031,53,0.37735849056603776,0.6226415094339622,76.90924769965932,8.03270830027759,1.4790239942242176,0.0,1.724275869600789,0.6891238906271966,18.93096,23.103842599783093,19,19.13317952631579,5.059415918405954,4.106516199652106,-3.885394374046367,0.05840138888888882,0.5092616638465277,-1.2026453399468977,0.2161628490851108,18.854168,76.90924769965932,33,19.121207090909095,13.857037428012005,5.084768499713391,-1.9296980546967712,0.06971859374999978,1.1157596702903314,0.15024992489535727,0.07079436643819367,0.07679199999999753,0.30040396039246964,-16.685964542698393
ZTF19abqviuy,SN Ia,0.056,30,0.4666666666666667,0.5333333333333333,60.82277779979631,13.850717599969357,2.0973371655102175,0.0,1.4771212547196624,0.4932362691284459,18.078302,34.80555550009012,14,18.804611071428575,27.05919578377538,6.966794000007212,-17.79259233820026,0.19631684615384598,0.5359113349023188,-1.457421030996027,0.2502551702950745,18.157576,60.82277779979631,16,18.7832679375,29.464980321915395,9.104884299915284,-8.713135785698482,0.17556906666666686,0.8855754149179902,0.15648859335025733,0.17604901676701562,-0.07927399999999807,0.5722454113269171,-18.82275420855803
ZTF19abqrhvy,SN II,0.03201,172,0.4883720930232558,0.5116279069767442,133.7733448999934,10.958124999888241,0.7823002625730607,0.0,2.2355284469075487,1.2857568907212733,17.811531,118.74436340015382,84,18.607877595238097,26.46681504976831,6.0333217000588775,-5.465567373649839,0.07200281927710858,0.18542227054483149,-1.038482931752106,0.05352910956242005,17.74254,120.77050920017064,86,18.02137172093024,13.701815464880637,21.84269669977948,-4.583480783161784,0.04037597647058813,0.9493415437595928,0.6053715825932313,0.2207942958376151,0.06899099999999692,0.9832231741553843,-17.87501344424769
ZTF19abqxhhr,SN Ia,0.086,17,0.35294117647058826,0.6470588235294118,46.89569450030103,9.941134300082922,2.9309809062688146,0.0,1.2304489213782739,0.3625066262722876,18.796083,40.86891199974343,6,19.227699833333332,7.81928632070415,2.9332291996106505,-6.497956655861833,0.38153080000000017,1.5894943476449102,0.8003370808979517,0.07732111255423044,18.51502,46.89569450030103,11,19.049571818181818,15.808276153494068,9.065451400354505,-7.709996458897633,0.19675849999999998,0.8733774091490148,-0.30548907620093324,0.23963502894770766,0.2810629999999996,0.8714853769674119,-19.036525329744872
ZTF19abqysic,SN Ia-pec,0.02665,40,0.475,0.525,89.83468749979511,9.83986120019108,2.303453525635772,0.0,1.6020599913279623,0.4452623047204481,16.302925,87.02646990027279,19,17.745105105263157,148.573080305475,18.01400460023433,-41.194788769950236,0.3159668333333337,0.04668829178924541,-1.583006952677185,0.2610253745017901,16.306837,89.83468749979511,21,17.648039571428573,145.3699791850886,19.02141199959442,-38.98513577621461,0.2863398499999999,0.16727382722902462,-1.373846752860574,0.2686136443376428,-0.003912000000003246,0.9687401639870041,-18.985677140339984
ZTF19abqyoxt,SN II,0.02,51,0.4117647058823529,0.5882352941176471,120.00409730011597,15.84442130010575,2.4000819460023193,0.0,1.7075701760979363,0.4249854892242143,18.477423,87.94665509974584,21,19.041338666666665,0.45150813547745977,2.9998841998167336,-3.0892261685117974,0.07467479999999985,-0.2552486399630498,-1.0261355592778776,0.035314870336280633,18.313597,120.00409730011597,30,18.57198783333333,6.052115167429186,24.976481500081718,-2.4313274198367556,0.07243662068965505,1.1125661849470458,-0.09262528413084281,0.2628339276936033,0.16382600000000025,0.7328637694744848,-16.187843051846933
ZTF19abqyoxj,SN IIP,0.0379,37,0.32432432432432434,0.6756756756756757,90.01682880008593,6.994502400048077,2.5004674666690536,0.0,1.568201724066995,0.4110342531858296,18.624739,70.04364580009133,12,19.439786416666664,0.0,0.0,-3.941555952199936,0.155199545454545,-0.23689177111485663,-0.723843910216158,0.0,18.265963,90.01682880008593,25,18.660028880000002,1.155669336139438,10.01715279975906,-3.4802432357210282,0.06443595833333389,0.12264490650426618,-1.0619690957516448,0.12521491711689095,0.3587760000000024,0.778117233563603,-17.42857312336739
ZTF19abqjypm,SN Ia,0.082,11,0.5454545454545454,0.45454545454545453,35.91456020018086,10.907858799677342,3.591456020018086,0.0,1.0413926851582251,0.30628246423423017,18.395887,29.897812499664724,6,18.98688083333333,26.537292187396524,5.878275399561971,-15.016259131814257,0.4717628000000012,1.0576121357222645,-0.20761453895828286,0.24472892108885916,18.491428,35.91456020018086,5,19.004001,13.39146976249888,17.893194500356913,-10.216041780747389,0.413450000000001,-0.18547341387323574,-1.2501121543427929,0.9928878198466232,-0.09554100000000076,0.83247051705548,-19.333298335445615
ZTF19abrirmk,SN Ib,0.065,16,0.5,0.5,45.98159720003605,8.002939900383353,3.0654398133357366,0.0,1.2041199826559248,0.347965294254447,18.127739,30.902291599661112,8,18.589174875,27.186865960579112,13.959375000093132,-22.58839942534529,0.35293071428571465,0.6978878578658324,-1.195817219135289,0.8239062571109556,18.006924,38.02173610031605,8,18.7455475,22.777130598870276,6.085069400258362,-14.213423603285634,0.2384444285714282,-0.1685720518377286,-1.213094069990061,0.1905355201094725,0.12081499999999679,0.8127533029562067,-19.096943856741312
ZTF19abqykyd,SN Ia,0.08,20,0.45,0.55,52.938703699968755,7.023993100039661,2.7862475631562504,0.0,1.3010299956639813,0.37779542380467857,18.287954,42.936203700024635,9,19.15914788888889,39.879722843126224,8.97136570001021,-12.26647645041787,0.45009900000000025,0.3815146597644417,-1.4533097738608232,0.2641368611858652,18.258322,46.94615740003064,11,18.91621672727273,12.798547546229274,10.018136600032449,-9.428770252279959,0.19467570000000087,-0.07015356334893408,-0.9334215515208162,0.2712882083307573,0.029631999999999437,0.9145839846733996,-19.387612008486748
ZTF19abrlvij,SN II,0.045,78,0.358974358974359,0.6410256410256411,72.84854169981554,6.9719559997320175,0.9460849571404616,0.0,1.8920946026904804,1.0707146386184625,19.102652,56.87616899982095,28,19.60183675,11.507865697973585,6.998518500011414,-3.025753405547691,0.08886562962962961,0.4259875004550546,-1.0810982675084937,0.14031371626131706,18.927576,72.84854169981554,50,19.416769799999997,14.349340366907414,11.000023200176656,-1.9297659751253606,0.11465487755102051,0.0003692465395570062,-0.29154144221723666,0.17785427148494887,0.17507600000000068,0.7807454709826396,-17.32352664240375
ZTF19abrmlxu,SN Ia,0.065,18,0.3333333333333333,0.6666666666666666,45.03928239969537,7.00934029975906,2.649369552923257,0.0,1.255272505103306,0.399651127659213,18.269,27.83245369978249,6,18.785957166666662,25.61616804530925,10.986435200087726,-22.28310684375135,0.49589500000000086,0.8998180055060289,-0.6749845016727667,0.6521680597873493,18.151278,45.03928239969537,12,18.765200333333333,21.28329509009936,14.022152800112963,-13.807223338333957,0.2309141818181815,0.5865280253791834,-0.5305620849000188,0.4520777061298976,0.117721999999997,0.6179595281467172,-18.955682856741312
ZTF19abqxibq,SN Ib,0.082,37,0.43243243243243246,0.5675675675675675,111.68711800035089,19.93809030018747,3.1024199444541916,0.0,1.568201724066995,0.3312826104070816,18.481474,74.70545140001923,16,19.157780624999997,9.85771502101857,13.957349499687552,-4.727326258058634,0.1655660666666672,0.4114599162340187,-1.4560921867353678,0.22975778770153388,18.077929,111.68711800035089,21,18.786918523809526,14.100718752782166,23.97097220038995,-5.737825974614488,0.16818715000000015,0.9597125694893822,0.8984111954172871,0.27327890414903094,0.4035449999999976,0.668881539228047,-19.247711335445615
ZTF19abrogbl,SN Ia,0.0358,52,0.5576923076923077,0.4423076923076923,55.91126159997657,6.938992999959737,1.0962992470583641,0.0,1.7160033436347992,0.9300451914685787,17.442177,43.920775400009006,29,18.625768448275863,61.757248106310364,12.938715199939907,-31.327801803634497,0.17024639285714294,0.3145728494222806,-1.249308857118041,0.41761958747698286,17.346,55.91126159997657,23,18.294083826086954,64.22302627955592,13.018587999977171,-23.619055120327502,0.20541181818181833,0.32375253271184495,-1.004061387130346,0.30351542366846895,0.09617700000000085,0.7855443455067272,-18.487354206746396
ZTF19abqmpsr,SN Ia,0.033,35,0.42857142857142855,0.5714285714285714,81.83343749959022,7.088206000160426,2.406865808811477,0.0,1.5440680443502757,0.4276980299180914,17.355574,77.79950229963288,15,18.5860612,79.64160327376993,12.95407409965992,-16.890235742532667,0.4300649999999998,0.3791354816552088,-1.4837667193264312,0.19976850271867466,17.236944,74.85214119963348,20,18.640097700000002,57.713051287628126,6.034895800054073,-17.01658458855949,0.19626347368421043,0.022565151622038135,-1.4816972727917754,0.08769452722225579,0.11862999999999957,1.039375775398845,-18.397111772916464
ZTF19abqshry,SN Ic-BL,0.03082,14,0.5714285714285714,0.42857142857142855,59.93631949974224,13.984490799717605,4.610486115364788,0.0,1.146128035678238,0.23358124283991458,18.927912,42.972661999985576,8,19.728406500000002,24.135829505979608,9.012060199864209,-5.929336828505111,0.4729537142857149,0.2649615328497324,-1.324928069153526,0.2653680948560812,18.481495,47.9584143999964,6,18.993915166666667,10.940278168503111,10.040706000290811,-7.472610800754559,0.32993760000000094,0.6289012011404715,-1.3449069811483718,0.2648025533201466,0.4464170000000003,0.8960400909332149,-16.67636724543903
ZTF19abrsssx,SN Ia,0.037,19,0.2631578947368421,0.7368421052631579,64.86162039963529,10.048391199670732,3.6034233555352935,0.0,1.2787536009528289,0.29293131875112444,17.043962,56.72236110037193,5,18.4911152,106.34807442715915,11.900787000078708,-30.557878602825475,1.1081944999999997,-0.37990202717756144,-1.652949871359594,0.2655147044467779,16.99037,64.86162039963529,14,17.819808642857147,87.9794897892399,14.933483799919486,-25.99697759230842,0.2834582307692311,0.2568793158173747,-1.138194554083739,0.2990995622296966,0.05359200000000186,0.8745134757794437,-18.957162693862003
ZTF19abrtjsf,SN IIP,0.05374,13,0.38461538461538464,0.6153846153846154,40.94418979994953,8.97829859983176,3.4120158166624606,0.0,1.1139433523068367,0.31750536678139435,18.424967,24.984143499750644,5,19.1072888,0.0,0.0,-12.616986142954685,0.36453325000000003,0.01533330550100399,-1.437564162224361,0.0,18.34708,40.94418979994953,8,18.684042,11.009675607049672,5.9792245998978615,-7.431706542576401,0.15386185714285766,0.7074492322680274,-0.8737377737850789,0.17100616476200659,0.07788700000000048,0.6101999727390245,-18.386637384012776
ZTF19abrbmvt,SN II,0.039,68,0.38235294117647056,0.6176470588235294,110.68586809979752,19.94637729972601,1.6520278820865302,0.0,1.8325089127062364,0.6143512371307354,18.827374,70.87496529985219,26,19.30141726923077,1.5765393004145989,17.80052089970559,-3.8827047950132787,0.0860963200000009,0.6211846143530338,-0.7402257633527638,0.33538779540490904,18.649399,87.7688079001382,41,18.92900112195122,3.7700147014745493,19.79763890011236,-2.4486091180652374,0.07046779999999986,0.604060654173353,-0.25243575563980825,0.291265240709702,0.177975,0.8075188326642476,-17.28806510865953
ZTF19abtnftd,SN Ia,0.08,30,0.5,0.5,41.83526619989425,6.9999768999405205,1.44259538620325,0.0,1.4771212547196624,0.7170983413050647,18.832603,24.847534699831158,15,19.271274133333335,18.183841209787502,10.996458299923688,-11.628041607760014,0.16879578571428638,0.7555813269767946,-0.6649526150366087,0.7939064071581576,18.886106,40.83673609979451,15,19.352652866666666,15.637964857617275,10.975659700110555,-6.082067887781398,0.1710114999999998,0.31750439112399653,-1.2979717441702272,0.36755740326315633,-0.05350300000000274,0.6084603490129612,-18.84296300848675
ZTF19abszdld,SN Ia,0.088,47,0.574468085106383,0.425531914893617,55.967256899923086,8.018703700043261,1.2166794978244149,0.0,1.6720978579357175,0.8397767302414385,18.524137,43.124166700057685,27,19.17654377777778,19.89345477728464,16.09046299988404,-11.005880022923858,0.16816330769230825,0.5794915806297792,-0.8255312290050125,0.5952000946056343,18.45416,49.974409699905664,20,18.9027087,15.526333441389028,11.986238499637693,-7.260670407084595,0.2015695789473686,0.41778318658336205,0.08229405158361391,0.3155255470564253,0.06997699999999796,0.8629249841872387,-19.35839243427787
